Linux 6.8.0-60-generic (beast-node6.tp.int.percona.com) 	06/24/2026 	_x86_64_	(80 CPU)

Device            r/s     rMB/s   rrqm/s  %rrqm r_await rareq-sz     w/s     wMB/s   wrqm/s  %wrqm w_await wareq-sz     d/s     dMB/s   drqm/s  %drqm d_await dareq-sz     f/s f_await  aqu-sz  %util
loop0            0.00      0.00     0.00   0.00    0.00     1.27    0.00      0.00     0.00   0.00    0.00     0.00    0.00      0.00     0.00   0.00    0.00     0.00    0.00    0.00    0.00   0.00
nvme0n1       17362.72    271.29     0.05   0.00    0.10    16.00 19183.60    335.02   289.42   1.49    0.08    17.88    0.04      2.53     0.00   0.00    0.31 59906.85    0.00    0.00    1.34  46.08
sda             11.97      0.07     0.87   6.77    0.20     6.18   28.33      0.39    42.45  59.97    0.52    14.02    0.04      0.38     0.00   0.00    0.31  9514.97    9.67    0.05    0.02   0.34


Device            r/s     rMB/s   rrqm/s  %rrqm r_await rareq-sz     w/s     wMB/s   wrqm/s  %wrqm w_await wareq-sz     d/s     dMB/s   drqm/s  %drqm d_await dareq-sz     f/s f_await  aqu-sz  %util
loop0            0.00      0.00     0.00   0.00    0.00     0.00    0.00      0.00     0.00   0.00    0.00     0.00    0.00      0.00     0.00   0.00    0.00     0.00    0.00    0.00    0.00   0.00
nvme0n1       11238.00    175.59     0.00   0.00    0.17    16.00 4199.00     63.70  1297.00  23.60    0.03    15.53    0.00      0.00     0.00   0.00    0.00     0.00    0.00    0.00    1.99 463.60
sda              0.00      0.00     0.00   0.00    0.00     0.00    0.00      0.00     0.00   0.00    0.00     0.00    0.00      0.00     0.00   0.00    0.00     0.00    0.00    0.00    0.00   0.00


Device            r/s     rMB/s   rrqm/s  %rrqm r_await rareq-sz     w/s     wMB/s   wrqm/s  %wrqm w_await wareq-sz     d/s     dMB/s   drqm/s  %drqm d_await dareq-sz     f/s f_await  aqu-sz  %util
loop0            0.00      0.00     0.00   0.00    0.00     0.00    0.00      0.00     0.00   0.00    0.00     0.00    0.00      0.00     0.00   0.00    0.00     0.00    0.00    0.00    0.00   0.00
nvme0n1       13657.00    213.39     0.00   0.00    0.17    16.00 4121.00     48.28  1527.00  27.04    0.03    12.00    0.00      0.00     0.00   0.00    0.00     0.00    0.00    0.00    2.40  96.60
sda              0.00      0.00     0.00   0.00    0.00     0.00    4.00      0.21    49.00  92.45    0.25    53.00    0.00      0.00     0.00   0.00    0.00     0.00    2.00    0.00    0.00   0.10


Device            r/s     rMB/s   rrqm/s  %rrqm r_await rareq-sz     w/s     wMB/s   wrqm/s  %wrqm w_await wareq-sz     d/s     dMB/s   drqm/s  %drqm d_await dareq-sz     f/s f_await  aqu-sz  %util
loop0            0.00      0.00     0.00   0.00    0.00     0.00    0.00      0.00     0.00   0.00    0.00     0.00    0.00      0.00     0.00   0.00    0.00     0.00    0.00    0.00    0.00   0.00
nvme0n1       13766.00    215.09     0.00   0.00    0.17    16.00 3983.00     45.65  1493.00  27.26    0.03    11.74    0.00      0.00     0.00   0.00    0.00     0.00    0.00    0.00    2.41  97.70
sda              0.00      0.00     0.00   0.00    0.00     0.00   58.00      0.48    16.00  21.62    0.19     8.41    0.00      0.00     0.00   0.00    0.00     0.00    0.00    0.00    0.01   0.10


Device            r/s     rMB/s   rrqm/s  %rrqm r_await rareq-sz     w/s     wMB/s   wrqm/s  %wrqm w_await wareq-sz     d/s     dMB/s   drqm/s  %drqm d_await dareq-sz     f/s f_await  aqu-sz  %util
loop0            0.00      0.00     0.00   0.00    0.00     0.00    0.00      0.00     0.00   0.00    0.00     0.00    0.00      0.00     0.00   0.00    0.00     0.00    0.00    0.00    0.00   0.00
nvme0n1       13808.00    215.75     0.00   0.00    0.17    16.00 3949.00     45.16  1499.00  27.51    0.03    11.71    0.00      0.00     0.00   0.00    0.00     0.00    0.00    0.00    2.41  96.10
sda              0.00      0.00     0.00   0.00    0.00     0.00    0.00      0.00     0.00   0.00    0.00     0.00    0.00      0.00     0.00   0.00    0.00     0.00    0.00    0.00    0.00   0.00


Device            r/s     rMB/s   rrqm/s  %rrqm r_await rareq-sz     w/s     wMB/s   wrqm/s  %wrqm w_await wareq-sz     d/s     dMB/s   drqm/s  %drqm d_await dareq-sz     f/s f_await  aqu-sz  %util
loop0            0.00      0.00     0.00   0.00    0.00     0.00    0.00      0.00     0.00   0.00    0.00     0.00    0.00      0.00     0.00   0.00    0.00     0.00    0.00    0.00    0.00   0.00
nvme0n1       12991.00    202.98     0.00   0.00    0.17    16.00 5872.00    101.23  1510.00  20.46    0.04    17.65    0.00      0.00     0.00   0.00    0.00     0.00    0.00    0.00    2.45  93.60
sda              0.00      0.00     0.00   0.00    0.00     0.00    0.00      0.00     0.00   0.00    0.00     0.00    0.00      0.00     0.00   0.00    0.00     0.00    0.00    0.00    0.00   0.00


Device            r/s     rMB/s   rrqm/s  %rrqm r_await rareq-sz     w/s     wMB/s   wrqm/s  %wrqm w_await wareq-sz     d/s     dMB/s   drqm/s  %drqm d_await dareq-sz     f/s f_await  aqu-sz  %util
loop0            0.00      0.00     0.00   0.00    0.00     0.00    0.00      0.00     0.00   0.00    0.00     0.00    0.00      0.00     0.00   0.00    0.00     0.00    0.00    0.00    0.00   0.00
nvme0n1       12450.00    194.55     0.00   0.00    0.17    16.00 6934.00    131.66  1499.00  17.78    0.04    19.44    0.00      0.00     0.00   0.00    0.00     0.00    0.00    0.00    2.40  92.90
sda              0.00      0.00     0.00   0.00    0.00     0.00    7.00      0.05     0.00   0.00    0.14     8.00    0.00      0.00     0.00   0.00    0.00     0.00    0.00    0.00    0.00   0.00


Device            r/s     rMB/s   rrqm/s  %rrqm r_await rareq-sz     w/s     wMB/s   wrqm/s  %wrqm w_await wareq-sz     d/s     dMB/s   drqm/s  %drqm d_await dareq-sz     f/s f_await  aqu-sz  %util
loop0            0.00      0.00     0.00   0.00    0.00     0.00    0.00      0.00     0.00   0.00    0.00     0.00    0.00      0.00     0.00   0.00    0.00     0.00    0.00    0.00    0.00   0.00
nvme0n1       12330.00    192.64     0.00   0.00    0.17    16.00 6768.00    127.51  1485.00  17.99    0.04    19.29    0.00      0.00     0.00   0.00    0.00     0.00    0.00    0.00    2.38  92.40
sda              0.00      0.00     0.00   0.00    0.00     0.00    2.00      0.14    34.00  94.44    0.50    72.00    0.00      0.00     0.00   0.00    0.00     0.00    2.00    0.00    0.00   0.00


Device            r/s     rMB/s   rrqm/s  %rrqm r_await rareq-sz     w/s     wMB/s   wrqm/s  %wrqm w_await wareq-sz     d/s     dMB/s   drqm/s  %drqm d_await dareq-sz     f/s f_await  aqu-sz  %util
loop0            0.00      0.00     0.00   0.00    0.00     0.00    0.00      0.00     0.00   0.00    0.00     0.00    0.00      0.00     0.00   0.00    0.00     0.00    0.00    0.00    0.00   0.00
nvme0n1       12494.00    195.22     0.00   0.00    0.17    16.00 6751.00    127.23  1459.00  17.77    0.04    19.30    0.00      0.00     0.00   0.00    0.00     0.00    0.00    0.00    2.40  93.30
sda              0.00      0.00     0.00   0.00    0.00     0.00    1.00      0.00     0.00   0.00    0.00     4.00    0.00      0.00     0.00   0.00    0.00     0.00    0.00    0.00    0.00   0.00


Device            r/s     rMB/s   rrqm/s  %rrqm r_await rareq-sz     w/s     wMB/s   wrqm/s  %wrqm w_await wareq-sz     d/s     dMB/s   drqm/s  %drqm d_await dareq-sz     f/s f_await  aqu-sz  %util
loop0            0.00      0.00     0.00   0.00    0.00     0.00    0.00      0.00     0.00   0.00    0.00     0.00    0.00      0.00     0.00   0.00    0.00     0.00    0.00    0.00    0.00   0.00
nvme0n1       12807.00    200.11     0.00   0.00    0.17    16.00 6028.00    105.40  1515.00  20.08    0.04    17.91    0.00      0.00     0.00   0.00    0.00     0.00    0.00    0.00    2.40  94.10
sda              0.00      0.00     0.00   0.00    0.00     0.00   24.00      0.33    12.00  33.33    0.25    14.00    0.00      0.00     0.00   0.00    0.00     0.00    0.00    0.00    0.01   0.10


Device            r/s     rMB/s   rrqm/s  %rrqm r_await rareq-sz     w/s     wMB/s   wrqm/s  %wrqm w_await wareq-sz     d/s     dMB/s   drqm/s  %drqm d_await dareq-sz     f/s f_await  aqu-sz  %util
loop0            0.00      0.00     0.00   0.00    0.00     0.00    0.00      0.00     0.00   0.00    0.00     0.00    0.00      0.00     0.00   0.00    0.00     0.00    0.00    0.00    0.00   0.00
nvme0n1       12842.00    200.66     0.00   0.00    0.17    16.00 5982.00    104.12  1511.00  20.17    0.04    17.82    0.00      0.00     0.00   0.00    0.00     0.00    0.00    0.00    2.40  93.30
sda              0.00      0.00     0.00   0.00    0.00     0.00    0.00      0.00     0.00   0.00    0.00     0.00    0.00      0.00     0.00   0.00    0.00     0.00    0.00    0.00    0.00   0.00


Device            r/s     rMB/s   rrqm/s  %rrqm r_await rareq-sz     w/s     wMB/s   wrqm/s  %wrqm w_await wareq-sz     d/s     dMB/s   drqm/s  %drqm d_await dareq-sz     f/s f_await  aqu-sz  %util
loop0            0.00      0.00     0.00   0.00    0.00     0.00    0.00      0.00     0.00   0.00    0.00     0.00    0.00      0.00     0.00   0.00    0.00     0.00    0.00    0.00    0.00   0.00
nvme0n1       12663.00    197.86     0.00   0.00    0.17    16.00 6202.00    111.70  1536.00  19.85    0.04    18.44    0.00      0.00     0.00   0.00    0.00     0.00    0.00    0.00    2.40  93.80
sda              0.00      0.00     0.00   0.00    0.00     0.00    0.00      0.00     0.00   0.00    0.00     0.00    0.00      0.00     0.00   0.00    0.00     0.00    0.00    0.00    0.00   0.00


Device            r/s     rMB/s   rrqm/s  %rrqm r_await rareq-sz     w/s     wMB/s   wrqm/s  %wrqm w_await wareq-sz     d/s     dMB/s   drqm/s  %drqm d_await dareq-sz     f/s f_await  aqu-sz  %util
loop0            0.00      0.00     0.00   0.00    0.00     0.00    0.00      0.00     0.00   0.00    0.00     0.00    0.00      0.00     0.00   0.00    0.00     0.00    0.00    0.00    0.00   0.00
nvme0n1       12788.00    199.81     0.00   0.00    0.17    16.00 6053.00    106.10  1491.00  19.76    0.04    17.95    0.00      0.00     0.00   0.00    0.00     0.00    0.00    0.00    2.40  93.90
sda              0.00      0.00     0.00   0.00    0.00     0.00    2.00      0.11    27.00  93.10    0.50    58.00    0.00      0.00     0.00   0.00    0.00     0.00    2.00    0.00    0.00   0.00


Device            r/s     rMB/s   rrqm/s  %rrqm r_await rareq-sz     w/s     wMB/s   wrqm/s  %wrqm w_await wareq-sz     d/s     dMB/s   drqm/s  %drqm d_await dareq-sz     f/s f_await  aqu-sz  %util
loop0            0.00      0.00     0.00   0.00    0.00     0.00    0.00      0.00     0.00   0.00    0.00     0.00    0.00      0.00     0.00   0.00    0.00     0.00    0.00    0.00    0.00   0.00
nvme0n1       12665.00    197.89     0.00   0.00    0.17    16.00 6177.00    110.26  1483.00  19.36    0.04    18.28    0.00      0.00     0.00   0.00    0.00     0.00    0.00    0.00    2.41  93.80
sda              0.00      0.00     0.00   0.00    0.00     0.00    0.00      0.00     0.00   0.00    0.00     0.00    0.00      0.00     0.00   0.00    0.00     0.00    0.00    0.00    0.00   0.00


Device            r/s     rMB/s   rrqm/s  %rrqm r_await rareq-sz     w/s     wMB/s   wrqm/s  %wrqm w_await wareq-sz     d/s     dMB/s   drqm/s  %drqm d_await dareq-sz     f/s f_await  aqu-sz  %util
loop0            0.00      0.00     0.00   0.00    0.00     0.00    0.00      0.00     0.00   0.00    0.00     0.00    0.00      0.00     0.00   0.00    0.00     0.00    0.00    0.00    0.00   0.00
nvme0n1       12709.00    198.58     0.00   0.00    0.17    16.00 6319.00    114.12  1515.00  19.34    0.04    18.49    0.00      0.00     0.00   0.00    0.00     0.00    0.00    0.00    2.44  94.10
sda              0.00      0.00     0.00   0.00    0.00     0.00   28.00      0.32    11.00  28.21    0.18    11.86    0.00      0.00     0.00   0.00    0.00     0.00    0.00    0.00    0.01   0.10


Device            r/s     rMB/s   rrqm/s  %rrqm r_await rareq-sz     w/s     wMB/s   wrqm/s  %wrqm w_await wareq-sz     d/s     dMB/s   drqm/s  %drqm d_await dareq-sz     f/s f_await  aqu-sz  %util
loop0            0.00      0.00     0.00   0.00    0.00     0.00    0.00      0.00     0.00   0.00    0.00     0.00    0.00      0.00     0.00   0.00    0.00     0.00    0.00    0.00    0.00   0.00
nvme0n1       12725.00    198.83     0.00   0.00    0.17    16.00 6294.00    114.55  1496.00  19.20    0.04    18.64    0.00      0.00     0.00   0.00    0.00     0.00    0.00    0.00    2.40  92.20
sda              0.00      0.00     0.00   0.00    0.00     0.00    0.00      0.00     0.00   0.00    0.00     0.00    0.00      0.00     0.00   0.00    0.00     0.00    0.00    0.00    0.00   0.00


Device            r/s     rMB/s   rrqm/s  %rrqm r_await rareq-sz     w/s     wMB/s   wrqm/s  %wrqm w_await wareq-sz     d/s     dMB/s   drqm/s  %drqm d_await dareq-sz     f/s f_await  aqu-sz  %util
loop0            0.00      0.00     0.00   0.00    0.00     0.00    0.00      0.00     0.00   0.00    0.00     0.00    0.00      0.00     0.00   0.00    0.00     0.00    0.00    0.00    0.00   0.00
nvme0n1       12702.00    198.47     0.00   0.00    0.17    16.00 6390.00    116.52  1531.00  19.33    0.04    18.67    0.00      0.00     0.00   0.00    0.00     0.00    0.00    0.00    2.42  94.00
sda              0.00      0.00     0.00   0.00    0.00     0.00    0.00      0.00     0.00   0.00    0.00     0.00    0.00      0.00     0.00   0.00    0.00     0.00    0.00    0.00    0.00   0.00


Device            r/s     rMB/s   rrqm/s  %rrqm r_await rareq-sz     w/s     wMB/s   wrqm/s  %wrqm w_await wareq-sz     d/s     dMB/s   drqm/s  %drqm d_await dareq-sz     f/s f_await  aqu-sz  %util
loop0            0.00      0.00     0.00   0.00    0.00     0.00    0.00      0.00     0.00   0.00    0.00     0.00    0.00      0.00     0.00   0.00    0.00     0.00    0.00    0.00    0.00   0.00
nvme0n1       12754.00    199.30     0.00   0.00    0.17    16.00 6340.00    114.05  1544.00  19.58    0.04    18.42    0.00      0.00     0.00   0.00    0.00     0.00    0.00    0.00    2.45  94.10
sda              0.00      0.00     0.00   0.00    0.00     0.00    2.00      0.13    31.00  93.94    0.50    66.00    0.00      0.00     0.00   0.00    0.00     0.00    2.00    0.00    0.00   0.00


Device            r/s     rMB/s   rrqm/s  %rrqm r_await rareq-sz     w/s     wMB/s   wrqm/s  %wrqm w_await wareq-sz     d/s     dMB/s   drqm/s  %drqm d_await dareq-sz     f/s f_await  aqu-sz  %util
loop0            0.00      0.00     0.00   0.00    0.00     0.00    0.00      0.00     0.00   0.00    0.00     0.00    0.00      0.00     0.00   0.00    0.00     0.00    0.00    0.00    0.00   0.00
nvme0n1       12739.00    199.03     0.00   0.00    0.17    16.00 6600.00    121.82  1532.00  18.84    0.04    18.90    0.00      0.00     0.00   0.00    0.00     0.00    0.00    0.00    2.46  94.60
sda              0.00      0.00     0.00   0.00    0.00     0.00    0.00      0.00     0.00   0.00    0.00     0.00    0.00      0.00     0.00   0.00    0.00     0.00    0.00    0.00    0.00   0.00


Device            r/s     rMB/s   rrqm/s  %rrqm r_await rareq-sz     w/s     wMB/s   wrqm/s  %wrqm w_await wareq-sz     d/s     dMB/s   drqm/s  %drqm d_await dareq-sz     f/s f_await  aqu-sz  %util
loop0            0.00      0.00     0.00   0.00    0.00     0.00    0.00      0.00     0.00   0.00    0.00     0.00    0.00      0.00     0.00   0.00    0.00     0.00    0.00    0.00    0.00   0.00
nvme0n1       12880.00    201.25     0.00   0.00    0.17    16.00 6277.00    114.16  1520.00  19.49    0.04    18.62    0.00      0.00     0.00   0.00    0.00     0.00    0.00    0.00    2.44  92.90
sda              0.00      0.00     0.00   0.00    0.00     0.00   25.00      0.33    14.00  35.90    0.20    13.44    0.00      0.00     0.00   0.00    0.00     0.00    0.00    0.00    0.01   0.10


Device            r/s     rMB/s   rrqm/s  %rrqm r_await rareq-sz     w/s     wMB/s   wrqm/s  %wrqm w_await wareq-sz     d/s     dMB/s   drqm/s  %drqm d_await dareq-sz     f/s f_await  aqu-sz  %util
loop0            0.00      0.00     0.00   0.00    0.00     0.00    0.00      0.00     0.00   0.00    0.00     0.00    0.00      0.00     0.00   0.00    0.00     0.00    0.00    0.00    0.00   0.00
nvme0n1       12742.00    199.09     0.00   0.00    0.17    16.00 6468.00    121.19  1481.00  18.63    0.05    19.19    0.00      0.00     0.00   0.00    0.00     0.00    0.00    0.00    2.46  93.80
sda              0.00      0.00     0.00   0.00    0.00     0.00    1.00      0.00     0.00   0.00    0.00     4.00    0.00      0.00     0.00   0.00    0.00     0.00    0.00    0.00    0.00   0.00


Device            r/s     rMB/s   rrqm/s  %rrqm r_await rareq-sz     w/s     wMB/s   wrqm/s  %wrqm w_await wareq-sz     d/s     dMB/s   drqm/s  %drqm d_await dareq-sz     f/s f_await  aqu-sz  %util
loop0            0.00      0.00     0.00   0.00    0.00     0.00    0.00      0.00     0.00   0.00    0.00     0.00    0.00      0.00     0.00   0.00    0.00     0.00    0.00    0.00    0.00   0.00
nvme0n1       12826.00    200.41     0.00   0.00    0.17    16.00 6463.00    118.59  1517.00  19.01    0.04    18.79    0.00      0.00     0.00   0.00    0.00     0.00    0.00    0.00    2.47  94.60
sda              0.00      0.00     0.00   0.00    0.00     0.00    0.00      0.00     0.00   0.00    0.00     0.00    0.00      0.00     0.00   0.00    0.00     0.00    0.00    0.00    0.00   0.00


Device            r/s     rMB/s   rrqm/s  %rrqm r_await rareq-sz     w/s     wMB/s   wrqm/s  %wrqm w_await wareq-sz     d/s     dMB/s   drqm/s  %drqm d_await dareq-sz     f/s f_await  aqu-sz  %util
loop0            0.00      0.00     0.00   0.00    0.00     0.00    0.00      0.00     0.00   0.00    0.00     0.00    0.00      0.00     0.00   0.00    0.00     0.00    0.00    0.00    0.00   0.00
nvme0n1       12990.00    202.97     0.00   0.00    0.17    16.00 6515.00    118.18  1547.00  19.19    0.04    18.57    0.00      0.00     0.00   0.00    0.00     0.00    0.00    0.00    2.48  95.00
sda              0.00      0.00     0.00   0.00    0.00     0.00   62.00      0.41    43.00  40.95    0.18     6.77    0.00      0.00     0.00   0.00    0.00     0.00    2.00    0.00    0.01   0.10


Device            r/s     rMB/s   rrqm/s  %rrqm r_await rareq-sz     w/s     wMB/s   wrqm/s  %wrqm w_await wareq-sz     d/s     dMB/s   drqm/s  %drqm d_await dareq-sz     f/s f_await  aqu-sz  %util
loop0            0.00      0.00     0.00   0.00    0.00     0.00    0.00      0.00     0.00   0.00    0.00     0.00    0.00      0.00     0.00   0.00    0.00     0.00    0.00    0.00    0.00   0.00
nvme0n1       13015.00    203.36     0.00   0.00    0.17    16.00 6549.00    120.18  1507.00  18.71    0.04    18.79    0.00      0.00     0.00   0.00    0.00     0.00    0.00    0.00    2.43  94.70
sda              0.00      0.00     0.00   0.00    0.00     0.00    0.00      0.00     0.00   0.00    0.00     0.00    0.00      0.00     0.00   0.00    0.00     0.00    0.00    0.00    0.00   0.00


Device            r/s     rMB/s   rrqm/s  %rrqm r_await rareq-sz     w/s     wMB/s   wrqm/s  %wrqm w_await wareq-sz     d/s     dMB/s   drqm/s  %drqm d_await dareq-sz     f/s f_await  aqu-sz  %util
loop0            0.00      0.00     0.00   0.00    0.00     0.00    0.00      0.00     0.00   0.00    0.00     0.00    0.00      0.00     0.00   0.00    0.00     0.00    0.00    0.00    0.00   0.00
nvme0n1       13041.00    203.78     0.00   0.00    0.17    16.00 6766.00    126.34  1544.00  18.58    0.04    19.12    0.00      0.00     0.00   0.00    0.00     0.00    0.00    0.00    2.41  94.40
sda              0.00      0.00     0.00   0.00    0.00     0.00   25.00      0.33    14.00  35.90    0.20    13.44    0.00      0.00     0.00   0.00    0.00     0.00    0.00    0.00    0.01   0.10


Device            r/s     rMB/s   rrqm/s  %rrqm r_await rareq-sz     w/s     wMB/s   wrqm/s  %wrqm w_await wareq-sz     d/s     dMB/s   drqm/s  %drqm d_await dareq-sz     f/s f_await  aqu-sz  %util
loop0            0.00      0.00     0.00   0.00    0.00     0.00    0.00      0.00     0.00   0.00    0.00     0.00    0.00      0.00     0.00   0.00    0.00     0.00    0.00    0.00    0.00   0.00
nvme0n1       13128.00    205.11     0.00   0.00    0.17    16.00 6720.00    125.29  1570.00  18.94    0.04    19.09    0.00      0.00     0.00   0.00    0.00     0.00    0.00    0.00    2.43  94.90
sda              0.00      0.00     0.00   0.00    0.00     0.00    0.00      0.00     0.00   0.00    0.00     0.00    0.00      0.00     0.00   0.00    0.00     0.00    0.00    0.00    0.00   0.00


Device            r/s     rMB/s   rrqm/s  %rrqm r_await rareq-sz     w/s     wMB/s   wrqm/s  %wrqm w_await wareq-sz     d/s     dMB/s   drqm/s  %drqm d_await dareq-sz     f/s f_await  aqu-sz  %util
loop0            0.00      0.00     0.00   0.00    0.00     0.00    0.00      0.00     0.00   0.00    0.00     0.00    0.00      0.00     0.00   0.00    0.00     0.00    0.00    0.00    0.00   0.00
nvme0n1       13027.00    203.55     0.00   0.00    0.17    16.00 6684.00    123.91  1527.00  18.60    0.04    18.98    0.00      0.00     0.00   0.00    0.00     0.00    0.00    0.00    2.42  94.60
sda              0.00      0.00     0.00   0.00    0.00     0.00    0.00      0.00     0.00   0.00    0.00     0.00    0.00      0.00     0.00   0.00    0.00     0.00    0.00    0.00    0.00   0.00


Device            r/s     rMB/s   rrqm/s  %rrqm r_await rareq-sz     w/s     wMB/s   wrqm/s  %wrqm w_await wareq-sz     d/s     dMB/s   drqm/s  %drqm d_await dareq-sz     f/s f_await  aqu-sz  %util
loop0            0.00      0.00     0.00   0.00    0.00     0.00    0.00      0.00     0.00   0.00    0.00     0.00    0.00      0.00     0.00   0.00    0.00     0.00    0.00    0.00    0.00   0.00
nvme0n1       13042.00    203.78     0.00   0.00    0.17    16.00 6793.00    126.16  1566.00  18.73    0.04    19.02    0.00      0.00     0.00   0.00    0.00     0.00    0.00    0.00    2.42  94.50
sda              0.00      0.00     0.00   0.00    0.00     0.00    3.00      0.15    36.00  92.31    0.33    52.00    0.00      0.00     0.00   0.00    0.00     0.00    2.00    0.00    0.00   0.00


Device            r/s     rMB/s   rrqm/s  %rrqm r_await rareq-sz     w/s     wMB/s   wrqm/s  %wrqm w_await wareq-sz     d/s     dMB/s   drqm/s  %drqm d_await dareq-sz     f/s f_await  aqu-sz  %util
loop0            0.00      0.00     0.00   0.00    0.00     0.00    0.00      0.00     0.00   0.00    0.00     0.00    0.00      0.00     0.00   0.00    0.00     0.00    0.00    0.00    0.00   0.00
nvme0n1       13035.00    203.67     0.00   0.00    0.17    16.00 6698.00    123.45  1565.00  18.94    0.04    18.87    0.00      0.00     0.00   0.00    0.00     0.00    0.00    0.00    2.43  95.10
sda              0.00      0.00     0.00   0.00    0.00     0.00    0.00      0.00     0.00   0.00    0.00     0.00    0.00      0.00     0.00   0.00    0.00     0.00    0.00    0.00    0.00   0.00


Device            r/s     rMB/s   rrqm/s  %rrqm r_await rareq-sz     w/s     wMB/s   wrqm/s  %wrqm w_await wareq-sz     d/s     dMB/s   drqm/s  %drqm d_await dareq-sz     f/s f_await  aqu-sz  %util
loop0            0.00      0.00     0.00   0.00    0.00     0.00    0.00      0.00     0.00   0.00    0.00     0.00    0.00      0.00     0.00   0.00    0.00     0.00    0.00    0.00    0.00   0.00
nvme0n1       13063.00    204.11     0.00   0.00    0.17    16.00 6644.00    123.82  1519.00  18.61    0.04    19.08    0.00      0.00     0.00   0.00    0.00     0.00    0.00    0.00    2.42  93.50
sda              0.00      0.00     0.00   0.00    0.00     0.00   26.00      0.32    11.00  29.73    0.27    12.77    0.00      0.00     0.00   0.00    0.00     0.00    0.00    0.00    0.01   0.00


Device            r/s     rMB/s   rrqm/s  %rrqm r_await rareq-sz     w/s     wMB/s   wrqm/s  %wrqm w_await wareq-sz     d/s     dMB/s   drqm/s  %drqm d_await dareq-sz     f/s f_await  aqu-sz  %util
loop0            0.00      0.00     0.00   0.00    0.00     0.00    0.00      0.00     0.00   0.00    0.00     0.00    0.00      0.00     0.00   0.00    0.00     0.00    0.00    0.00    0.00   0.00
nvme0n1       12963.00    202.55     0.00   0.00    0.17    16.00 6858.00    131.02  1472.00  17.67    0.04    19.56    0.00      0.00     0.00   0.00    0.00     0.00    0.00    0.00    2.43  93.90
sda              0.00      0.00     0.00   0.00    0.00     0.00    0.00      0.00     0.00   0.00    0.00     0.00    0.00      0.00     0.00   0.00    0.00     0.00    0.00    0.00    0.00   0.00


Device            r/s     rMB/s   rrqm/s  %rrqm r_await rareq-sz     w/s     wMB/s   wrqm/s  %wrqm w_await wareq-sz     d/s     dMB/s   drqm/s  %drqm d_await dareq-sz     f/s f_await  aqu-sz  %util
loop0            0.00      0.00     0.00   0.00    0.00     0.00    0.00      0.00     0.00   0.00    0.00     0.00    0.00      0.00     0.00   0.00    0.00     0.00    0.00    0.00    0.00   0.00
nvme0n1       12894.00    201.47     0.00   0.00    0.17    16.00 6582.00    122.38  1509.00  18.65    0.04    19.04    0.00      0.00     0.00   0.00    0.00     0.00    0.00    0.00    2.40  94.30
sda              0.00      0.00     0.00   0.00    0.00     0.00    0.00      0.00     0.00   0.00    0.00     0.00    0.00      0.00     0.00   0.00    0.00     0.00    0.00    0.00    0.00   0.00


Device            r/s     rMB/s   rrqm/s  %rrqm r_await rareq-sz     w/s     wMB/s   wrqm/s  %wrqm w_await wareq-sz     d/s     dMB/s   drqm/s  %drqm d_await dareq-sz     f/s f_await  aqu-sz  %util
loop0            0.00      0.00     0.00   0.00    0.00     0.00    0.00      0.00     0.00   0.00    0.00     0.00    0.00      0.00     0.00   0.00    0.00     0.00    0.00    0.00    0.00   0.00
nvme0n1       12840.00    200.62     0.00   0.00    0.17    16.00 6866.00    129.46  1528.00  18.20    0.04    19.31    0.00      0.00     0.00   0.00    0.00     0.00    0.00    0.00    2.43  93.70
sda              0.00      0.00     0.00   0.00    0.00     0.00    3.00      0.17    40.00  93.02    0.00    57.33    0.00      0.00     0.00   0.00    0.00     0.00    2.00    0.00    0.00   0.00


Device            r/s     rMB/s   rrqm/s  %rrqm r_await rareq-sz     w/s     wMB/s   wrqm/s  %wrqm w_await wareq-sz     d/s     dMB/s   drqm/s  %drqm d_await dareq-sz     f/s f_await  aqu-sz  %util
loop0            0.00      0.00     0.00   0.00    0.00     0.00    0.00      0.00     0.00   0.00    0.00     0.00    0.00      0.00     0.00   0.00    0.00     0.00    0.00    0.00    0.00   0.00
nvme0n1       12704.00    198.50     0.00   0.00    0.17    16.00 6732.00    126.56  1510.00  18.32    0.04    19.25    0.00      0.00     0.00   0.00    0.00     0.00    0.00    0.00    2.38  94.70
sda              0.00      0.00     0.00   0.00    0.00     0.00    4.00      0.10     1.00  20.00    0.25    26.00    0.00      0.00     0.00   0.00    0.00     0.00    0.00    0.00    0.00   0.00


Device            r/s     rMB/s   rrqm/s  %rrqm r_await rareq-sz     w/s     wMB/s   wrqm/s  %wrqm w_await wareq-sz     d/s     dMB/s   drqm/s  %drqm d_await dareq-sz     f/s f_await  aqu-sz  %util
loop0            0.00      0.00     0.00   0.00    0.00     0.00    0.00      0.00     0.00   0.00    0.00     0.00    0.00      0.00     0.00   0.00    0.00     0.00    0.00    0.00    0.00   0.00
nvme0n1       12986.00    202.91     0.00   0.00    0.17    16.00 6611.00    121.62  1555.00  19.04    0.04    18.84    0.00      0.00     0.00   0.00    0.00     0.00    0.00    0.00    2.39  93.10
sda              0.00      0.00     0.00   0.00    0.00     0.00   26.00      0.34    13.00  33.33    0.27    13.38    0.00      0.00     0.00   0.00    0.00     0.00    0.00    0.00    0.01   0.00


Device            r/s     rMB/s   rrqm/s  %rrqm r_await rareq-sz     w/s     wMB/s   wrqm/s  %wrqm w_await wareq-sz     d/s     dMB/s   drqm/s  %drqm d_await dareq-sz     f/s f_await  aqu-sz  %util
loop0            0.00      0.00     0.00   0.00    0.00     0.00    0.00      0.00     0.00   0.00    0.00     0.00    0.00      0.00     0.00   0.00    0.00     0.00    0.00    0.00    0.00   0.00
nvme0n1       12947.00    202.30     0.00   0.00    0.17    16.00 6630.00    124.18  1495.00  18.40    0.04    19.18    0.00      0.00     0.00   0.00    0.00     0.00    0.00    0.00    2.41  94.00
sda              0.00      0.00     0.00   0.00    0.00     0.00    0.00      0.00     0.00   0.00    0.00     0.00    0.00      0.00     0.00   0.00    0.00     0.00    0.00    0.00    0.00   0.00


Device            r/s     rMB/s   rrqm/s  %rrqm r_await rareq-sz     w/s     wMB/s   wrqm/s  %wrqm w_await wareq-sz     d/s     dMB/s   drqm/s  %drqm d_await dareq-sz     f/s f_await  aqu-sz  %util
loop0            0.00      0.00     0.00   0.00    0.00     0.00    0.00      0.00     0.00   0.00    0.00     0.00    0.00      0.00     0.00   0.00    0.00     0.00    0.00    0.00    0.00   0.00
nvme0n1       12957.00    202.45     0.00   0.00    0.17    16.00 6906.00    129.12  1584.00  18.66    0.04    19.15    0.00      0.00     0.00   0.00    0.00     0.00    0.00    0.00    2.41  93.80
sda              0.00      0.00     0.00   0.00    0.00     0.00    0.00      0.00     0.00   0.00    0.00     0.00    0.00      0.00     0.00   0.00    0.00     0.00    0.00    0.00    0.00   0.00


Device            r/s     rMB/s   rrqm/s  %rrqm r_await rareq-sz     w/s     wMB/s   wrqm/s  %wrqm w_await wareq-sz     d/s     dMB/s   drqm/s  %drqm d_await dareq-sz     f/s f_await  aqu-sz  %util
loop0            0.00      0.00     0.00   0.00    0.00     0.00    0.00      0.00     0.00   0.00    0.00     0.00    0.00      0.00     0.00   0.00    0.00     0.00    0.00    0.00    0.00   0.00
nvme0n1       12904.00    201.62     0.00   0.00    0.17    16.00 6840.00    130.30  1514.00  18.12    0.04    19.51    0.00      0.00     0.00   0.00    0.00     0.00    0.00    0.00    2.44  93.90
sda              0.00      0.00     0.00   0.00    0.00     0.00    2.00      0.15    37.00  94.87    0.00    78.00    0.00      0.00     0.00   0.00    0.00     0.00    2.00    0.00    0.00   0.00


Device            r/s     rMB/s   rrqm/s  %rrqm r_await rareq-sz     w/s     wMB/s   wrqm/s  %wrqm w_await wareq-sz     d/s     dMB/s   drqm/s  %drqm d_await dareq-sz     f/s f_await  aqu-sz  %util
loop0            0.00      0.00     0.00   0.00    0.00     0.00    0.00      0.00     0.00   0.00    0.00     0.00    0.00      0.00     0.00   0.00    0.00     0.00    0.00    0.00    0.00   0.00
nvme0n1       12998.00    203.09     0.00   0.00    0.17    16.00 6872.00    130.35  1524.00  18.15    0.04    19.42    0.00      0.00     0.00   0.00    0.00     0.00    0.00    0.00    2.49  93.20
sda              0.00      0.00     0.00   0.00    0.00     0.00    1.00      0.00     0.00   0.00    0.00     4.00    0.00      0.00     0.00   0.00    0.00     0.00    0.00    0.00    0.00   0.00


Device            r/s     rMB/s   rrqm/s  %rrqm r_await rareq-sz     w/s     wMB/s   wrqm/s  %wrqm w_await wareq-sz     d/s     dMB/s   drqm/s  %drqm d_await dareq-sz     f/s f_await  aqu-sz  %util
loop0            0.00      0.00     0.00   0.00    0.00     0.00    0.00      0.00     0.00   0.00    0.00     0.00    0.00      0.00     0.00   0.00    0.00     0.00    0.00    0.00    0.00   0.00
nvme0n1       13109.00    204.83     0.00   0.00    0.17    16.00 6843.00    128.08  1553.00  18.50    0.04    19.17    0.00      0.00     0.00   0.00    0.00     0.00    0.00    0.00    2.46  94.90
sda              0.00      0.00     0.00   0.00    0.00     0.00   27.00      0.33    11.00  28.95    0.22    12.44    0.00      0.00     0.00   0.00    0.00     0.00    0.00    0.00    0.01   0.10


Device            r/s     rMB/s   rrqm/s  %rrqm r_await rareq-sz     w/s     wMB/s   wrqm/s  %wrqm w_await wareq-sz     d/s     dMB/s   drqm/s  %drqm d_await dareq-sz     f/s f_await  aqu-sz  %util
loop0            0.00      0.00     0.00   0.00    0.00     0.00    0.00      0.00     0.00   0.00    0.00     0.00    0.00      0.00     0.00   0.00    0.00     0.00    0.00    0.00    0.00   0.00
nvme0n1       13042.00    203.78     0.00   0.00    0.17    16.00 6641.00    121.80  1553.00  18.95    0.04    18.78    0.00      0.00     0.00   0.00    0.00     0.00    0.00    0.00    2.43  94.70
sda              0.00      0.00     0.00   0.00    0.00     0.00    0.00      0.00     0.00   0.00    0.00     0.00    0.00      0.00     0.00   0.00    0.00     0.00    0.00    0.00    0.00   0.00


Device            r/s     rMB/s   rrqm/s  %rrqm r_await rareq-sz     w/s     wMB/s   wrqm/s  %wrqm w_await wareq-sz     d/s     dMB/s   drqm/s  %drqm d_await dareq-sz     f/s f_await  aqu-sz  %util
loop0            0.00      0.00     0.00   0.00    0.00     0.00    0.00      0.00     0.00   0.00    0.00     0.00    0.00      0.00     0.00   0.00    0.00     0.00    0.00    0.00    0.00   0.00
nvme0n1       13088.00    204.50     0.00   0.00    0.17    16.00 6791.00    127.43  1512.00  18.21    0.04    19.21    0.00      0.00     0.00   0.00    0.00     0.00    0.00    0.00    2.44  96.00
sda              0.00      0.00     0.00   0.00    0.00     0.00    0.00      0.00     0.00   0.00    0.00     0.00    0.00      0.00     0.00   0.00    0.00     0.00    0.00    0.00    0.00   0.00


Device            r/s     rMB/s   rrqm/s  %rrqm r_await rareq-sz     w/s     wMB/s   wrqm/s  %wrqm w_await wareq-sz     d/s     dMB/s   drqm/s  %drqm d_await dareq-sz     f/s f_await  aqu-sz  %util
loop0            0.00      0.00     0.00   0.00    0.00     0.00    0.00      0.00     0.00   0.00    0.00     0.00    0.00      0.00     0.00   0.00    0.00     0.00    0.00    0.00    0.00   0.00
nvme0n1       12901.00    201.58     0.00   0.00    0.17    16.00 6893.00    131.42  1486.00  17.73    0.04    19.52    0.00      0.00     0.00   0.00    0.00     0.00    0.00    0.00    2.44  93.80
sda              0.00      0.00     0.00   0.00    0.00     0.00    2.00      0.14    34.00  94.44    0.50    72.00    0.00      0.00     0.00   0.00    0.00     0.00    2.00    0.00    0.00   0.10


Device            r/s     rMB/s   rrqm/s  %rrqm r_await rareq-sz     w/s     wMB/s   wrqm/s  %wrqm w_await wareq-sz     d/s     dMB/s   drqm/s  %drqm d_await dareq-sz     f/s f_await  aqu-sz  %util
loop0            0.00      0.00     0.00   0.00    0.00     0.00    0.00      0.00     0.00   0.00    0.00     0.00    0.00      0.00     0.00   0.00    0.00     0.00    0.00    0.00    0.00   0.00
nvme0n1       12852.00    200.81     0.00   0.00    0.17    16.00 6683.00    125.57  1514.00  18.47    0.04    19.24    0.00      0.00     0.00   0.00    0.00     0.00    0.00    0.00    2.42  93.70
sda              0.00      0.00     0.00   0.00    0.00     0.00    0.00      0.00     0.00   0.00    0.00     0.00    0.00      0.00     0.00   0.00    0.00     0.00    0.00    0.00    0.00   0.00


Device            r/s     rMB/s   rrqm/s  %rrqm r_await rareq-sz     w/s     wMB/s   wrqm/s  %wrqm w_await wareq-sz     d/s     dMB/s   drqm/s  %drqm d_await dareq-sz     f/s f_await  aqu-sz  %util
loop0            0.00      0.00     0.00   0.00    0.00     0.00    0.00      0.00     0.00   0.00    0.00     0.00    0.00      0.00     0.00   0.00    0.00     0.00    0.00    0.00    0.00   0.00
nvme0n1       12828.00    200.44     0.00   0.00    0.17    16.00 6850.00    128.80  1538.00  18.34    0.04    19.25    0.00      0.00     0.00   0.00    0.00     0.00    0.00    0.00    2.41  93.30
sda              0.00      0.00     0.00   0.00    0.00     0.00   27.00      0.33    12.00  30.77    0.19    12.59    0.00      0.00     0.00   0.00    0.00     0.00    0.00    0.00    0.01   0.10


Device            r/s     rMB/s   rrqm/s  %rrqm r_await rareq-sz     w/s     wMB/s   wrqm/s  %wrqm w_await wareq-sz     d/s     dMB/s   drqm/s  %drqm d_await dareq-sz     f/s f_await  aqu-sz  %util
loop0            0.00      0.00     0.00   0.00    0.00     0.00    0.00      0.00     0.00   0.00    0.00     0.00    0.00      0.00     0.00   0.00    0.00     0.00    0.00    0.00    0.00   0.00
nvme0n1       13023.00    203.48     0.00   0.00    0.17    16.00 6610.00    122.25  1559.00  19.08    0.04    18.94    0.00      0.00     0.00   0.00    0.00     0.00    0.00    0.00    2.43  94.80
sda              0.00      0.00     0.00   0.00    0.00     0.00    0.00      0.00     0.00   0.00    0.00     0.00    0.00      0.00     0.00   0.00    0.00     0.00    0.00    0.00    0.00   0.00


Device            r/s     rMB/s   rrqm/s  %rrqm r_await rareq-sz     w/s     wMB/s   wrqm/s  %wrqm w_await wareq-sz     d/s     dMB/s   drqm/s  %drqm d_await dareq-sz     f/s f_await  aqu-sz  %util
loop0            0.00      0.00     0.00   0.00    0.00     0.00    0.00      0.00     0.00   0.00    0.00     0.00    0.00      0.00     0.00   0.00    0.00     0.00    0.00    0.00    0.00   0.00
nvme0n1       12883.00    201.30     0.00   0.00    0.17    16.00 6826.00    127.61  1484.00  17.86    0.04    19.14    0.00      0.00     0.00   0.00    0.00     0.00    0.00    0.00    2.43  93.80
sda              0.00      0.00     0.00   0.00    0.00     0.00    0.00      0.00     0.00   0.00    0.00     0.00    0.00      0.00     0.00   0.00    0.00     0.00    0.00    0.00    0.00   0.00


Device            r/s     rMB/s   rrqm/s  %rrqm r_await rareq-sz     w/s     wMB/s   wrqm/s  %wrqm w_await wareq-sz     d/s     dMB/s   drqm/s  %drqm d_await dareq-sz     f/s f_await  aqu-sz  %util
loop0            0.00      0.00     0.00   0.00    0.00     0.00    0.00      0.00     0.00   0.00    0.00     0.00    0.00      0.00     0.00   0.00    0.00     0.00    0.00    0.00    0.00   0.00
nvme0n1       12773.00    199.58     0.00   0.00    0.17    16.00 6811.00    129.49  1507.00  18.12    0.04    19.47    0.00      0.00     0.00   0.00    0.00     0.00    0.00    0.00    2.42  94.00
sda              0.00      0.00     0.00   0.00    0.00     0.00    2.00      0.13    31.00  93.94    0.50    66.00    0.00      0.00     0.00   0.00    0.00     0.00    2.00    0.00    0.00   0.00


Device            r/s     rMB/s   rrqm/s  %rrqm r_await rareq-sz     w/s     wMB/s   wrqm/s  %wrqm w_await wareq-sz     d/s     dMB/s   drqm/s  %drqm d_await dareq-sz     f/s f_await  aqu-sz  %util
loop0            0.00      0.00     0.00   0.00    0.00     0.00    0.00      0.00     0.00   0.00    0.00     0.00    0.00      0.00     0.00   0.00    0.00     0.00    0.00    0.00    0.00   0.00
nvme0n1       12941.00    202.20     0.00   0.00    0.17    16.00 6475.00    118.44  1500.00  18.81    0.04    18.73    0.00      0.00     0.00   0.00    0.00     0.00    0.00    0.00    2.41  94.10
sda              0.00      0.00     0.00   0.00    0.00     0.00    0.00      0.00     0.00   0.00    0.00     0.00    0.00      0.00     0.00   0.00    0.00     0.00    0.00    0.00    0.00   0.00


Device            r/s     rMB/s   rrqm/s  %rrqm r_await rareq-sz     w/s     wMB/s   wrqm/s  %wrqm w_await wareq-sz     d/s     dMB/s   drqm/s  %drqm d_await dareq-sz     f/s f_await  aqu-sz  %util
loop0            0.00      0.00     0.00   0.00    0.00     0.00    0.00      0.00     0.00   0.00    0.00     0.00    0.00      0.00     0.00   0.00    0.00     0.00    0.00    0.00    0.00   0.00
nvme0n1       12850.00    200.78     0.00   0.00    0.17    16.00 6803.00    127.78  1533.00  18.39    0.04    19.23    0.00      0.00     0.00   0.00    0.00     0.00    0.00    0.00    2.43  94.20
sda              0.00      0.00     0.00   0.00    0.00     0.00    0.00      0.00     0.00   0.00    0.00     0.00    0.00      0.00     0.00   0.00    0.00     0.00    0.00    0.00    0.00   0.00


Device            r/s     rMB/s   rrqm/s  %rrqm r_await rareq-sz     w/s     wMB/s   wrqm/s  %wrqm w_await wareq-sz     d/s     dMB/s   drqm/s  %drqm d_await dareq-sz     f/s f_await  aqu-sz  %util
loop0            0.00      0.00     0.00   0.00    0.00     0.00    0.00      0.00     0.00   0.00    0.00     0.00    0.00      0.00     0.00   0.00    0.00     0.00    0.00    0.00    0.00   0.00
nvme0n1       12755.00    199.31     0.00   0.00    0.17    16.00 6894.00    131.03  1552.00  18.38    0.04    19.46    0.00      0.00     0.00   0.00    0.00     0.00    0.00    0.00    2.39  93.20
sda              0.00      0.00     0.00   0.00    0.00     0.00   26.00      0.34    14.00  35.00    0.19    13.54    0.00      0.00     0.00   0.00    0.00     0.00    0.00    0.00    0.01   0.10


Device            r/s     rMB/s   rrqm/s  %rrqm r_await rareq-sz     w/s     wMB/s   wrqm/s  %wrqm w_await wareq-sz     d/s     dMB/s   drqm/s  %drqm d_await dareq-sz     f/s f_await  aqu-sz  %util
loop0            0.00      0.00     0.00   0.00    0.00     0.00    0.00      0.00     0.00   0.00    0.00     0.00    0.00      0.00     0.00   0.00    0.00     0.00    0.00    0.00    0.00   0.00
nvme0n1       12907.00    201.66     0.00   0.00    0.17    16.00 6778.00    126.71  1534.00  18.46    0.04    19.14    0.00      0.00     0.00   0.00    0.00     0.00    0.00    0.00    2.40  94.20
sda              0.00      0.00     0.00   0.00    0.00     0.00    1.00      0.00     0.00   0.00    0.00     4.00    0.00      0.00     0.00   0.00    0.00     0.00    0.00    0.00    0.00   0.00


Device            r/s     rMB/s   rrqm/s  %rrqm r_await rareq-sz     w/s     wMB/s   wrqm/s  %wrqm w_await wareq-sz     d/s     dMB/s   drqm/s  %drqm d_await dareq-sz     f/s f_await  aqu-sz  %util
loop0            0.00      0.00     0.00   0.00    0.00     0.00    0.00      0.00     0.00   0.00    0.00     0.00    0.00      0.00     0.00   0.00    0.00     0.00    0.00    0.00    0.00   0.00
nvme0n1       12747.00    199.17     0.00   0.00    0.17    16.00 7140.00    136.50  1536.00  17.70    0.04    19.58    0.00      0.00     0.00   0.00    0.00     0.00    0.00    0.00    2.41  94.30
sda              0.00      0.00     0.00   0.00    0.00     0.00    2.00      0.16    38.00  95.00    0.50    80.00    0.00      0.00     0.00   0.00    0.00     0.00    2.00    0.00    0.00   0.00


Device            r/s     rMB/s   rrqm/s  %rrqm r_await rareq-sz     w/s     wMB/s   wrqm/s  %wrqm w_await wareq-sz     d/s     dMB/s   drqm/s  %drqm d_await dareq-sz     f/s f_await  aqu-sz  %util
loop0            0.00      0.00     0.00   0.00    0.00     0.00    0.00      0.00     0.00   0.00    0.00     0.00    0.00      0.00     0.00   0.00    0.00     0.00    0.00    0.00    0.00   0.00
nvme0n1       12864.00    201.00     0.00   0.00    0.17    16.00 7083.00    136.58  1550.00  17.95    0.04    19.75    0.00      0.00     0.00   0.00    0.00     0.00    0.00    0.00    2.43  94.70
sda              0.00      0.00     0.00   0.00    0.00     0.00    0.00      0.00     0.00   0.00    0.00     0.00    0.00      0.00     0.00   0.00    0.00     0.00    0.00    0.00    0.00   0.00


Device            r/s     rMB/s   rrqm/s  %rrqm r_await rareq-sz     w/s     wMB/s   wrqm/s  %wrqm w_await wareq-sz     d/s     dMB/s   drqm/s  %drqm d_await dareq-sz     f/s f_await  aqu-sz  %util
loop0            0.00      0.00     0.00   0.00    0.00     0.00    0.00      0.00     0.00   0.00    0.00     0.00    0.00      0.00     0.00   0.00    0.00     0.00    0.00    0.00    0.00   0.00
nvme0n1       12783.00    199.73     0.00   0.00    0.17    16.00 6999.00    134.01  1530.00  17.94    0.04    19.61    0.00      0.00     0.00   0.00    0.00     0.00    0.00    0.00    2.41  93.50
sda              0.00      0.00     0.00   0.00    0.00     0.00    0.00      0.00     0.00   0.00    0.00     0.00    0.00      0.00     0.00   0.00    0.00     0.00    0.00    0.00    0.00   0.00


Device            r/s     rMB/s   rrqm/s  %rrqm r_await rareq-sz     w/s     wMB/s   wrqm/s  %wrqm w_await wareq-sz     d/s     dMB/s   drqm/s  %drqm d_await dareq-sz     f/s f_await  aqu-sz  %util
loop0            0.00      0.00     0.00   0.00    0.00     0.00    0.00      0.00     0.00   0.00    0.00     0.00    0.00      0.00     0.00   0.00    0.00     0.00    0.00    0.00    0.00   0.00
nvme0n1       12852.00    200.81     0.00   0.00    0.17    16.00 7167.00    137.91  1563.00  17.90    0.04    19.70    0.00      0.00     0.00   0.00    0.00     0.00    0.00    0.00    2.44  93.60
sda              0.00      0.00     0.00   0.00    0.00     0.00   27.00      0.32    11.00  28.95    0.22    12.30    0.00      0.00     0.00   0.00    0.00     0.00    0.00    0.00    0.01   0.10


Device            r/s     rMB/s   rrqm/s  %rrqm r_await rareq-sz     w/s     wMB/s   wrqm/s  %wrqm w_await wareq-sz     d/s     dMB/s   drqm/s  %drqm d_await dareq-sz     f/s f_await  aqu-sz  %util
loop0            0.00      0.00     0.00   0.00    0.00     0.00    0.00      0.00     0.00   0.00    0.00     0.00    0.00      0.00     0.00   0.00    0.00     0.00    0.00    0.00    0.00   0.00
nvme0n1       12809.00    200.14     0.00   0.00    0.17    16.00 7065.00    135.75  1539.00  17.89    0.04    19.68    0.00      0.00     0.00   0.00    0.00     0.00    0.00    0.00    2.43  93.90
sda              0.00      0.00     0.00   0.00    0.00     0.00    1.00      0.00     0.00   0.00    0.00     4.00    0.00      0.00     0.00   0.00    0.00     0.00    0.00    0.00    0.00   0.00


Device            r/s     rMB/s   rrqm/s  %rrqm r_await rareq-sz     w/s     wMB/s   wrqm/s  %wrqm w_await wareq-sz     d/s     dMB/s   drqm/s  %drqm d_await dareq-sz     f/s f_await  aqu-sz  %util
loop0            0.00      0.00     0.00   0.00    0.00     0.00    0.00      0.00     0.00   0.00    0.00     0.00    0.00      0.00     0.00   0.00    0.00     0.00    0.00    0.00    0.00   0.00
nvme0n1       12864.00    201.00     0.00   0.00    0.17    16.00 7055.00    134.07  1557.00  18.08    0.04    19.46    0.00      0.00     0.00   0.00    0.00     0.00    0.00    0.00    2.43  95.10
sda              0.00      0.00     0.00   0.00    0.00     0.00    2.00      0.14    35.00  94.59    0.00    74.00    0.00      0.00     0.00   0.00    0.00     0.00    2.00    0.00    0.00   0.10


Device            r/s     rMB/s   rrqm/s  %rrqm r_await rareq-sz     w/s     wMB/s   wrqm/s  %wrqm w_await wareq-sz     d/s     dMB/s   drqm/s  %drqm d_await dareq-sz     f/s f_await  aqu-sz  %util
loop0            0.00      0.00     0.00   0.00    0.00     0.00    0.00      0.00     0.00   0.00    0.00     0.00    0.00      0.00     0.00   0.00    0.00     0.00    0.00    0.00    0.00   0.00
nvme0n1       12851.00    200.80     0.00   0.00    0.17    16.00 6910.00    132.46  1531.00  18.14    0.04    19.63    0.00      0.00     0.00   0.00    0.00     0.00    0.00    0.00    2.42  93.90
sda              0.00      0.00     0.00   0.00    0.00     0.00   44.00      0.19     4.00   8.33    0.18     4.36    0.00      0.00     0.00   0.00    0.00     0.00    0.00    0.00    0.01   0.00


Device            r/s     rMB/s   rrqm/s  %rrqm r_await rareq-sz     w/s     wMB/s   wrqm/s  %wrqm w_await wareq-sz     d/s     dMB/s   drqm/s  %drqm d_await dareq-sz     f/s f_await  aqu-sz  %util
loop0            0.00      0.00     0.00   0.00    0.00     0.00    0.00      0.00     0.00   0.00    0.00     0.00    0.00      0.00     0.00   0.00    0.00     0.00    0.00    0.00    0.00   0.00
nvme0n1       12970.00    202.66     0.00   0.00    0.17    16.00 6964.00    132.10  1553.00  18.23    0.04    19.42    0.00      0.00     0.00   0.00    0.00     0.00    0.00    0.00    2.43  93.60
sda              0.00      0.00     0.00   0.00    0.00     0.00    0.00      0.00     0.00   0.00    0.00     0.00    0.00      0.00     0.00   0.00    0.00     0.00    0.00    0.00    0.00   0.00


Device            r/s     rMB/s   rrqm/s  %rrqm r_await rareq-sz     w/s     wMB/s   wrqm/s  %wrqm w_await wareq-sz     d/s     dMB/s   drqm/s  %drqm d_await dareq-sz     f/s f_await  aqu-sz  %util
loop0            0.00      0.00     0.00   0.00    0.00     0.00    0.00      0.00     0.00   0.00    0.00     0.00    0.00      0.00     0.00   0.00    0.00     0.00    0.00    0.00    0.00   0.00
nvme0n1       12815.00    200.23     0.00   0.00    0.17    16.00 7004.00    133.73  1524.00  17.87    0.04    19.55    0.00      0.00     0.00   0.00    0.00     0.00    0.00    0.00    2.42  94.20
sda              0.00      0.00     0.00   0.00    0.00     0.00   27.00      0.32    11.00  28.95    0.26    12.30    0.00      0.00     0.00   0.00    0.00     0.00    0.00    0.00    0.01   0.10


Device            r/s     rMB/s   rrqm/s  %rrqm r_await rareq-sz     w/s     wMB/s   wrqm/s  %wrqm w_await wareq-sz     d/s     dMB/s   drqm/s  %drqm d_await dareq-sz     f/s f_await  aqu-sz  %util
loop0            0.00      0.00     0.00   0.00    0.00     0.00    0.00      0.00     0.00   0.00    0.00     0.00    0.00      0.00     0.00   0.00    0.00     0.00    0.00    0.00    0.00   0.00
nvme0n1       12894.00    201.47     0.00   0.00    0.17    16.00 7058.00    134.52  1550.00  18.01    0.04    19.52    0.00      0.00     0.00   0.00    0.00     0.00    0.00    0.00    2.42  93.70
sda              0.00      0.00     0.00   0.00    0.00     0.00    0.00      0.00     0.00   0.00    0.00     0.00    0.00      0.00     0.00   0.00    0.00     0.00    0.00    0.00    0.00   0.00


Device            r/s     rMB/s   rrqm/s  %rrqm r_await rareq-sz     w/s     wMB/s   wrqm/s  %wrqm w_await wareq-sz     d/s     dMB/s   drqm/s  %drqm d_await dareq-sz     f/s f_await  aqu-sz  %util
loop0            0.00      0.00     0.00   0.00    0.00     0.00    0.00      0.00     0.00   0.00    0.00     0.00    0.00      0.00     0.00   0.00    0.00     0.00    0.00    0.00    0.00   0.00
nvme0n1       12899.00    201.55     0.00   0.00    0.17    16.00 7132.00    135.80  1586.00  18.19    0.04    19.50    0.00      0.00     0.00   0.00    0.00     0.00    0.00    0.00    2.44  94.50
sda              0.00      0.00     0.00   0.00    0.00     0.00   34.00      0.27    34.00  50.00    0.09     8.24    0.00      0.00     0.00   0.00    0.00     0.00    2.00    0.00    0.00   0.00


Device            r/s     rMB/s   rrqm/s  %rrqm r_await rareq-sz     w/s     wMB/s   wrqm/s  %wrqm w_await wareq-sz     d/s     dMB/s   drqm/s  %drqm d_await dareq-sz     f/s f_await  aqu-sz  %util
loop0            0.00      0.00     0.00   0.00    0.00     0.00    0.00      0.00     0.00   0.00    0.00     0.00    0.00      0.00     0.00   0.00    0.00     0.00    0.00    0.00    0.00   0.00
nvme0n1       12893.00    201.45     0.00   0.00    0.17    16.00 6980.00    133.60  1509.00  17.78    0.04    19.60    0.00      0.00     0.00   0.00    0.00     0.00    0.00    0.00    2.42  94.60
sda              0.00      0.00     0.00   0.00    0.00     0.00    1.00      0.00     0.00   0.00    0.00     4.00    0.00      0.00     0.00   0.00    0.00     0.00    0.00    0.00    0.00   0.00


Device            r/s     rMB/s   rrqm/s  %rrqm r_await rareq-sz     w/s     wMB/s   wrqm/s  %wrqm w_await wareq-sz     d/s     dMB/s   drqm/s  %drqm d_await dareq-sz     f/s f_await  aqu-sz  %util
loop0            0.00      0.00     0.00   0.00    0.00     0.00    0.00      0.00     0.00   0.00    0.00     0.00    0.00      0.00     0.00   0.00    0.00     0.00    0.00    0.00    0.00   0.00
nvme0n1       12932.00    202.06     0.00   0.00    0.17    16.00 6961.00    132.54  1532.00  18.04    0.04    19.50    0.00      0.00     0.00   0.00    0.00     0.00    0.00    0.00    2.42  95.10
sda              0.00      0.00     0.00   0.00    0.00     0.00    0.00      0.00     0.00   0.00    0.00     0.00    0.00      0.00     0.00   0.00    0.00     0.00    0.00    0.00    0.00   0.00


Device            r/s     rMB/s   rrqm/s  %rrqm r_await rareq-sz     w/s     wMB/s   wrqm/s  %wrqm w_await wareq-sz     d/s     dMB/s   drqm/s  %drqm d_await dareq-sz     f/s f_await  aqu-sz  %util
loop0            0.00      0.00     0.00   0.00    0.00     0.00    0.00      0.00     0.00   0.00    0.00     0.00    0.00      0.00     0.00   0.00    0.00     0.00    0.00    0.00    0.00   0.00
nvme0n1       12813.00    200.20     0.00   0.00    0.17    16.00 7178.00    139.91  1502.00  17.30    0.04    19.96    0.00      0.00     0.00   0.00    0.00     0.00    0.00    0.00    2.42  93.50
sda              0.00      0.00     0.00   0.00    0.00     0.00   27.00      0.36    10.00  27.03    0.22    13.48    0.00      0.00     0.00   0.00    0.00     0.00    0.00    0.00    0.01   0.00


Device            r/s     rMB/s   rrqm/s  %rrqm r_await rareq-sz     w/s     wMB/s   wrqm/s  %wrqm w_await wareq-sz     d/s     dMB/s   drqm/s  %drqm d_await dareq-sz     f/s f_await  aqu-sz  %util
loop0            0.00      0.00     0.00   0.00    0.00     0.00    0.00      0.00     0.00   0.00    0.00     0.00    0.00      0.00     0.00   0.00    0.00     0.00    0.00    0.00    0.00   0.00
nvme0n1       12853.00    200.83     0.00   0.00    0.17    16.00 6910.00    131.39  1509.00  17.92    0.04    19.47    0.00      0.00     0.00   0.00    0.00     0.00    0.00    0.00    2.41  93.60
sda              0.00      0.00     0.00   0.00    0.00     0.00    0.00      0.00     0.00   0.00    0.00     0.00    0.00      0.00     0.00   0.00    0.00     0.00    0.00    0.00    0.00   0.00


Device            r/s     rMB/s   rrqm/s  %rrqm r_await rareq-sz     w/s     wMB/s   wrqm/s  %wrqm w_await wareq-sz     d/s     dMB/s   drqm/s  %drqm d_await dareq-sz     f/s f_await  aqu-sz  %util
loop0            0.00      0.00     0.00   0.00    0.00     0.00    0.00      0.00     0.00   0.00    0.00     0.00    0.00      0.00     0.00   0.00    0.00     0.00    0.00    0.00    0.00   0.00
nvme0n1       12931.00    202.05     0.00   0.00    0.17    16.00 7038.00    135.40  1551.00  18.06    0.04    19.70    0.00      0.00     0.00   0.00    0.00     0.00    0.00    0.00    2.44  94.30
sda              0.00      0.00     0.00   0.00    0.00     0.00    2.00      0.14    34.00  94.44    0.50    72.00    0.00      0.00     0.00   0.00    0.00     0.00    2.00    0.00    0.00   0.10


Device            r/s     rMB/s   rrqm/s  %rrqm r_await rareq-sz     w/s     wMB/s   wrqm/s  %wrqm w_await wareq-sz     d/s     dMB/s   drqm/s  %drqm d_await dareq-sz     f/s f_await  aqu-sz  %util
loop0            0.00      0.00     0.00   0.00    0.00     0.00    0.00      0.00     0.00   0.00    0.00     0.00    0.00      0.00     0.00   0.00    0.00     0.00    0.00    0.00    0.00   0.00
nvme0n1       12849.00    200.77     0.00   0.00    0.17    16.00 7144.00    136.45  1545.00  17.78    0.04    19.56    0.00      0.00     0.00   0.00    0.00     0.00    0.00    0.00    2.42  93.80
sda              0.00      0.00     0.00   0.00    0.00     0.00    0.00      0.00     0.00   0.00    0.00     0.00    0.00      0.00     0.00   0.00    0.00     0.00    0.00    0.00    0.00   0.00


Device            r/s     rMB/s   rrqm/s  %rrqm r_await rareq-sz     w/s     wMB/s   wrqm/s  %wrqm w_await wareq-sz     d/s     dMB/s   drqm/s  %drqm d_await dareq-sz     f/s f_await  aqu-sz  %util
loop0            0.00      0.00     0.00   0.00    0.00     0.00    0.00      0.00     0.00   0.00    0.00     0.00    0.00      0.00     0.00   0.00    0.00     0.00    0.00    0.00    0.00   0.00
nvme0n1       12937.00    202.14     0.00   0.00    0.17    16.00 6961.00    131.57  1564.00  18.35    0.04    19.36    0.00      0.00     0.00   0.00    0.00     0.00    0.00    0.00    2.44  93.90
sda              0.00      0.00     0.00   0.00    0.00     0.00    1.00      0.00     0.00   0.00    0.00     4.00    0.00      0.00     0.00   0.00    0.00     0.00    0.00    0.00    0.00   0.00


Device            r/s     rMB/s   rrqm/s  %rrqm r_await rareq-sz     w/s     wMB/s   wrqm/s  %wrqm w_await wareq-sz     d/s     dMB/s   drqm/s  %drqm d_await dareq-sz     f/s f_await  aqu-sz  %util
loop0            0.00      0.00     0.00   0.00    0.00     0.00    0.00      0.00     0.00   0.00    0.00     0.00    0.00      0.00     0.00   0.00    0.00     0.00    0.00    0.00    0.00   0.00
nvme0n1       12848.00    200.75     0.00   0.00    0.17    16.00 7059.00    135.34  1544.00  17.95    0.04    19.63    0.00      0.00     0.00   0.00    0.00     0.00    0.00    0.00    2.42  94.00
sda              0.00      0.00     0.00   0.00    0.00     0.00    0.00      0.00     0.00   0.00    0.00     0.00    0.00      0.00     0.00   0.00    0.00     0.00    0.00    0.00    0.00   0.00


Device            r/s     rMB/s   rrqm/s  %rrqm r_await rareq-sz     w/s     wMB/s   wrqm/s  %wrqm w_await wareq-sz     d/s     dMB/s   drqm/s  %drqm d_await dareq-sz     f/s f_await  aqu-sz  %util
loop0            0.00      0.00     0.00   0.00    0.00     0.00    0.00      0.00     0.00   0.00    0.00     0.00    0.00      0.00     0.00   0.00    0.00     0.00    0.00    0.00    0.00   0.00
nvme0n1       12918.00    201.84     0.00   0.00    0.17    16.00 6786.00    127.71  1543.00  18.53    0.04    19.27    0.00      0.00     0.00   0.00    0.00     0.00    0.00    0.00    2.43  93.70
sda              0.00      0.00     0.00   0.00    0.00     0.00   26.00      0.33    14.00  35.00    0.23    13.08    0.00      0.00     0.00   0.00    0.00     0.00    0.00    0.00    0.01   0.10


Device            r/s     rMB/s   rrqm/s  %rrqm r_await rareq-sz     w/s     wMB/s   wrqm/s  %wrqm w_await wareq-sz     d/s     dMB/s   drqm/s  %drqm d_await dareq-sz     f/s f_await  aqu-sz  %util
loop0            0.00      0.00     0.00   0.00    0.00     0.00    0.00      0.00     0.00   0.00    0.00     0.00    0.00      0.00     0.00   0.00    0.00     0.00    0.00    0.00    0.00   0.00
nvme0n1       12707.00    198.55     0.00   0.00    0.17    16.00 7040.00    135.87  1528.00  17.83    0.04    19.76    0.00      0.00     0.00   0.00    0.00     0.00    0.00    0.00    2.41  92.30
sda              0.00      0.00     0.00   0.00    0.00     0.00    2.00      0.16    39.00  95.12    0.00    82.00    0.00      0.00     0.00   0.00    0.00     0.00    2.00    0.00    0.00   0.10


Device            r/s     rMB/s   rrqm/s  %rrqm r_await rareq-sz     w/s     wMB/s   wrqm/s  %wrqm w_await wareq-sz     d/s     dMB/s   drqm/s  %drqm d_await dareq-sz     f/s f_await  aqu-sz  %util
loop0            0.00      0.00     0.00   0.00    0.00     0.00    0.00      0.00     0.00   0.00    0.00     0.00    0.00      0.00     0.00   0.00    0.00     0.00    0.00    0.00    0.00   0.00
nvme0n1       12842.00    200.66     0.00   0.00    0.17    16.00 7043.00    136.35  1493.00  17.49    0.04    19.82    0.00      0.00     0.00   0.00    0.00     0.00    0.00    0.00    2.42  94.90
sda              0.00      0.00     0.00   0.00    0.00     0.00    0.00      0.00     0.00   0.00    0.00     0.00    0.00      0.00     0.00   0.00    0.00     0.00    0.00    0.00    0.00   0.00


Device            r/s     rMB/s   rrqm/s  %rrqm r_await rareq-sz     w/s     wMB/s   wrqm/s  %wrqm w_await wareq-sz     d/s     dMB/s   drqm/s  %drqm d_await dareq-sz     f/s f_await  aqu-sz  %util
loop0            0.00      0.00     0.00   0.00    0.00     0.00    0.00      0.00     0.00   0.00    0.00     0.00    0.00      0.00     0.00   0.00    0.00     0.00    0.00    0.00    0.00   0.00
nvme0n1       13014.00    203.34     0.00   0.00    0.17    16.00 6808.00    128.68  1532.00  18.37    0.04    19.36    0.00      0.00     0.00   0.00    0.00     0.00    0.00    0.00    2.40  93.30
sda              0.00      0.00     0.00   0.00    0.00     0.00    1.00      0.00     0.00   0.00    0.00     4.00    0.00      0.00     0.00   0.00    0.00     0.00    0.00    0.00    0.00   0.00


Device            r/s     rMB/s   rrqm/s  %rrqm r_await rareq-sz     w/s     wMB/s   wrqm/s  %wrqm w_await wareq-sz     d/s     dMB/s   drqm/s  %drqm d_await dareq-sz     f/s f_await  aqu-sz  %util
loop0            0.00      0.00     0.00   0.00    0.00     0.00    0.00      0.00     0.00   0.00    0.00     0.00    0.00      0.00     0.00   0.00    0.00     0.00    0.00    0.00    0.00   0.00
nvme0n1       12861.00    200.95     0.00   0.00    0.17    16.00 7063.00    135.41  1545.00  17.95    0.04    19.63    0.00      0.00     0.00   0.00    0.00     0.00    0.00    0.00    2.39  94.00
sda              0.00      0.00     0.00   0.00    0.00     0.00    0.00      0.00     0.00   0.00    0.00     0.00    0.00      0.00     0.00   0.00    0.00     0.00    0.00    0.00    0.00   0.00


Device            r/s     rMB/s   rrqm/s  %rrqm r_await rareq-sz     w/s     wMB/s   wrqm/s  %wrqm w_await wareq-sz     d/s     dMB/s   drqm/s  %drqm d_await dareq-sz     f/s f_await  aqu-sz  %util
loop0            0.00      0.00     0.00   0.00    0.00     0.00    0.00      0.00     0.00   0.00    0.00     0.00    0.00      0.00     0.00   0.00    0.00     0.00    0.00    0.00    0.00   0.00
nvme0n1       12889.00    201.39     0.00   0.00    0.17    16.00 6982.00    133.74  1523.00  17.91    0.04    19.61    0.00      0.00     0.00   0.00    0.00     0.00    0.00    0.00    2.38  93.10
sda              0.00      0.00     0.00   0.00    0.00     0.00   27.00      0.32     9.00  25.00    0.22    12.15    0.00      0.00     0.00   0.00    0.00     0.00    0.00    0.00    0.01   0.10


Device            r/s     rMB/s   rrqm/s  %rrqm r_await rareq-sz     w/s     wMB/s   wrqm/s  %wrqm w_await wareq-sz     d/s     dMB/s   drqm/s  %drqm d_await dareq-sz     f/s f_await  aqu-sz  %util
loop0            0.00      0.00     0.00   0.00    0.00     0.00    0.00      0.00     0.00   0.00    0.00     0.00    0.00      0.00     0.00   0.00    0.00     0.00    0.00    0.00    0.00   0.00
nvme0n1       13050.00    203.91     0.00   0.00    0.17    16.00 6777.00    127.43  1530.00  18.42    0.04    19.25    0.00      0.00     0.00   0.00    0.00     0.00    0.00    0.00    2.41  93.30
sda              0.00      0.00     0.00   0.00    0.00     0.00    2.00      0.13    31.00  93.94    0.00    66.00    0.00      0.00     0.00   0.00    0.00     0.00    2.00    0.00    0.00   0.10


Device            r/s     rMB/s   rrqm/s  %rrqm r_await rareq-sz     w/s     wMB/s   wrqm/s  %wrqm w_await wareq-sz     d/s     dMB/s   drqm/s  %drqm d_await dareq-sz     f/s f_await  aqu-sz  %util
loop0            0.00      0.00     0.00   0.00    0.00     0.00    0.00      0.00     0.00   0.00    0.00     0.00    0.00      0.00     0.00   0.00    0.00     0.00    0.00    0.00    0.00   0.00
nvme0n1       12814.00    200.22     0.00   0.00    0.17    16.00 7081.00    135.34  1526.00  17.73    0.04    19.57    0.00      0.00     0.00   0.00    0.00     0.00    0.00    0.00    2.38  93.70
sda              0.00      0.00     0.00   0.00    0.00     0.00    0.00      0.00     0.00   0.00    0.00     0.00    0.00      0.00     0.00   0.00    0.00     0.00    0.00    0.00    0.00   0.00


Device            r/s     rMB/s   rrqm/s  %rrqm r_await rareq-sz     w/s     wMB/s   wrqm/s  %wrqm w_await wareq-sz     d/s     dMB/s   drqm/s  %drqm d_await dareq-sz     f/s f_await  aqu-sz  %util
loop0            0.00      0.00     0.00   0.00    0.00     0.00    0.00      0.00     0.00   0.00    0.00     0.00    0.00      0.00     0.00   0.00    0.00     0.00    0.00    0.00    0.00   0.00
nvme0n1       12997.00    203.09     0.00   0.00    0.17    16.00 6916.00    130.79  1574.00  18.54    0.04    19.37    0.00      0.00     0.00   0.00    0.00     0.00    0.00    0.00    2.40  94.30
sda              0.00      0.00     0.00   0.00    0.00     0.00    0.00      0.00     0.00   0.00    0.00     0.00    0.00      0.00     0.00   0.00    0.00     0.00    0.00    0.00    0.00   0.00


Device            r/s     rMB/s   rrqm/s  %rrqm r_await rareq-sz     w/s     wMB/s   wrqm/s  %wrqm w_await wareq-sz     d/s     dMB/s   drqm/s  %drqm d_await dareq-sz     f/s f_await  aqu-sz  %util
loop0            0.00      0.00     0.00   0.00    0.00     0.00    0.00      0.00     0.00   0.00    0.00     0.00    0.00      0.00     0.00   0.00    0.00     0.00    0.00    0.00    0.00   0.00
nvme0n1       12850.00    200.77     0.00   0.00    0.17    16.00 7068.00    135.82  1554.00  18.02    0.04    19.68    0.00      0.00     0.00   0.00    0.00     0.00    0.00    0.00    2.38  94.70
sda              0.00      0.00     0.00   0.00    0.00     0.00    1.00      0.00     0.00   0.00    1.00     4.00    0.00      0.00     0.00   0.00    0.00     0.00    0.00    0.00    0.00   0.00


Device            r/s     rMB/s   rrqm/s  %rrqm r_await rareq-sz     w/s     wMB/s   wrqm/s  %wrqm w_await wareq-sz     d/s     dMB/s   drqm/s  %drqm d_await dareq-sz     f/s f_await  aqu-sz  %util
loop0            0.00      0.00     0.00   0.00    0.00     0.00    0.00      0.00     0.00   0.00    0.00     0.00    0.00      0.00     0.00   0.00    0.00     0.00    0.00    0.00    0.00   0.00
nvme0n1       12854.00    200.84     0.00   0.00    0.17    16.00 6962.00    131.99  1557.00  18.28    0.04    19.41    0.00      0.00     0.00   0.00    0.00     0.00    0.00    0.00    2.38  95.00
sda              0.00      0.00     0.00   0.00    0.00     0.00   26.00      0.33    13.00  33.33    0.27    12.92    0.00      0.00     0.00   0.00    0.00     0.00    0.00    0.00    0.01   0.10


Device            r/s     rMB/s   rrqm/s  %rrqm r_await rareq-sz     w/s     wMB/s   wrqm/s  %wrqm w_await wareq-sz     d/s     dMB/s   drqm/s  %drqm d_await dareq-sz     f/s f_await  aqu-sz  %util
loop0            0.00      0.00     0.00   0.00    0.00     0.00    0.00      0.00     0.00   0.00    0.00     0.00    0.00      0.00     0.00   0.00    0.00     0.00    0.00    0.00    0.00   0.00
nvme0n1       12781.00    199.70     0.00   0.00    0.17    16.00 7087.00    137.89  1516.00  17.62    0.04    19.92    0.00      0.00     0.00   0.00    0.00     0.00    0.00    0.00    2.38  93.80
sda              0.00      0.00     0.00   0.00    0.00     0.00    2.00      0.14    35.00  94.59    0.50    74.00    0.00      0.00     0.00   0.00    0.00     0.00    2.00    0.00    0.00   0.10


Device            r/s     rMB/s   rrqm/s  %rrqm r_await rareq-sz     w/s     wMB/s   wrqm/s  %wrqm w_await wareq-sz     d/s     dMB/s   drqm/s  %drqm d_await dareq-sz     f/s f_await  aqu-sz  %util
loop0            0.00      0.00     0.00   0.00    0.00     0.00    0.00      0.00     0.00   0.00    0.00     0.00    0.00      0.00     0.00   0.00    0.00     0.00    0.00    0.00    0.00   0.00
nvme0n1       12859.00    200.92     0.00   0.00    0.17    16.00 7216.00    139.64  1547.00  17.65    0.04    19.82    0.00      0.00     0.00   0.00    0.00     0.00    0.00    0.00    2.40  93.10
sda              0.00      0.00     0.00   0.00    0.00     0.00    0.00      0.00     0.00   0.00    0.00     0.00    0.00      0.00     0.00   0.00    0.00     0.00    0.00    0.00    0.00   0.00


Device            r/s     rMB/s   rrqm/s  %rrqm r_await rareq-sz     w/s     wMB/s   wrqm/s  %wrqm w_await wareq-sz     d/s     dMB/s   drqm/s  %drqm d_await dareq-sz     f/s f_await  aqu-sz  %util
loop0            0.00      0.00     0.00   0.00    0.00     0.00    0.00      0.00     0.00   0.00    0.00     0.00    0.00      0.00     0.00   0.00    0.00     0.00    0.00    0.00    0.00   0.00
nvme0n1       12989.00    202.95     0.00   0.00    0.17    16.00 7050.00    134.58  1559.00  18.11    0.04    19.55    0.00      0.00     0.00   0.00    0.00     0.00    0.00    0.00    2.42  93.30
sda              0.00      0.00     0.00   0.00    0.00     0.00    0.00      0.00     0.00   0.00    0.00     0.00    0.00      0.00     0.00   0.00    0.00     0.00    0.00    0.00    0.00   0.00


Device            r/s     rMB/s   rrqm/s  %rrqm r_await rareq-sz     w/s     wMB/s   wrqm/s  %wrqm w_await wareq-sz     d/s     dMB/s   drqm/s  %drqm d_await dareq-sz     f/s f_await  aqu-sz  %util
loop0            0.00      0.00     0.00   0.00    0.00     0.00    0.00      0.00     0.00   0.00    0.00     0.00    0.00      0.00     0.00   0.00    0.00     0.00    0.00    0.00    0.00   0.00
nvme0n1       12918.00    201.84     0.00   0.00    0.17    16.00 7155.00    136.53  1576.00  18.05    0.04    19.54    0.00      0.00     0.00   0.00    0.00     0.00    0.00    0.00    2.42  94.50
sda              0.00      0.00     0.00   0.00    0.00     0.00    0.00      0.00     0.00   0.00    0.00     0.00    0.00      0.00     0.00   0.00    0.00     0.00    0.00    0.00    0.00   0.00


Device            r/s     rMB/s   rrqm/s  %rrqm r_await rareq-sz     w/s     wMB/s   wrqm/s  %wrqm w_await wareq-sz     d/s     dMB/s   drqm/s  %drqm d_await dareq-sz     f/s f_await  aqu-sz  %util
loop0            0.00      0.00     0.00   0.00    0.00     0.00    0.00      0.00     0.00   0.00    0.00     0.00    0.00      0.00     0.00   0.00    0.00     0.00    0.00    0.00    0.00   0.00
nvme0n1       12944.00    202.25     0.00   0.00    0.17    16.00 7224.00    138.41  1557.00  17.73    0.04    19.62    0.00      0.00     0.00   0.00    0.00     0.00    0.00    0.00    2.42  94.50
sda              0.00      0.00     0.00   0.00    0.00     0.00   29.00      0.37    13.00  30.95    0.24    12.97    0.00      0.00     0.00   0.00    0.00     0.00    0.00    0.00    0.01   0.00


Device            r/s     rMB/s   rrqm/s  %rrqm r_await rareq-sz     w/s     wMB/s   wrqm/s  %wrqm w_await wareq-sz     d/s     dMB/s   drqm/s  %drqm d_await dareq-sz     f/s f_await  aqu-sz  %util
loop0            0.00      0.00     0.00   0.00    0.00     0.00    0.00      0.00     0.00   0.00    0.00     0.00    0.00      0.00     0.00   0.00    0.00     0.00    0.00    0.00    0.00   0.00
nvme0n1       12997.00    203.08     0.00   0.00    0.17    16.00 7111.00    137.40  1547.00  17.87    0.04    19.79    0.00      0.00     0.00   0.00    0.00     0.00    0.00    0.00    2.42  94.70
sda              0.00      0.00     0.00   0.00    0.00     0.00    2.00      0.14    35.00  94.59    0.00    74.00    0.00      0.00     0.00   0.00    0.00     0.00    2.00    0.50    0.00   0.10


Device            r/s     rMB/s   rrqm/s  %rrqm r_await rareq-sz     w/s     wMB/s   wrqm/s  %wrqm w_await wareq-sz     d/s     dMB/s   drqm/s  %drqm d_await dareq-sz     f/s f_await  aqu-sz  %util
loop0            0.00      0.00     0.00   0.00    0.00     0.00    0.00      0.00     0.00   0.00    0.00     0.00    0.00      0.00     0.00   0.00    0.00     0.00    0.00    0.00    0.00   0.00
nvme0n1       12758.00    199.34     0.00   0.00    0.17    16.00 7212.00    140.39  1519.00  17.40    0.04    19.93    0.00      0.00     0.00   0.00    0.00     0.00    0.00    0.00    2.39  93.80
sda              0.00      0.00     0.00   0.00    0.00     0.00    0.00      0.00     0.00   0.00    0.00     0.00    0.00      0.00     0.00   0.00    0.00     0.00    0.00    0.00    0.00   0.00


Device            r/s     rMB/s   rrqm/s  %rrqm r_await rareq-sz     w/s     wMB/s   wrqm/s  %wrqm w_await wareq-sz     d/s     dMB/s   drqm/s  %drqm d_await dareq-sz     f/s f_await  aqu-sz  %util
loop0            0.00      0.00     0.00   0.00    0.00     0.00    0.00      0.00     0.00   0.00    0.00     0.00    0.00      0.00     0.00   0.00    0.00     0.00    0.00    0.00    0.00   0.00
nvme0n1       12844.00    200.69     0.00   0.00    0.17    16.00 6936.00    133.45  1496.00  17.74    0.04    19.70    0.00      0.00     0.00   0.00    0.00     0.00    0.00    0.00    2.39  93.60
sda              0.00      0.00     0.00   0.00    0.00     0.00    0.00      0.00     0.00   0.00    0.00     0.00    0.00      0.00     0.00   0.00    0.00     0.00    0.00    0.00    0.00   0.00


Device            r/s     rMB/s   rrqm/s  %rrqm r_await rareq-sz     w/s     wMB/s   wrqm/s  %wrqm w_await wareq-sz     d/s     dMB/s   drqm/s  %drqm d_await dareq-sz     f/s f_await  aqu-sz  %util
loop0            0.00      0.00     0.00   0.00    0.00     0.00    0.00      0.00     0.00   0.00    0.00     0.00    0.00      0.00     0.00   0.00    0.00     0.00    0.00    0.00    0.00   0.00
nvme0n1       12873.00    201.14     0.00   0.00    0.17    16.00 7103.00    136.12  1553.00  17.94    0.04    19.62    0.00      0.00     0.00   0.00    0.00     0.00    0.00    0.00    2.39  94.10
sda              0.00      0.00     0.00   0.00    0.00     0.00    0.00      0.00     0.00   0.00    0.00     0.00    0.00      0.00     0.00   0.00    0.00     0.00    0.00    0.00    0.00   0.00


Device            r/s     rMB/s   rrqm/s  %rrqm r_await rareq-sz     w/s     wMB/s   wrqm/s  %wrqm w_await wareq-sz     d/s     dMB/s   drqm/s  %drqm d_await dareq-sz     f/s f_await  aqu-sz  %util
loop0            0.00      0.00     0.00   0.00    0.00     0.00    0.00      0.00     0.00   0.00    0.00     0.00    0.00      0.00     0.00   0.00    0.00     0.00    0.00    0.00    0.00   0.00
nvme0n1       12827.00    200.42     0.00   0.00    0.17    16.00 6981.00    134.35  1523.00  17.91    0.04    19.71    0.00      0.00     0.00   0.00    0.00     0.00    0.00    0.00    2.38  93.30
sda              0.00      0.00     0.00   0.00    0.00     0.00    0.00      0.00     0.00   0.00    0.00     0.00    0.00      0.00     0.00   0.00    0.00     0.00    0.00    0.00    0.00   0.00


Device            r/s     rMB/s   rrqm/s  %rrqm r_await rareq-sz     w/s     wMB/s   wrqm/s  %wrqm w_await wareq-sz     d/s     dMB/s   drqm/s  %drqm d_await dareq-sz     f/s f_await  aqu-sz  %util
loop0            0.00      0.00     0.00   0.00    0.00     0.00    0.00      0.00     0.00   0.00    0.00     0.00    0.00      0.00     0.00   0.00    0.00     0.00    0.00    0.00    0.00   0.00
nvme0n1       12946.00    202.28     0.00   0.00    0.17    16.00 7052.00    134.97  1555.00  18.07    0.04    19.60    0.00      0.00     0.00   0.00    0.00     0.00    0.00    0.00    2.40  93.70
sda              0.00      0.00     0.00   0.00    0.00     0.00   28.00      0.49    50.00  64.10    0.25    18.00    0.00      0.00     0.00   0.00    0.00     0.00    2.00    0.00    0.01   0.20


Device            r/s     rMB/s   rrqm/s  %rrqm r_await rareq-sz     w/s     wMB/s   wrqm/s  %wrqm w_await wareq-sz     d/s     dMB/s   drqm/s  %drqm d_await dareq-sz     f/s f_await  aqu-sz  %util
loop0            0.00      0.00     0.00   0.00    0.00     0.00    0.00      0.00     0.00   0.00    0.00     0.00    0.00      0.00     0.00   0.00    0.00     0.00    0.00    0.00    0.00   0.00
nvme0n1       12909.00    201.70     0.00   0.00    0.17    16.00 7203.00    140.21  1553.00  17.74    0.04    19.93    0.00      0.00     0.00   0.00    0.00     0.00    0.00    0.00    2.41  94.60
sda              0.00      0.00     0.00   0.00    0.00     0.00   44.00      0.25     4.00   8.33    0.20     5.82    0.00      0.00     0.00   0.00    0.00     0.00    0.00    0.00    0.01   0.10


Device            r/s     rMB/s   rrqm/s  %rrqm r_await rareq-sz     w/s     wMB/s   wrqm/s  %wrqm w_await wareq-sz     d/s     dMB/s   drqm/s  %drqm d_await dareq-sz     f/s f_await  aqu-sz  %util
loop0            0.00      0.00     0.00   0.00    0.00     0.00    0.00      0.00     0.00   0.00    0.00     0.00    0.00      0.00     0.00   0.00    0.00     0.00    0.00    0.00    0.00   0.00
nvme0n1       12860.00    200.94     0.00   0.00    0.17    16.00 6882.00    131.00  1525.00  18.14    0.04    19.49    0.00      0.00     0.00   0.00    0.00     0.00    0.00    0.00    2.40  94.50
sda              0.00      0.00     0.00   0.00    0.00     0.00    0.00      0.00     0.00   0.00    0.00     0.00    0.00      0.00     0.00   0.00    0.00     0.00    0.00    0.00    0.00   0.00


Device            r/s     rMB/s   rrqm/s  %rrqm r_await rareq-sz     w/s     wMB/s   wrqm/s  %wrqm w_await wareq-sz     d/s     dMB/s   drqm/s  %drqm d_await dareq-sz     f/s f_await  aqu-sz  %util
loop0            0.00      0.00     0.00   0.00    0.00     0.00    0.00      0.00     0.00   0.00    0.00     0.00    0.00      0.00     0.00   0.00    0.00     0.00    0.00    0.00    0.00   0.00
nvme0n1       12898.00    201.53     0.00   0.00    0.17    16.00 7155.00    138.21  1574.00  18.03    0.04    19.78    0.00      0.00     0.00   0.00    0.00     0.00    0.00    0.00    2.41  92.70
sda              0.00      0.00     0.00   0.00    0.00     0.00    0.00      0.00     0.00   0.00    0.00     0.00    0.00      0.00     0.00   0.00    0.00     0.00    0.00    0.00    0.00   0.00


Device            r/s     rMB/s   rrqm/s  %rrqm r_await rareq-sz     w/s     wMB/s   wrqm/s  %wrqm w_await wareq-sz     d/s     dMB/s   drqm/s  %drqm d_await dareq-sz     f/s f_await  aqu-sz  %util
loop0            0.00      0.00     0.00   0.00    0.00     0.00    0.00      0.00     0.00   0.00    0.00     0.00    0.00      0.00     0.00   0.00    0.00     0.00    0.00    0.00    0.00   0.00
nvme0n1       12781.00    199.70     0.00   0.00    0.17    16.00 7100.00    137.08  1529.00  17.72    0.04    19.77    0.00      0.00     0.00   0.00    0.00     0.00    0.00    0.00    2.39  93.40
sda              0.00      0.00     0.00   0.00    0.00     0.00    0.00      0.00     0.00   0.00    0.00     0.00    0.00      0.00     0.00   0.00    0.00     0.00    0.00    0.00    0.00   0.00


Device            r/s     rMB/s   rrqm/s  %rrqm r_await rareq-sz     w/s     wMB/s   wrqm/s  %wrqm w_await wareq-sz     d/s     dMB/s   drqm/s  %drqm d_await dareq-sz     f/s f_await  aqu-sz  %util
loop0            0.00      0.00     0.00   0.00    0.00     0.00    0.00      0.00     0.00   0.00    0.00     0.00    0.00      0.00     0.00   0.00    0.00     0.00    0.00    0.00    0.00   0.00
nvme0n1       12803.00    200.05     0.00   0.00    0.17    16.00 6895.00    130.39  1551.00  18.36    0.04    19.36    0.00      0.00     0.00   0.00    0.00     0.00    0.00    0.00    2.38  93.50
sda              0.00      0.00     0.00   0.00    0.00     0.00   29.00      0.46    46.00  61.33    0.17    16.41    0.00      0.00     0.00   0.00    0.00     0.00    2.00    0.00    0.01   0.10


Device            r/s     rMB/s   rrqm/s  %rrqm r_await rareq-sz     w/s     wMB/s   wrqm/s  %wrqm w_await wareq-sz     d/s     dMB/s   drqm/s  %drqm d_await dareq-sz     f/s f_await  aqu-sz  %util
loop0            0.00      0.00     0.00   0.00    0.00     0.00    0.00      0.00     0.00   0.00    0.00     0.00    0.00      0.00     0.00   0.00    0.00     0.00    0.00    0.00    0.00   0.00
nvme0n1       12657.00    197.77     0.00   0.00    0.17    16.00 6952.00    136.10  1503.00  17.78    0.04    20.05    0.00      0.00     0.00   0.00    0.00     0.00    0.00    0.00    2.37  93.60
sda              0.00      0.00     0.00   0.00    0.00     0.00    1.00      0.00     0.00   0.00    0.00     4.00    0.00      0.00     0.00   0.00    0.00     0.00    0.00    0.00    0.00   0.00


Device            r/s     rMB/s   rrqm/s  %rrqm r_await rareq-sz     w/s     wMB/s   wrqm/s  %wrqm w_await wareq-sz     d/s     dMB/s   drqm/s  %drqm d_await dareq-sz     f/s f_await  aqu-sz  %util
loop0            0.00      0.00     0.00   0.00    0.00     0.00    0.00      0.00     0.00   0.00    0.00     0.00    0.00      0.00     0.00   0.00    0.00     0.00    0.00    0.00    0.00   0.00
nvme0n1       12599.00    196.86     0.00   0.00    0.17    16.00 6910.00    135.62  1518.00  18.01    0.04    20.10    0.00      0.00     0.00   0.00    0.00     0.00    0.00    0.00    2.36  94.00
sda              0.00      0.00     0.00   0.00    0.00     0.00    0.00      0.00     0.00   0.00    0.00     0.00    0.00      0.00     0.00   0.00    0.00     0.00    0.00    0.00    0.00   0.00


Device            r/s     rMB/s   rrqm/s  %rrqm r_await rareq-sz     w/s     wMB/s   wrqm/s  %wrqm w_await wareq-sz     d/s     dMB/s   drqm/s  %drqm d_await dareq-sz     f/s f_await  aqu-sz  %util
loop0            0.00      0.00     0.00   0.00    0.00     0.00    0.00      0.00     0.00   0.00    0.00     0.00    0.00      0.00     0.00   0.00    0.00     0.00    0.00    0.00    0.00   0.00
nvme0n1       12680.00    198.12     0.00   0.00    0.17    16.00 6916.00    133.60  1505.00  17.87    0.04    19.78    0.00      0.00     0.00   0.00    0.00     0.00    0.00    0.00    2.37  93.40
sda              0.00      0.00     0.00   0.00    0.00     0.00    0.00      0.00     0.00   0.00    0.00     0.00    0.00      0.00     0.00   0.00    0.00     0.00    0.00    0.00    0.00   0.00


Device            r/s     rMB/s   rrqm/s  %rrqm r_await rareq-sz     w/s     wMB/s   wrqm/s  %wrqm w_await wareq-sz     d/s     dMB/s   drqm/s  %drqm d_await dareq-sz     f/s f_await  aqu-sz  %util
loop0            0.00      0.00     0.00   0.00    0.00     0.00    0.00      0.00     0.00   0.00    0.00     0.00    0.00      0.00     0.00   0.00    0.00     0.00    0.00    0.00    0.00   0.00
nvme0n1       12878.00    201.22     0.00   0.00    0.17    16.00 6833.00    129.42  1517.00  18.17    0.04    19.40    0.00      0.00     0.00   0.00    0.00     0.00    0.00    0.00    2.40  94.50
sda              0.00      0.00     0.00   0.00    0.00     0.00    0.00      0.00     0.00   0.00    0.00     0.00    0.00      0.00     0.00   0.00    0.00     0.00    0.00    0.00    0.00   0.00


Device            r/s     rMB/s   rrqm/s  %rrqm r_await rareq-sz     w/s     wMB/s   wrqm/s  %wrqm w_await wareq-sz     d/s     dMB/s   drqm/s  %drqm d_await dareq-sz     f/s f_await  aqu-sz  %util
loop0            0.00      0.00     0.00   0.00    0.00     0.00    0.00      0.00     0.00   0.00    0.00     0.00    0.00      0.00     0.00   0.00    0.00     0.00    0.00    0.00    0.00   0.00
nvme0n1       12797.00    199.95     0.00   0.00    0.17    16.00 7144.00    137.38  1568.00  18.00    0.04    19.69    0.00      0.00     0.00   0.00    0.00     0.00    0.00    0.00    2.39  94.10
sda              0.00      0.00     0.00   0.00    0.00     0.00   27.00      0.38    26.00  49.06    0.26    14.52    0.00      0.00     0.00   0.00    0.00     0.00    2.00    0.00    0.01   0.10


Device            r/s     rMB/s   rrqm/s  %rrqm r_await rareq-sz     w/s     wMB/s   wrqm/s  %wrqm w_await wareq-sz     d/s     dMB/s   drqm/s  %drqm d_await dareq-sz     f/s f_await  aqu-sz  %util
loop0            0.00      0.00     0.00   0.00    0.00     0.00    0.00      0.00     0.00   0.00    0.00     0.00    0.00      0.00     0.00   0.00    0.00     0.00    0.00    0.00    0.00   0.00
nvme0n1       12665.00    197.89     0.00   0.00    0.17    16.00 7081.00    136.75  1515.00  17.62    0.04    19.78    0.00      0.00     0.00   0.00    0.00     0.00    0.00    0.00    2.39  94.60
sda              0.00      0.00     0.00   0.00    0.00     0.00    0.00      0.00     0.00   0.00    0.00     0.00    0.00      0.00     0.00   0.00    0.00     0.00    0.00    0.00    0.00   0.00


Device            r/s     rMB/s   rrqm/s  %rrqm r_await rareq-sz     w/s     wMB/s   wrqm/s  %wrqm w_await wareq-sz     d/s     dMB/s   drqm/s  %drqm d_await dareq-sz     f/s f_await  aqu-sz  %util
loop0            0.00      0.00     0.00   0.00    0.00     0.00    0.00      0.00     0.00   0.00    0.00     0.00    0.00      0.00     0.00   0.00    0.00     0.00    0.00    0.00    0.00   0.00
nvme0n1       12998.00    203.09     0.00   0.00    0.16    16.00 6925.00    131.79  1537.00  18.16    0.04    19.49    0.00      0.00     0.00   0.00    0.00     0.00    0.00    0.00    2.39  94.10
sda              0.00      0.00     0.00   0.00    0.00     0.00    1.00      0.00     0.00   0.00    0.00     4.00    0.00      0.00     0.00   0.00    0.00     0.00    0.00    0.00    0.00   0.00


Device            r/s     rMB/s   rrqm/s  %rrqm r_await rareq-sz     w/s     wMB/s   wrqm/s  %wrqm w_await wareq-sz     d/s     dMB/s   drqm/s  %drqm d_await dareq-sz     f/s f_await  aqu-sz  %util
loop0            0.00      0.00     0.00   0.00    0.00     0.00    0.00      0.00     0.00   0.00    0.00     0.00    0.00      0.00     0.00   0.00    0.00     0.00    0.00    0.00    0.00   0.00
nvme0n1       12806.00    200.09     0.00   0.00    0.17    16.00 7014.00    134.17  1553.00  18.13    0.04    19.59    0.00      0.00     0.00   0.00    0.00     0.00    0.00    0.00    2.39  94.20
sda              0.00      0.00     0.00   0.00    0.00     0.00    0.00      0.00     0.00   0.00    0.00     0.00    0.00      0.00     0.00   0.00    0.00     0.00    0.00    0.00    0.00   0.00


Device            r/s     rMB/s   rrqm/s  %rrqm r_await rareq-sz     w/s     wMB/s   wrqm/s  %wrqm w_await wareq-sz     d/s     dMB/s   drqm/s  %drqm d_await dareq-sz     f/s f_await  aqu-sz  %util
loop0            0.00      0.00     0.00   0.00    0.00     0.00    0.00      0.00     0.00   0.00    0.00     0.00    0.00      0.00     0.00   0.00    0.00     0.00    0.00    0.00    0.00   0.00
nvme0n1       12891.00    201.42     0.00   0.00    0.17    16.00 6969.00    134.07  1488.00  17.59    0.04    19.70    0.00      0.00     0.00   0.00    0.00     0.00    0.00    0.00    2.40  92.70
sda              0.00      0.00     0.00   0.00    0.00     0.00    0.00      0.00     0.00   0.00    0.00     0.00    0.00      0.00     0.00   0.00    0.00     0.00    0.00    0.00    0.00   0.00


Device            r/s     rMB/s   rrqm/s  %rrqm r_await rareq-sz     w/s     wMB/s   wrqm/s  %wrqm w_await wareq-sz     d/s     dMB/s   drqm/s  %drqm d_await dareq-sz     f/s f_await  aqu-sz  %util
loop0            0.00      0.00     0.00   0.00    0.00     0.00    0.00      0.00     0.00   0.00    0.00     0.00    0.00      0.00     0.00   0.00    0.00     0.00    0.00    0.00    0.00   0.00
nvme0n1       12838.00    200.59     0.00   0.00    0.17    16.00 7078.00    136.56  1532.00  17.79    0.04    19.76    0.00      0.00     0.00   0.00    0.00     0.00    0.00    0.00    2.40  93.90
sda              0.00      0.00     0.00   0.00    0.00     0.00   27.00      0.49    47.00  63.51    0.26    18.67    0.00      0.00     0.00   0.00    0.00     0.00    2.00    0.00    0.01   0.10


Device            r/s     rMB/s   rrqm/s  %rrqm r_await rareq-sz     w/s     wMB/s   wrqm/s  %wrqm w_await wareq-sz     d/s     dMB/s   drqm/s  %drqm d_await dareq-sz     f/s f_await  aqu-sz  %util
loop0            0.00      0.00     0.00   0.00    0.00     0.00    0.00      0.00     0.00   0.00    0.00     0.00    0.00      0.00     0.00   0.00    0.00     0.00    0.00    0.00    0.00   0.00
nvme0n1       12996.00    203.06     0.00   0.00    0.17    16.00 7015.00    133.21  1568.00  18.27    0.04    19.45    0.00      0.00     0.00   0.00    0.00     0.00    0.00    0.00    2.42  94.60
sda              0.00      0.00     0.00   0.00    0.00     0.00    0.00      0.00     0.00   0.00    0.00     0.00    0.00      0.00     0.00   0.00    0.00     0.00    0.00    0.00    0.00   0.00


Device            r/s     rMB/s   rrqm/s  %rrqm r_await rareq-sz     w/s     wMB/s   wrqm/s  %wrqm w_await wareq-sz     d/s     dMB/s   drqm/s  %drqm d_await dareq-sz     f/s f_await  aqu-sz  %util
loop0            0.00      0.00     0.00   0.00    0.00     0.00    0.00      0.00     0.00   0.00    0.00     0.00    0.00      0.00     0.00   0.00    0.00     0.00    0.00    0.00    0.00   0.00
nvme0n1       12813.00    200.20     0.00   0.00    0.17    16.00 7136.00    136.57  1558.00  17.92    0.04    19.60    0.00      0.00     0.00   0.00    0.00     0.00    0.00    0.00    2.41  93.50
sda              0.00      0.00     0.00   0.00    0.00     0.00    0.00      0.00     0.00   0.00    0.00     0.00    0.00      0.00     0.00   0.00    0.00     0.00    0.00    0.00    0.00   0.00


Device            r/s     rMB/s   rrqm/s  %rrqm r_await rareq-sz     w/s     wMB/s   wrqm/s  %wrqm w_await wareq-sz     d/s     dMB/s   drqm/s  %drqm d_await dareq-sz     f/s f_await  aqu-sz  %util
loop0            0.00      0.00     0.00   0.00    0.00     0.00    0.00      0.00     0.00   0.00    0.00     0.00    0.00      0.00     0.00   0.00    0.00     0.00    0.00    0.00    0.00   0.00
nvme0n1       12799.00    199.98     0.00   0.00    0.17    16.00 7085.00    135.94  1548.00  17.93    0.04    19.65    0.00      0.00     0.00   0.00    0.00     0.00    0.00    0.00    2.39  93.70
sda              0.00      0.00     0.00   0.00    0.00     0.00    1.00      0.00     0.00   0.00    0.00     4.00    0.00      0.00     0.00   0.00    0.00     0.00    0.00    0.00    0.00   0.00


Device            r/s     rMB/s   rrqm/s  %rrqm r_await rareq-sz     w/s     wMB/s   wrqm/s  %wrqm w_await wareq-sz     d/s     dMB/s   drqm/s  %drqm d_await dareq-sz     f/s f_await  aqu-sz  %util
loop0            0.00      0.00     0.00   0.00    0.00     0.00    0.00      0.00     0.00   0.00    0.00     0.00    0.00      0.00     0.00   0.00    0.00     0.00    0.00    0.00    0.00   0.00
nvme0n1       12865.00    201.02     0.00   0.00    0.17    16.00 7078.00    135.75  1534.00  17.81    0.04    19.64    0.00      0.00     0.00   0.00    0.00     0.00    0.00    0.00    2.39  94.00
sda              0.00      0.00     0.00   0.00    0.00     0.00    0.00      0.00     0.00   0.00    0.00     0.00    0.00      0.00     0.00   0.00    0.00     0.00    0.00    0.00    0.00   0.00


Device            r/s     rMB/s   rrqm/s  %rrqm r_await rareq-sz     w/s     wMB/s   wrqm/s  %wrqm w_await wareq-sz     d/s     dMB/s   drqm/s  %drqm d_await dareq-sz     f/s f_await  aqu-sz  %util
loop0            0.00      0.00     0.00   0.00    0.00     0.00    0.00      0.00     0.00   0.00    0.00     0.00    0.00      0.00     0.00   0.00    0.00     0.00    0.00    0.00    0.00   0.00
nvme0n1       12718.00    198.72     0.00   0.00    0.17    16.00 7009.00    135.87  1551.00  18.12    0.04    19.85    0.00      0.00     0.00   0.00    0.00     0.00    0.00    0.00    2.37  93.10
sda              0.00      0.00     0.00   0.00    0.00     0.00    2.00      0.14    33.00  94.29    0.00    70.00    0.00      0.00     0.00   0.00    0.00     0.00    2.00    0.00    0.00   0.00


Device            r/s     rMB/s   rrqm/s  %rrqm r_await rareq-sz     w/s     wMB/s   wrqm/s  %wrqm w_await wareq-sz     d/s     dMB/s   drqm/s  %drqm d_await dareq-sz     f/s f_await  aqu-sz  %util
loop0            0.00      0.00     0.00   0.00    0.00     0.00    0.00      0.00     0.00   0.00    0.00     0.00    0.00      0.00     0.00   0.00    0.00     0.00    0.00    0.00    0.00   0.00
nvme0n1       12791.00    199.86     0.00   0.00    0.17    16.00 7056.00    136.66  1552.00  18.03    0.04    19.83    0.00      0.00     0.00   0.00    0.00     0.00    0.00    0.00    2.38  94.00
sda              0.00      0.00     0.00   0.00    0.00     0.00   24.00      0.34    14.00  36.84    0.33    14.50    0.00      0.00     0.00   0.00    0.00     0.00    0.00    0.00    0.01   0.00


Device            r/s     rMB/s   rrqm/s  %rrqm r_await rareq-sz     w/s     wMB/s   wrqm/s  %wrqm w_await wareq-sz     d/s     dMB/s   drqm/s  %drqm d_await dareq-sz     f/s f_await  aqu-sz  %util
loop0            0.00      0.00     0.00   0.00    0.00     0.00    0.00      0.00     0.00   0.00    0.00     0.00    0.00      0.00     0.00   0.00    0.00     0.00    0.00    0.00    0.00   0.00
nvme0n1       12863.00    200.98     0.00   0.00    0.17    16.00 7128.00    137.09  1562.00  17.97    0.04    19.69    0.00      0.00     0.00   0.00    0.00     0.00    0.00    0.00    2.39  93.90
sda              0.00      0.00     0.00   0.00    0.00     0.00    0.00      0.00     0.00   0.00    0.00     0.00    0.00      0.00     0.00   0.00    0.00     0.00    0.00    0.00    0.00   0.00


Device            r/s     rMB/s   rrqm/s  %rrqm r_await rareq-sz     w/s     wMB/s   wrqm/s  %wrqm w_await wareq-sz     d/s     dMB/s   drqm/s  %drqm d_await dareq-sz     f/s f_await  aqu-sz  %util
loop0            0.00      0.00     0.00   0.00    0.00     0.00    0.00      0.00     0.00   0.00    0.00     0.00    0.00      0.00     0.00   0.00    0.00     0.00    0.00    0.00    0.00   0.00
nvme0n1       12792.00    199.88     0.00   0.00    0.17    16.00 7019.00    135.02  1528.00  17.88    0.04    19.70    0.00      0.00     0.00   0.00    0.00     0.00    0.00    0.00    2.39  93.50
sda              0.00      0.00     0.00   0.00    0.00     0.00    0.00      0.00     0.00   0.00    0.00     0.00    0.00      0.00     0.00   0.00    0.00     0.00    0.00    0.00    0.00   0.00


Device            r/s     rMB/s   rrqm/s  %rrqm r_await rareq-sz     w/s     wMB/s   wrqm/s  %wrqm w_await wareq-sz     d/s     dMB/s   drqm/s  %drqm d_await dareq-sz     f/s f_await  aqu-sz  %util
loop0            0.00      0.00     0.00   0.00    0.00     0.00    0.00      0.00     0.00   0.00    0.00     0.00    0.00      0.00     0.00   0.00    0.00     0.00    0.00    0.00    0.00   0.00
nvme0n1       12728.00    198.88     0.00   0.00    0.17    16.00 7020.00    135.53  1519.00  17.79    0.04    19.77    0.00      0.00     0.00   0.00    0.00     0.00    0.00    0.00    2.37  93.30
sda              0.00      0.00     0.00   0.00    0.00     0.00    0.00      0.00     0.00   0.00    0.00     0.00    0.00      0.00     0.00   0.00    0.00     0.00    0.00    0.00    0.00   0.00


Device            r/s     rMB/s   rrqm/s  %rrqm r_await rareq-sz     w/s     wMB/s   wrqm/s  %wrqm w_await wareq-sz     d/s     dMB/s   drqm/s  %drqm d_await dareq-sz     f/s f_await  aqu-sz  %util
loop0            0.00      0.00     0.00   0.00    0.00     0.00    0.00      0.00     0.00   0.00    0.00     0.00    0.00      0.00     0.00   0.00    0.00     0.00    0.00    0.00    0.00   0.00
nvme0n1       12919.00    201.86     0.00   0.00    0.17    16.00 7033.00    135.67  1533.00  17.90    0.04    19.75    0.00      0.00     0.00   0.00    0.00     0.00    0.00    0.00    2.42  94.60
sda              0.00      0.00     0.00   0.00    0.00     0.00    3.00      0.14    32.00  91.43    0.00    46.67    0.00      0.00     0.00   0.00    0.00     0.00    2.00    0.00    0.00   0.10


Device            r/s     rMB/s   rrqm/s  %rrqm r_await rareq-sz     w/s     wMB/s   wrqm/s  %wrqm w_await wareq-sz     d/s     dMB/s   drqm/s  %drqm d_await dareq-sz     f/s f_await  aqu-sz  %util
loop0            0.00      0.00     0.00   0.00    0.00     0.00    0.00      0.00     0.00   0.00    0.00     0.00    0.00      0.00     0.00   0.00    0.00     0.00    0.00    0.00    0.00   0.00
nvme0n1       12866.00    201.03     0.00   0.00    0.17    16.00 7122.00    137.81  1544.00  17.82    0.04    19.81    0.00      0.00     0.00   0.00    0.00     0.00    0.00    0.00    2.40  93.50
sda              0.00      0.00     0.00   0.00    0.00     0.00   25.00      0.32    13.00  34.21    0.24    13.28    0.00      0.00     0.00   0.00    0.00     0.00    0.00    0.00    0.01   0.10


Device            r/s     rMB/s   rrqm/s  %rrqm r_await rareq-sz     w/s     wMB/s   wrqm/s  %wrqm w_await wareq-sz     d/s     dMB/s   drqm/s  %drqm d_await dareq-sz     f/s f_await  aqu-sz  %util
loop0            0.00      0.00     0.00   0.00    0.00     0.00    0.00      0.00     0.00   0.00    0.00     0.00    0.00      0.00     0.00   0.00    0.00     0.00    0.00    0.00    0.00   0.00
nvme0n1       12926.00    201.97     0.00   0.00    0.17    16.00 7163.00    137.66  1596.00  18.22    0.04    19.68    0.00      0.00     0.00   0.00    0.00     0.00    0.00    0.00    2.40  95.70
sda              0.00      0.00     0.00   0.00    0.00     0.00    0.00      0.00     0.00   0.00    0.00     0.00    0.00      0.00     0.00   0.00    0.00     0.00    0.00    0.00    0.00   0.00


Device            r/s     rMB/s   rrqm/s  %rrqm r_await rareq-sz     w/s     wMB/s   wrqm/s  %wrqm w_await wareq-sz     d/s     dMB/s   drqm/s  %drqm d_await dareq-sz     f/s f_await  aqu-sz  %util
loop0            0.00      0.00     0.00   0.00    0.00     0.00    0.00      0.00     0.00   0.00    0.00     0.00    0.00      0.00     0.00   0.00    0.00     0.00    0.00    0.00    0.00   0.00
nvme0n1       13153.00    205.52     0.00   0.00    0.17    16.00 7190.00    138.09  1597.00  18.17    0.04    19.67    0.00      0.00     0.00   0.00    0.00     0.00    0.00    0.00    2.46  93.60
sda              0.00      0.00     0.00   0.00    0.00     0.00    0.00      0.00     0.00   0.00    0.00     0.00    0.00      0.00     0.00   0.00    0.00     0.00    0.00    0.00    0.00   0.00


Device            r/s     rMB/s   rrqm/s  %rrqm r_await rareq-sz     w/s     wMB/s   wrqm/s  %wrqm w_await wareq-sz     d/s     dMB/s   drqm/s  %drqm d_await dareq-sz     f/s f_await  aqu-sz  %util
loop0            0.00      0.00     0.00   0.00    0.00     0.00    0.00      0.00     0.00   0.00    0.00     0.00    0.00      0.00     0.00   0.00    0.00     0.00    0.00    0.00    0.00   0.00
nvme0n1       12774.00    199.59     0.00   0.00    0.17    16.00 7145.00    138.06  1556.00  17.88    0.04    19.79    0.00      0.00     0.00   0.00    0.00     0.00    0.00    0.00    2.39  94.60
sda              0.00      0.00     0.00   0.00    0.00     0.00    0.00      0.00     0.00   0.00    0.00     0.00    0.00      0.00     0.00   0.00    0.00     0.00    0.00    0.00    0.00   0.00


Device            r/s     rMB/s   rrqm/s  %rrqm r_await rareq-sz     w/s     wMB/s   wrqm/s  %wrqm w_await wareq-sz     d/s     dMB/s   drqm/s  %drqm d_await dareq-sz     f/s f_await  aqu-sz  %util
loop0            0.00      0.00     0.00   0.00    0.00     0.00    0.00      0.00     0.00   0.00    0.00     0.00    0.00      0.00     0.00   0.00    0.00     0.00    0.00    0.00    0.00   0.00
nvme0n1       12718.00    198.72     0.00   0.00    0.17    16.00 7071.00    136.30  1567.00  18.14    0.04    19.74    0.00      0.00     0.00   0.00    0.00     0.00    0.00    0.00    2.38  92.70
sda              0.00      0.00     0.00   0.00    0.00     0.00   55.00      0.39    41.00  42.71    0.11     7.27    0.00      0.00     0.00   0.00    0.00     0.00    2.00    0.00    0.01   0.10


Device            r/s     rMB/s   rrqm/s  %rrqm r_await rareq-sz     w/s     wMB/s   wrqm/s  %wrqm w_await wareq-sz     d/s     dMB/s   drqm/s  %drqm d_await dareq-sz     f/s f_await  aqu-sz  %util
loop0            0.00      0.00     0.00   0.00    0.00     0.00    0.00      0.00     0.00   0.00    0.00     0.00    0.00      0.00     0.00   0.00    0.00     0.00    0.00    0.00    0.00   0.00
nvme0n1       12813.00    200.20     0.00   0.00    0.17    16.00 7026.00    134.54  1574.00  18.30    0.04    19.61    0.00      0.00     0.00   0.00    0.00     0.00    0.00    0.00    2.38  94.60
sda              0.00      0.00     0.00   0.00    0.00     0.00   25.00      0.34    15.00  37.50    0.32    13.76    0.00      0.00     0.00   0.00    0.00     0.00    0.00    0.00    0.01   0.10


Device            r/s     rMB/s   rrqm/s  %rrqm r_await rareq-sz     w/s     wMB/s   wrqm/s  %wrqm w_await wareq-sz     d/s     dMB/s   drqm/s  %drqm d_await dareq-sz     f/s f_await  aqu-sz  %util
loop0            0.00      0.00     0.00   0.00    0.00     0.00    0.00      0.00     0.00   0.00    0.00     0.00    0.00      0.00     0.00   0.00    0.00     0.00    0.00    0.00    0.00   0.00
nvme0n1       12898.00    201.53     0.00   0.00    0.17    16.00 7091.00    135.56  1560.00  18.03    0.04    19.58    0.00      0.00     0.00   0.00    0.00     0.00    0.00    0.00    2.40  93.50
sda              0.00      0.00     0.00   0.00    0.00     0.00    0.00      0.00     0.00   0.00    0.00     0.00    0.00      0.00     0.00   0.00    0.00     0.00    0.00    0.00    0.00   0.00


Device            r/s     rMB/s   rrqm/s  %rrqm r_await rareq-sz     w/s     wMB/s   wrqm/s  %wrqm w_await wareq-sz     d/s     dMB/s   drqm/s  %drqm d_await dareq-sz     f/s f_await  aqu-sz  %util
loop0            0.00      0.00     0.00   0.00    0.00     0.00    0.00      0.00     0.00   0.00    0.00     0.00    0.00      0.00     0.00   0.00    0.00     0.00    0.00    0.00    0.00   0.00
nvme0n1       12825.00    200.39     0.00   0.00    0.17    16.00 7019.00    134.29  1551.00  18.10    0.04    19.59    0.00      0.00     0.00   0.00    0.00     0.00    0.00    0.00    2.39  94.30
sda              0.00      0.00     0.00   0.00    0.00     0.00    0.00      0.00     0.00   0.00    0.00     0.00    0.00      0.00     0.00   0.00    0.00     0.00    0.00    0.00    0.00   0.00


Device            r/s     rMB/s   rrqm/s  %rrqm r_await rareq-sz     w/s     wMB/s   wrqm/s  %wrqm w_await wareq-sz     d/s     dMB/s   drqm/s  %drqm d_await dareq-sz     f/s f_await  aqu-sz  %util
loop0            0.00      0.00     0.00   0.00    0.00     0.00    0.00      0.00     0.00   0.00    0.00     0.00    0.00      0.00     0.00   0.00    0.00     0.00    0.00    0.00    0.00   0.00
nvme0n1       12800.00    200.02     0.00   0.00    0.17    16.00 7061.00    135.29  1545.00  17.95    0.04    19.62    0.00      0.00     0.00   0.00    0.00     0.00    0.00    0.00    2.39  95.70
sda              0.00      0.00     0.00   0.00    0.00     0.00    0.00      0.00     0.00   0.00    0.00     0.00    0.00      0.00     0.00   0.00    0.00     0.00    0.00    0.00    0.00   0.00


Device            r/s     rMB/s   rrqm/s  %rrqm r_await rareq-sz     w/s     wMB/s   wrqm/s  %wrqm w_await wareq-sz     d/s     dMB/s   drqm/s  %drqm d_await dareq-sz     f/s f_await  aqu-sz  %util
loop0            0.00      0.00     0.00   0.00    0.00     0.00    0.00      0.00     0.00   0.00    0.00     0.00    0.00      0.00     0.00   0.00    0.00     0.00    0.00    0.00    0.00   0.00
nvme0n1       12869.00    201.06     0.00   0.00    0.17    16.00 6986.00    134.78  1531.00  17.98    0.04    19.76    0.00      0.00     0.00   0.00    0.00     0.00    0.00    0.00    2.38  93.60
sda              0.00      0.00     0.00   0.00    0.00     0.00   50.00      0.36    42.00  45.65    0.18     7.36    0.00      0.00     0.00   0.00    0.00     0.00    2.00    0.00    0.01   0.00


Device            r/s     rMB/s   rrqm/s  %rrqm r_await rareq-sz     w/s     wMB/s   wrqm/s  %wrqm w_await wareq-sz     d/s     dMB/s   drqm/s  %drqm d_await dareq-sz     f/s f_await  aqu-sz  %util
loop0            0.00      0.00     0.00   0.00    0.00     0.00    0.00      0.00     0.00   0.00    0.00     0.00    0.00      0.00     0.00   0.00    0.00     0.00    0.00    0.00    0.00   0.00
nvme0n1       12817.00    200.27     0.00   0.00    0.17    16.00 7088.00    135.30  1583.00  18.26    0.04    19.55    0.00      0.00     0.00   0.00    0.00     0.00    0.00    0.00    2.40  93.70
sda              0.00      0.00     0.00   0.00    0.00     0.00   26.00      0.32    12.00  31.58    0.31    12.77    0.00      0.00     0.00   0.00    0.00     0.00    0.00    0.00    0.01   0.10


Device            r/s     rMB/s   rrqm/s  %rrqm r_await rareq-sz     w/s     wMB/s   wrqm/s  %wrqm w_await wareq-sz     d/s     dMB/s   drqm/s  %drqm d_await dareq-sz     f/s f_await  aqu-sz  %util
loop0            0.00      0.00     0.00   0.00    0.00     0.00    0.00      0.00     0.00   0.00    0.00     0.00    0.00      0.00     0.00   0.00    0.00     0.00    0.00    0.00    0.00   0.00
nvme0n1       12768.00    199.50     0.00   0.00    0.17    16.00 7143.00    137.91  1562.00  17.94    0.04    19.77    0.00      0.00     0.00   0.00    0.00     0.00    0.00    0.00    2.39  94.20
sda              0.00      0.00     0.00   0.00    0.00     0.00    0.00      0.00     0.00   0.00    0.00     0.00    0.00      0.00     0.00   0.00    0.00     0.00    0.00    0.00    0.00   0.00


Device            r/s     rMB/s   rrqm/s  %rrqm r_await rareq-sz     w/s     wMB/s   wrqm/s  %wrqm w_await wareq-sz     d/s     dMB/s   drqm/s  %drqm d_await dareq-sz     f/s f_await  aqu-sz  %util
loop0            0.00      0.00     0.00   0.00    0.00     0.00    0.00      0.00     0.00   0.00    0.00     0.00    0.00      0.00     0.00   0.00    0.00     0.00    0.00    0.00    0.00   0.00
nvme0n1       12800.00    200.00     0.00   0.00    0.17    16.00 6969.00    133.85  1529.00  17.99    0.04    19.67    0.00      0.00     0.00   0.00    0.00     0.00    0.00    0.00    2.37  94.10
sda              0.00      0.00     0.00   0.00    0.00     0.00    0.00      0.00     0.00   0.00    0.00     0.00    0.00      0.00     0.00   0.00    0.00     0.00    0.00    0.00    0.00   0.00


Device            r/s     rMB/s   rrqm/s  %rrqm r_await rareq-sz     w/s     wMB/s   wrqm/s  %wrqm w_await wareq-sz     d/s     dMB/s   drqm/s  %drqm d_await dareq-sz     f/s f_await  aqu-sz  %util
loop0            0.00      0.00     0.00   0.00    0.00     0.00    0.00      0.00     0.00   0.00    0.00     0.00    0.00      0.00     0.00   0.00    0.00     0.00    0.00    0.00    0.00   0.00
nvme0n1       12793.00    199.89     0.00   0.00    0.17    16.00 7083.00    136.32  1578.00  18.22    0.04    19.71    0.00      0.00     0.00   0.00    0.00     0.00    0.00    0.00    2.40  94.70
sda              0.00      0.00     0.00   0.00    0.00     0.00    0.00      0.00     0.00   0.00    0.00     0.00    0.00      0.00     0.00   0.00    0.00     0.00    0.00    0.00    0.00   0.00


Device            r/s     rMB/s   rrqm/s  %rrqm r_await rareq-sz     w/s     wMB/s   wrqm/s  %wrqm w_await wareq-sz     d/s     dMB/s   drqm/s  %drqm d_await dareq-sz     f/s f_await  aqu-sz  %util
loop0            0.00      0.00     0.00   0.00    0.00     0.00    0.00      0.00     0.00   0.00    0.00     0.00    0.00      0.00     0.00   0.00    0.00     0.00    0.00    0.00    0.00   0.00
nvme0n1       12846.00    200.72     0.00   0.00    0.17    16.00 6994.00    135.53  1503.00  17.69    0.04    19.84    0.00      0.00     0.00   0.00    0.00     0.00    0.00    0.00    2.38  94.20
sda              0.00      0.00     0.00   0.00    0.00     0.00    2.00      0.13    32.00  94.12    0.00    68.00    0.00      0.00     0.00   0.00    0.00     0.00    2.00    0.00    0.00   0.10


Device            r/s     rMB/s   rrqm/s  %rrqm r_await rareq-sz     w/s     wMB/s   wrqm/s  %wrqm w_await wareq-sz     d/s     dMB/s   drqm/s  %drqm d_await dareq-sz     f/s f_await  aqu-sz  %util
loop0            0.00      0.00     0.00   0.00    0.00     0.00    0.00      0.00     0.00   0.00    0.00     0.00    0.00      0.00     0.00   0.00    0.00     0.00    0.00    0.00    0.00   0.00
nvme0n1       12862.00    200.97     0.00   0.00    0.17    16.00 7152.00    137.57  1537.00  17.69    0.04    19.70    0.00      0.00     0.00   0.00    0.00     0.00    0.00    0.00    2.40  94.20
sda              0.00      0.00     0.00   0.00    0.00     0.00   25.00      0.33    14.00  35.90    0.28    13.44    0.00      0.00     0.00   0.00    0.00     0.00    0.00    0.00    0.01   0.00


Device            r/s     rMB/s   rrqm/s  %rrqm r_await rareq-sz     w/s     wMB/s   wrqm/s  %wrqm w_await wareq-sz     d/s     dMB/s   drqm/s  %drqm d_await dareq-sz     f/s f_await  aqu-sz  %util
loop0            0.00      0.00     0.00   0.00    0.00     0.00    0.00      0.00     0.00   0.00    0.00     0.00    0.00      0.00     0.00   0.00    0.00     0.00    0.00    0.00    0.00   0.00
nvme0n1       12861.00    200.95     0.00   0.00    0.17    16.00 6901.00    131.38  1593.00  18.75    0.04    19.49    0.00      0.00     0.00   0.00    0.00     0.00    0.00    0.00    2.38  94.50
sda              0.00      0.00     0.00   0.00    0.00     0.00    0.00      0.00     0.00   0.00    0.00     0.00    0.00      0.00     0.00   0.00    0.00     0.00    0.00    0.00    0.00   0.00


Device            r/s     rMB/s   rrqm/s  %rrqm r_await rareq-sz     w/s     wMB/s   wrqm/s  %wrqm w_await wareq-sz     d/s     dMB/s   drqm/s  %drqm d_await dareq-sz     f/s f_await  aqu-sz  %util
loop0            0.00      0.00     0.00   0.00    0.00     0.00    0.00      0.00     0.00   0.00    0.00     0.00    0.00      0.00     0.00   0.00    0.00     0.00    0.00    0.00    0.00   0.00
nvme0n1       12784.00    199.75     0.00   0.00    0.17    16.00 7064.00    135.47  1548.00  17.97    0.04    19.64    0.00      0.00     0.00   0.00    0.00     0.00    0.00    0.00    2.38  93.30
sda              0.00      0.00     0.00   0.00    0.00     0.00    1.00      0.00     0.00   0.00    0.00     4.00    0.00      0.00     0.00   0.00    0.00     0.00    0.00    0.00    0.00   0.00


Device            r/s     rMB/s   rrqm/s  %rrqm r_await rareq-sz     w/s     wMB/s   wrqm/s  %wrqm w_await wareq-sz     d/s     dMB/s   drqm/s  %drqm d_await dareq-sz     f/s f_await  aqu-sz  %util
loop0            0.00      0.00     0.00   0.00    0.00     0.00    0.00      0.00     0.00   0.00    0.00     0.00    0.00      0.00     0.00   0.00    0.00     0.00    0.00    0.00    0.00   0.00
nvme0n1       12813.00    200.20     0.00   0.00    0.16    16.00 7163.00    137.73  1586.00  18.13    0.04    19.69    0.00      0.00     0.00   0.00    0.00     0.00    0.00    0.00    2.38  94.70
sda              0.00      0.00     0.00   0.00    0.00     0.00    0.00      0.00     0.00   0.00    0.00     0.00    0.00      0.00     0.00   0.00    0.00     0.00    0.00    0.00    0.00   0.00


Device            r/s     rMB/s   rrqm/s  %rrqm r_await rareq-sz     w/s     wMB/s   wrqm/s  %wrqm w_await wareq-sz     d/s     dMB/s   drqm/s  %drqm d_await dareq-sz     f/s f_await  aqu-sz  %util
loop0            0.00      0.00     0.00   0.00    0.00     0.00    0.00      0.00     0.00   0.00    0.00     0.00    0.00      0.00     0.00   0.00    0.00     0.00    0.00    0.00    0.00   0.00
nvme0n1       12714.00    198.66     0.00   0.00    0.17    16.00 7070.00    136.89  1526.00  17.75    0.04    19.83    0.00      0.00     0.00   0.00    0.00     0.00    0.00    0.00    2.38  93.70
sda              0.00      0.00     0.00   0.00    0.00     0.00    2.00      0.16    38.00  95.00    0.50    80.00    0.00      0.00     0.00   0.00    0.00     0.00    2.00    0.00    0.00   0.00


Device            r/s     rMB/s   rrqm/s  %rrqm r_await rareq-sz     w/s     wMB/s   wrqm/s  %wrqm w_await wareq-sz     d/s     dMB/s   drqm/s  %drqm d_await dareq-sz     f/s f_await  aqu-sz  %util
loop0            0.00      0.00     0.00   0.00    0.00     0.00    0.00      0.00     0.00   0.00    0.00     0.00    0.00      0.00     0.00   0.00    0.00     0.00    0.00    0.00    0.00   0.00
nvme0n1       12870.00    201.09     0.00   0.00    0.17    16.00 6995.00    133.83  1570.00  18.33    0.04    19.59    0.00      0.00     0.00   0.00    0.00     0.00    0.00    0.00    2.39  94.30
sda              0.00      0.00     0.00   0.00    0.00     0.00   26.00      0.33    12.00  31.58    0.23    12.92    0.00      0.00     0.00   0.00    0.00     0.00    0.00    0.00    0.01   0.00


Device            r/s     rMB/s   rrqm/s  %rrqm r_await rareq-sz     w/s     wMB/s   wrqm/s  %wrqm w_await wareq-sz     d/s     dMB/s   drqm/s  %drqm d_await dareq-sz     f/s f_await  aqu-sz  %util
loop0            0.00      0.00     0.00   0.00    0.00     0.00    0.00      0.00     0.00   0.00    0.00     0.00    0.00      0.00     0.00   0.00    0.00     0.00    0.00    0.00    0.00   0.00
nvme0n1       12714.00    198.66     0.00   0.00    0.17    16.00 7093.00    137.74  1515.00  17.60    0.04    19.89    0.00      0.00     0.00   0.00    0.00     0.00    0.00    0.00    2.38  93.60
sda              0.00      0.00     0.00   0.00    0.00     0.00    0.00      0.00     0.00   0.00    0.00     0.00    0.00      0.00     0.00   0.00    0.00     0.00    0.00    0.00    0.00   0.00


Device            r/s     rMB/s   rrqm/s  %rrqm r_await rareq-sz     w/s     wMB/s   wrqm/s  %wrqm w_await wareq-sz     d/s     dMB/s   drqm/s  %drqm d_await dareq-sz     f/s f_await  aqu-sz  %util
loop0            0.00      0.00     0.00   0.00    0.00     0.00    0.00      0.00     0.00   0.00    0.00     0.00    0.00      0.00     0.00   0.00    0.00     0.00    0.00    0.00    0.00   0.00
nvme0n1       12730.00    198.91     0.00   0.00    0.17    16.00 7073.00    137.00  1514.00  17.63    0.04    19.83    0.00      0.00     0.00   0.00    0.00     0.00    0.00    0.00    2.38  94.10
sda              0.00      0.00     0.00   0.00    0.00     0.00    1.00      0.00     0.00   0.00    0.00     4.00    0.00      0.00     0.00   0.00    0.00     0.00    0.00    0.00    0.00   0.00


Device            r/s     rMB/s   rrqm/s  %rrqm r_await rareq-sz     w/s     wMB/s   wrqm/s  %wrqm w_await wareq-sz     d/s     dMB/s   drqm/s  %drqm d_await dareq-sz     f/s f_await  aqu-sz  %util
loop0            0.00      0.00     0.00   0.00    0.00     0.00    0.00      0.00     0.00   0.00    0.00     0.00    0.00      0.00     0.00   0.00    0.00     0.00    0.00    0.00    0.00   0.00
nvme0n1       12808.00    200.13     0.00   0.00    0.17    16.00 7128.00    137.12  1577.00  18.12    0.04    19.70    0.00      0.00     0.00   0.00    0.00     0.00    0.00    0.00    2.40  94.70
sda              0.00      0.00     0.00   0.00    0.00     0.00    0.00      0.00     0.00   0.00    0.00     0.00    0.00      0.00     0.00   0.00    0.00     0.00    0.00    0.00    0.00   0.00


Device            r/s     rMB/s   rrqm/s  %rrqm r_await rareq-sz     w/s     wMB/s   wrqm/s  %wrqm w_await wareq-sz     d/s     dMB/s   drqm/s  %drqm d_await dareq-sz     f/s f_await  aqu-sz  %util
loop0            0.00      0.00     0.00   0.00    0.00     0.00    0.00      0.00     0.00   0.00    0.00     0.00    0.00      0.00     0.00   0.00    0.00     0.00    0.00    0.00    0.00   0.00
nvme0n1       12880.00    201.25     0.00   0.00    0.17    16.00 6984.00    135.18  1511.00  17.79    0.04    19.82    0.00      0.00     0.00   0.00    0.00     0.00    0.00    0.00    2.41  94.40
sda              0.00      0.00     0.00   0.00    0.00     0.00    3.00      0.14    34.00  91.89    0.33    49.33    0.00      0.00     0.00   0.00    0.00     0.00    2.00    0.00    0.00   0.10


Device            r/s     rMB/s   rrqm/s  %rrqm r_await rareq-sz     w/s     wMB/s   wrqm/s  %wrqm w_await wareq-sz     d/s     dMB/s   drqm/s  %drqm d_await dareq-sz     f/s f_await  aqu-sz  %util
loop0            0.00      0.00     0.00   0.00    0.00     0.00    0.00      0.00     0.00   0.00    0.00     0.00    0.00      0.00     0.00   0.00    0.00     0.00    0.00    0.00    0.00   0.00
nvme0n1       12829.00    200.45     0.00   0.00    0.17    16.00 7027.00    135.20  1562.00  18.19    0.04    19.70    0.00      0.00     0.00   0.00    0.00     0.00    0.00    0.00    2.40  94.60
sda              0.00      0.00     0.00   0.00    0.00     0.00   25.00      0.33    12.00  32.43    0.24    13.44    0.00      0.00     0.00   0.00    0.00     0.00    0.00    0.00    0.01   0.10


Device            r/s     rMB/s   rrqm/s  %rrqm r_await rareq-sz     w/s     wMB/s   wrqm/s  %wrqm w_await wareq-sz     d/s     dMB/s   drqm/s  %drqm d_await dareq-sz     f/s f_await  aqu-sz  %util
loop0            0.00      0.00     0.00   0.00    0.00     0.00    0.00      0.00     0.00   0.00    0.00     0.00    0.00      0.00     0.00   0.00    0.00     0.00    0.00    0.00    0.00   0.00
nvme0n1       12847.00    200.73     0.00   0.00    0.17    16.00 7107.00    137.55  1544.00  17.85    0.04    19.82    0.00      0.00     0.00   0.00    0.00     0.00    0.00    0.00    2.40  94.10
sda              0.00      0.00     0.00   0.00    0.00     0.00    0.00      0.00     0.00   0.00    0.00     0.00    0.00      0.00     0.00   0.00    0.00     0.00    0.00    0.00    0.00   0.00


Device            r/s     rMB/s   rrqm/s  %rrqm r_await rareq-sz     w/s     wMB/s   wrqm/s  %wrqm w_await wareq-sz     d/s     dMB/s   drqm/s  %drqm d_await dareq-sz     f/s f_await  aqu-sz  %util
loop0            0.00      0.00     0.00   0.00    0.00     0.00    0.00      0.00     0.00   0.00    0.00     0.00    0.00      0.00     0.00   0.00    0.00     0.00    0.00    0.00    0.00   0.00
nvme0n1       12877.00    201.20     0.00   0.00    0.17    16.00 6810.00    130.75  1503.00  18.08    0.04    19.66    0.00      0.00     0.00   0.00    0.00     0.00    0.00    0.00    2.39  93.20
sda              0.00      0.00     0.00   0.00    0.00     0.00    1.00      0.00     0.00   0.00    0.00     4.00    0.00      0.00     0.00   0.00    0.00     0.00    0.00    0.00    0.00   0.00


Device            r/s     rMB/s   rrqm/s  %rrqm r_await rareq-sz     w/s     wMB/s   wrqm/s  %wrqm w_await wareq-sz     d/s     dMB/s   drqm/s  %drqm d_await dareq-sz     f/s f_await  aqu-sz  %util
loop0            0.00      0.00     0.00   0.00    0.00     0.00    0.00      0.00     0.00   0.00    0.00     0.00    0.00      0.00     0.00   0.00    0.00     0.00    0.00    0.00    0.00   0.00
nvme0n1       12753.00    199.27     0.00   0.00    0.17    16.00 7040.00    136.61  1526.00  17.81    0.04    19.87    0.00      0.00     0.00   0.00    0.00     0.00    0.00    0.00    2.39  93.40
sda              0.00      0.00     0.00   0.00    0.00     0.00    0.00      0.00     0.00   0.00    0.00     0.00    0.00      0.00     0.00   0.00    0.00     0.00    0.00    0.00    0.00   0.00


Device            r/s     rMB/s   rrqm/s  %rrqm r_await rareq-sz     w/s     wMB/s   wrqm/s  %wrqm w_await wareq-sz     d/s     dMB/s   drqm/s  %drqm d_await dareq-sz     f/s f_await  aqu-sz  %util
loop0            0.00      0.00     0.00   0.00    0.00     0.00    0.00      0.00     0.00   0.00    0.00     0.00    0.00      0.00     0.00   0.00    0.00     0.00    0.00    0.00    0.00   0.00
nvme0n1       12732.00    198.94     0.00   0.00    0.17    16.00 7032.00    137.98  1494.00  17.52    0.04    20.09    0.00      0.00     0.00   0.00    0.00     0.00    0.00    0.00    2.38  93.10
sda              0.00      0.00     0.00   0.00    0.00     0.00    2.00      0.13    31.00  93.94    0.00    66.00    0.00      0.00     0.00   0.00    0.00     0.00    2.00    0.00    0.00   0.10


Device            r/s     rMB/s   rrqm/s  %rrqm r_await rareq-sz     w/s     wMB/s   wrqm/s  %wrqm w_await wareq-sz     d/s     dMB/s   drqm/s  %drqm d_await dareq-sz     f/s f_await  aqu-sz  %util
loop0            0.00      0.00     0.00   0.00    0.00     0.00    0.00      0.00     0.00   0.00    0.00     0.00    0.00      0.00     0.00   0.00    0.00     0.00    0.00    0.00    0.00   0.00
nvme0n1       12837.00    200.58     0.00   0.00    0.17    16.00 7116.00    138.25  1539.00  17.78    0.04    19.89    0.00      0.00     0.00   0.00    0.00     0.00    0.00    0.00    2.40  92.80
sda              0.00      0.00     0.00   0.00    0.00     0.00   27.00      0.34    13.00  32.50    0.26    12.74    0.00      0.00     0.00   0.00    0.00     0.00    0.00    0.00    0.01   0.10


Device            r/s     rMB/s   rrqm/s  %rrqm r_await rareq-sz     w/s     wMB/s   wrqm/s  %wrqm w_await wareq-sz     d/s     dMB/s   drqm/s  %drqm d_await dareq-sz     f/s f_await  aqu-sz  %util
loop0            0.00      0.00     0.00   0.00    0.00     0.00    0.00      0.00     0.00   0.00    0.00     0.00    0.00      0.00     0.00   0.00    0.00     0.00    0.00    0.00    0.00   0.00
nvme0n1       12904.00    201.62     0.00   0.00    0.17    16.00 7116.00    136.64  1588.00  18.24    0.04    19.66    0.00      0.00     0.00   0.00    0.00     0.00    0.00    0.00    2.41  94.20
sda              0.00      0.00     0.00   0.00    0.00     0.00    0.00      0.00     0.00   0.00    0.00     0.00    0.00      0.00     0.00   0.00    0.00     0.00    0.00    0.00    0.00   0.00


Device            r/s     rMB/s   rrqm/s  %rrqm r_await rareq-sz     w/s     wMB/s   wrqm/s  %wrqm w_await wareq-sz     d/s     dMB/s   drqm/s  %drqm d_await dareq-sz     f/s f_await  aqu-sz  %util
loop0            0.00      0.00     0.00   0.00    0.00     0.00    0.00      0.00     0.00   0.00    0.00     0.00    0.00      0.00     0.00   0.00    0.00     0.00    0.00    0.00    0.00   0.00
nvme0n1       12766.00    199.47     0.00   0.00    0.17    16.00 7034.00    135.47  1564.00  18.19    0.04    19.72    0.00      0.00     0.00   0.00    0.00     0.00    0.00    0.00    2.39  93.50
sda              0.00      0.00     0.00   0.00    0.00     0.00    0.00      0.00     0.00   0.00    0.00     0.00    0.00      0.00     0.00   0.00    0.00     0.00    0.00    0.00    0.00   0.00


Device            r/s     rMB/s   rrqm/s  %rrqm r_await rareq-sz     w/s     wMB/s   wrqm/s  %wrqm w_await wareq-sz     d/s     dMB/s   drqm/s  %drqm d_await dareq-sz     f/s f_await  aqu-sz  %util
loop0            0.00      0.00     0.00   0.00    0.00     0.00    0.00      0.00     0.00   0.00    0.00     0.00    0.00      0.00     0.00   0.00    0.00     0.00    0.00    0.00    0.00   0.00
nvme0n1       12899.00    201.55     0.00   0.00    0.17    16.00 7168.00    138.06  1599.00  18.24    0.04    19.72    0.00      0.00     0.00   0.00    0.00     0.00    0.00    0.00    2.42  95.20
sda              0.00      0.00     0.00   0.00    0.00     0.00    1.00      0.00     0.00   0.00    0.00     4.00    0.00      0.00     0.00   0.00    0.00     0.00    0.00    0.00    0.00   0.00


Device            r/s     rMB/s   rrqm/s  %rrqm r_await rareq-sz     w/s     wMB/s   wrqm/s  %wrqm w_await wareq-sz     d/s     dMB/s   drqm/s  %drqm d_await dareq-sz     f/s f_await  aqu-sz  %util
loop0            0.00      0.00     0.00   0.00    0.00     0.00    0.00      0.00     0.00   0.00    0.00     0.00    0.00      0.00     0.00   0.00    0.00     0.00    0.00    0.00    0.00   0.00
nvme0n1       12846.00    200.72     0.00   0.00    0.17    16.00 7136.00    136.78  1605.00  18.36    0.04    19.63    0.00      0.00     0.00   0.00    0.00     0.00    0.00    0.00    2.40  95.10
sda              0.00      0.00     0.00   0.00    0.00     0.00    4.00      0.25    43.00  91.49    0.25    63.00    0.00      0.00     0.00   0.00    0.00     0.00    2.00    0.00    0.00   0.10


Device            r/s     rMB/s   rrqm/s  %rrqm r_await rareq-sz     w/s     wMB/s   wrqm/s  %wrqm w_await wareq-sz     d/s     dMB/s   drqm/s  %drqm d_await dareq-sz     f/s f_await  aqu-sz  %util
loop0            0.00      0.00     0.00   0.00    0.00     0.00    0.00      0.00     0.00   0.00    0.00     0.00    0.00      0.00     0.00   0.00    0.00     0.00    0.00    0.00    0.00   0.00
nvme0n1       12950.00    202.34     0.00   0.00    0.17    16.00 7083.00    134.84  1604.00  18.46    0.04    19.49    0.00      0.00     0.00   0.00    0.00     0.00    0.00    0.00    2.42  94.40
sda              0.00      0.00     0.00   0.00    0.00     0.00    1.00      0.00     0.00   0.00    0.00     4.00    0.00      0.00     0.00   0.00    0.00     0.00    0.00    0.00    0.00   0.00


Device            r/s     rMB/s   rrqm/s  %rrqm r_await rareq-sz     w/s     wMB/s   wrqm/s  %wrqm w_await wareq-sz     d/s     dMB/s   drqm/s  %drqm d_await dareq-sz     f/s f_await  aqu-sz  %util
loop0            0.00      0.00     0.00   0.00    0.00     0.00    0.00      0.00     0.00   0.00    0.00     0.00    0.00      0.00     0.00   0.00    0.00     0.00    0.00    0.00    0.00   0.00
nvme0n1       12791.00    199.86     0.00   0.00    0.17    16.00 6954.00    134.15  1523.00  17.97    0.04    19.75    0.00      0.00     0.00   0.00    0.00     0.00    0.00    0.00    2.40  94.30
sda              0.00      0.00     0.00   0.00    0.00     0.00   25.00      0.34    13.00  34.21    0.24    13.76    0.00      0.00     0.00   0.00    0.00     0.00    0.00    0.00    0.01   0.00


Device            r/s     rMB/s   rrqm/s  %rrqm r_await rareq-sz     w/s     wMB/s   wrqm/s  %wrqm w_await wareq-sz     d/s     dMB/s   drqm/s  %drqm d_await dareq-sz     f/s f_await  aqu-sz  %util
loop0            0.00      0.00     0.00   0.00    0.00     0.00    0.00      0.00     0.00   0.00    0.00     0.00    0.00      0.00     0.00   0.00    0.00     0.00    0.00    0.00    0.00   0.00
nvme0n1       12769.00    199.52     0.00   0.00    0.17    16.00 7074.00    135.81  1570.00  18.16    0.04    19.66    0.00      0.00     0.00   0.00    0.00     0.00    0.00    0.00    2.38  94.20
sda              0.00      0.00     0.00   0.00    0.00     0.00    0.00      0.00     0.00   0.00    0.00     0.00    0.00      0.00     0.00   0.00    0.00     0.00    0.00    0.00    0.00   0.00


Device            r/s     rMB/s   rrqm/s  %rrqm r_await rareq-sz     w/s     wMB/s   wrqm/s  %wrqm w_await wareq-sz     d/s     dMB/s   drqm/s  %drqm d_await dareq-sz     f/s f_await  aqu-sz  %util
loop0            0.00      0.00     0.00   0.00    0.00     0.00    0.00      0.00     0.00   0.00    0.00     0.00    0.00      0.00     0.00   0.00    0.00     0.00    0.00    0.00    0.00   0.00
nvme0n1       12903.00    201.61     0.00   0.00    0.17    16.00 7115.00    136.97  1590.00  18.27    0.04    19.71    0.00      0.00     0.00   0.00    0.00     0.00    0.00    0.00    2.41  94.00
sda              0.00      0.00     0.00   0.00    0.00     0.00    0.00      0.00     0.00   0.00    0.00     0.00    0.00      0.00     0.00   0.00    0.00     0.00    0.00    0.00    0.00   0.00


Device            r/s     rMB/s   rrqm/s  %rrqm r_await rareq-sz     w/s     wMB/s   wrqm/s  %wrqm w_await wareq-sz     d/s     dMB/s   drqm/s  %drqm d_await dareq-sz     f/s f_await  aqu-sz  %util
loop0            0.00      0.00     0.00   0.00    0.00     0.00    0.00      0.00     0.00   0.00    0.00     0.00    0.00      0.00     0.00   0.00    0.00     0.00    0.00    0.00    0.00   0.00
nvme0n1       12781.00    199.70     0.00   0.00    0.17    16.00 7010.00    134.02  1572.00  18.32    0.04    19.58    0.00      0.00     0.00   0.00    0.00     0.00    0.00    0.00    2.40  93.90
sda              0.00      0.00     0.00   0.00    0.00     0.00    2.00      0.15    36.00  94.74    0.50    76.00    0.00      0.00     0.00   0.00    0.00     0.00    2.00    0.00    0.00   0.00


Device            r/s     rMB/s   rrqm/s  %rrqm r_await rareq-sz     w/s     wMB/s   wrqm/s  %wrqm w_await wareq-sz     d/s     dMB/s   drqm/s  %drqm d_await dareq-sz     f/s f_await  aqu-sz  %util
loop0            0.00      0.00     0.00   0.00    0.00     0.00    0.00      0.00     0.00   0.00    0.00     0.00    0.00      0.00     0.00   0.00    0.00     0.00    0.00    0.00    0.00   0.00
nvme0n1       12750.00    199.22     0.00   0.00    0.17    16.00 6993.00    134.80  1530.00  17.95    0.04    19.74    0.00      0.00     0.00   0.00    0.00     0.00    0.00    0.00    2.39  93.10
sda              0.00      0.00     0.00   0.00    0.00     0.00    1.00      0.00     0.00   0.00    0.00     4.00    0.00      0.00     0.00   0.00    0.00     0.00    0.00    0.00    0.00   0.00


Device            r/s     rMB/s   rrqm/s  %rrqm r_await rareq-sz     w/s     wMB/s   wrqm/s  %wrqm w_await wareq-sz     d/s     dMB/s   drqm/s  %drqm d_await dareq-sz     f/s f_await  aqu-sz  %util
loop0            0.00      0.00     0.00   0.00    0.00     0.00    0.00      0.00     0.00   0.00    0.00     0.00    0.00      0.00     0.00   0.00    0.00     0.00    0.00    0.00    0.00   0.00
nvme0n1       12784.00    199.75     0.00   0.00    0.17    16.00 7106.00    136.66  1540.00  17.81    0.04    19.69    0.00      0.00     0.00   0.00    0.00     0.00    0.00    0.00    2.39  93.70
sda              0.00      0.00     0.00   0.00    0.00     0.00   25.00      0.32    12.00  32.43    0.24    13.28    0.00      0.00     0.00   0.00    0.00     0.00    0.00    0.00    0.01   0.10


Device            r/s     rMB/s   rrqm/s  %rrqm r_await rareq-sz     w/s     wMB/s   wrqm/s  %wrqm w_await wareq-sz     d/s     dMB/s   drqm/s  %drqm d_await dareq-sz     f/s f_await  aqu-sz  %util
loop0            0.00      0.00     0.00   0.00    0.00     0.00    0.00      0.00     0.00   0.00    0.00     0.00    0.00      0.00     0.00   0.00    0.00     0.00    0.00    0.00    0.00   0.00
nvme0n1       12854.00    200.84     0.00   0.00    0.17    16.00 7107.00    136.04  1543.00  17.84    0.04    19.60    0.00      0.00     0.00   0.00    0.00     0.00    0.00    0.00    2.40  94.40
sda              0.00      0.00     0.00   0.00    0.00     0.00    0.00      0.00     0.00   0.00    0.00     0.00    0.00      0.00     0.00   0.00    0.00     0.00    0.00    0.00    0.00   0.00


Device            r/s     rMB/s   rrqm/s  %rrqm r_await rareq-sz     w/s     wMB/s   wrqm/s  %wrqm w_await wareq-sz     d/s     dMB/s   drqm/s  %drqm d_await dareq-sz     f/s f_await  aqu-sz  %util
loop0            0.00      0.00     0.00   0.00    0.00     0.00    0.00      0.00     0.00   0.00    0.00     0.00    0.00      0.00     0.00   0.00    0.00     0.00    0.00    0.00    0.00   0.00
nvme0n1       12819.00    200.30     0.00   0.00    0.17    16.00 7056.00    134.95  1584.00  18.33    0.04    19.59    0.00      0.00     0.00   0.00    0.00     0.00    0.00    0.00    2.39  94.30
sda              0.00      0.00     0.00   0.00    0.00     0.00    0.00      0.00     0.00   0.00    0.00     0.00    0.00      0.00     0.00   0.00    0.00     0.00    0.00    0.00    0.00   0.00


Device            r/s     rMB/s   rrqm/s  %rrqm r_await rareq-sz     w/s     wMB/s   wrqm/s  %wrqm w_await wareq-sz     d/s     dMB/s   drqm/s  %drqm d_await dareq-sz     f/s f_await  aqu-sz  %util
loop0            0.00      0.00     0.00   0.00    0.00     0.00    0.00      0.00     0.00   0.00    0.00     0.00    0.00      0.00     0.00   0.00    0.00     0.00    0.00    0.00    0.00   0.00
nvme0n1       12688.00    198.25     0.00   0.00    0.17    16.00 7196.00    139.18  1525.00  17.49    0.04    19.81    0.00      0.00     0.00   0.00    0.00     0.00    0.00    0.00    2.37  93.70
sda              0.00      0.00     0.00   0.00    0.00     0.00    2.00      0.13    32.00  94.12    0.00    68.00    0.00      0.00     0.00   0.00    0.00     0.00    2.00    0.00    0.00   0.00


Device            r/s     rMB/s   rrqm/s  %rrqm r_await rareq-sz     w/s     wMB/s   wrqm/s  %wrqm w_await wareq-sz     d/s     dMB/s   drqm/s  %drqm d_await dareq-sz     f/s f_await  aqu-sz  %util
loop0            0.00      0.00     0.00   0.00    0.00     0.00    0.00      0.00     0.00   0.00    0.00     0.00    0.00      0.00     0.00   0.00    0.00     0.00    0.00    0.00    0.00   0.00
nvme0n1       12832.00    200.50     0.00   0.00    0.17    16.00 7142.00    137.16  1551.00  17.84    0.04    19.67    0.00      0.00     0.00   0.00    0.00     0.00    0.00    0.00    2.39  93.80
sda              0.00      0.00     0.00   0.00    0.00     0.00   46.00      0.20     4.00   8.00    0.17     4.35    0.00      0.00     0.00   0.00    0.00     0.00    0.00    0.00    0.01   0.00


Device            r/s     rMB/s   rrqm/s  %rrqm r_await rareq-sz     w/s     wMB/s   wrqm/s  %wrqm w_await wareq-sz     d/s     dMB/s   drqm/s  %drqm d_await dareq-sz     f/s f_await  aqu-sz  %util
loop0            0.00      0.00     0.00   0.00    0.00     0.00    0.00      0.00     0.00   0.00    0.00     0.00    0.00      0.00     0.00   0.00    0.00     0.00    0.00    0.00    0.00   0.00
nvme0n1       12828.00    200.44     0.00   0.00    0.17    16.00 6976.00    135.25  1505.00  17.75    0.04    19.85    0.00      0.00     0.00   0.00    0.00     0.00    0.00    0.00    2.39  94.20
sda              0.00      0.00     0.00   0.00    0.00     0.00   27.00      0.33    12.00  30.77    0.26    12.59    0.00      0.00     0.00   0.00    0.00     0.00    0.00    0.00    0.01   0.10


Device            r/s     rMB/s   rrqm/s  %rrqm r_await rareq-sz     w/s     wMB/s   wrqm/s  %wrqm w_await wareq-sz     d/s     dMB/s   drqm/s  %drqm d_await dareq-sz     f/s f_await  aqu-sz  %util
loop0            0.00      0.00     0.00   0.00    0.00     0.00    0.00      0.00     0.00   0.00    0.00     0.00    0.00      0.00     0.00   0.00    0.00     0.00    0.00    0.00    0.00   0.00
nvme0n1       12730.00    198.91     0.00   0.00    0.17    16.00 7029.00    135.82  1538.00  17.95    0.04    19.79    0.00      0.00     0.00   0.00    0.00     0.00    0.00    0.00    2.38  93.90
sda              0.00      0.00     0.00   0.00    0.00     0.00    0.00      0.00     0.00   0.00    0.00     0.00    0.00      0.00     0.00   0.00    0.00     0.00    0.00    0.00    0.00   0.00


Device            r/s     rMB/s   rrqm/s  %rrqm r_await rareq-sz     w/s     wMB/s   wrqm/s  %wrqm w_await wareq-sz     d/s     dMB/s   drqm/s  %drqm d_await dareq-sz     f/s f_await  aqu-sz  %util
loop0            0.00      0.00     0.00   0.00    0.00     0.00    0.00      0.00     0.00   0.00    0.00     0.00    0.00      0.00     0.00   0.00    0.00     0.00    0.00    0.00    0.00   0.00
nvme0n1       12874.00    201.16     0.00   0.00    0.17    16.00 6766.00    128.47  1537.00  18.51    0.04    19.44    0.00      0.00     0.00   0.00    0.00     0.00    0.00    0.00    2.38  93.30
sda              0.00      0.00     0.00   0.00    0.00     0.00    0.00      0.00     0.00   0.00    0.00     0.00    0.00      0.00     0.00   0.00    0.00     0.00    0.00    0.00    0.00   0.00


Device            r/s     rMB/s   rrqm/s  %rrqm r_await rareq-sz     w/s     wMB/s   wrqm/s  %wrqm w_await wareq-sz     d/s     dMB/s   drqm/s  %drqm d_await dareq-sz     f/s f_await  aqu-sz  %util
loop0            0.00      0.00     0.00   0.00    0.00     0.00    0.00      0.00     0.00   0.00    0.00     0.00    0.00      0.00     0.00   0.00    0.00     0.00    0.00    0.00    0.00   0.00
nvme0n1       12697.00    198.39     0.00   0.00    0.17    16.00 7282.00    143.26  1529.00  17.35    0.04    20.15    0.00      0.00     0.00   0.00    0.00     0.00    0.00    0.00    2.40  93.70
sda              0.00      0.00     0.00   0.00    0.00     0.00    2.00      0.16    38.00  95.00    0.00    80.00    0.00      0.00     0.00   0.00    0.00     0.00    2.00    0.00    0.00   0.00


Device            r/s     rMB/s   rrqm/s  %rrqm r_await rareq-sz     w/s     wMB/s   wrqm/s  %wrqm w_await wareq-sz     d/s     dMB/s   drqm/s  %drqm d_await dareq-sz     f/s f_await  aqu-sz  %util
loop0            0.00      0.00     0.00   0.00    0.00     0.00    0.00      0.00     0.00   0.00    0.00     0.00    0.00      0.00     0.00   0.00    0.00     0.00    0.00    0.00    0.00   0.00
nvme0n1       12829.00    200.47     0.00   0.00    0.17    16.00 6720.00    126.69  1549.00  18.73    0.04    19.31    0.00      0.00     0.00   0.00    0.00     0.00    0.00    0.00    2.38  95.30
sda              0.00      0.00     0.00   0.00    0.00     0.00    0.00      0.00     0.00   0.00    0.00     0.00    0.00      0.00     0.00   0.00    0.00     0.00    0.00    0.00    0.00   0.00


Device            r/s     rMB/s   rrqm/s  %rrqm r_await rareq-sz     w/s     wMB/s   wrqm/s  %wrqm w_await wareq-sz     d/s     dMB/s   drqm/s  %drqm d_await dareq-sz     f/s f_await  aqu-sz  %util
loop0            0.00      0.00     0.00   0.00    0.00     0.00    0.00      0.00     0.00   0.00    0.00     0.00    0.00      0.00     0.00   0.00    0.00     0.00    0.00    0.00    0.00   0.00
nvme0n1       12767.00    199.47     0.00   0.00    0.17    16.00 7108.00    137.27  1530.00  17.71    0.04    19.77    0.00      0.00     0.00   0.00    0.00     0.00    0.00    0.00    2.38  93.60
sda              0.00      0.00     0.00   0.00    0.00     0.00   28.00      0.33    12.00  30.00    0.21    12.14    0.00      0.00     0.00   0.00    0.00     0.00    0.00    0.00    0.01   0.10


Device            r/s     rMB/s   rrqm/s  %rrqm r_await rareq-sz     w/s     wMB/s   wrqm/s  %wrqm w_await wareq-sz     d/s     dMB/s   drqm/s  %drqm d_await dareq-sz     f/s f_await  aqu-sz  %util
loop0            0.00      0.00     0.00   0.00    0.00     0.00    0.00      0.00     0.00   0.00    0.00     0.00    0.00      0.00     0.00   0.00    0.00     0.00    0.00    0.00    0.00   0.00
nvme0n1       12789.00    199.83     0.00   0.00    0.17    16.00 7037.00    136.59  1556.00  18.11    0.04    19.88    0.00      0.00     0.00   0.00    0.00     0.00    0.00    0.00    2.40  94.60
sda              0.00      0.00     0.00   0.00    0.00     0.00    0.00      0.00     0.00   0.00    0.00     0.00    0.00      0.00     0.00   0.00    0.00     0.00    0.00    0.00    0.00   0.00


Device            r/s     rMB/s   rrqm/s  %rrqm r_await rareq-sz     w/s     wMB/s   wrqm/s  %wrqm w_await wareq-sz     d/s     dMB/s   drqm/s  %drqm d_await dareq-sz     f/s f_await  aqu-sz  %util
loop0            0.00      0.00     0.00   0.00    0.00     0.00    0.00      0.00     0.00   0.00    0.00     0.00    0.00      0.00     0.00   0.00    0.00     0.00    0.00    0.00    0.00   0.00
nvme0n1       12768.00    199.50     0.00   0.00    0.17    16.00 7017.00    135.11  1555.00  18.14    0.04    19.72    0.00      0.00     0.00   0.00    0.00     0.00    0.00    0.00    2.38  94.00
sda              0.00      0.00     0.00   0.00    0.00     0.00    0.00      0.00     0.00   0.00    0.00     0.00    0.00      0.00     0.00   0.00    0.00     0.00    0.00    0.00    0.00   0.00


Device            r/s     rMB/s   rrqm/s  %rrqm r_await rareq-sz     w/s     wMB/s   wrqm/s  %wrqm w_await wareq-sz     d/s     dMB/s   drqm/s  %drqm d_await dareq-sz     f/s f_await  aqu-sz  %util
loop0            0.00      0.00     0.00   0.00    0.00     0.00    0.00      0.00     0.00   0.00    0.00     0.00    0.00      0.00     0.00   0.00    0.00     0.00    0.00    0.00    0.00   0.00
nvme0n1       12881.00    201.27     0.00   0.00    0.17    16.00 7000.00    133.62  1581.00  18.42    0.04    19.55    0.00      0.00     0.00   0.00    0.00     0.00    0.00    0.00    2.41  93.30
sda              0.00      0.00     0.00   0.00    0.00     0.00    2.00      0.15    36.00  94.74    0.50    76.00    0.00      0.00     0.00   0.00    0.00     0.00    2.00    0.00    0.00   0.10


Device            r/s     rMB/s   rrqm/s  %rrqm r_await rareq-sz     w/s     wMB/s   wrqm/s  %wrqm w_await wareq-sz     d/s     dMB/s   drqm/s  %drqm d_await dareq-sz     f/s f_await  aqu-sz  %util
loop0            0.00      0.00     0.00   0.00    0.00     0.00    0.00      0.00     0.00   0.00    0.00     0.00    0.00      0.00     0.00   0.00    0.00     0.00    0.00    0.00    0.00   0.00
nvme0n1       12825.00    200.39     0.00   0.00    0.17    16.00 7035.00    134.49  1576.00  18.30    0.04    19.58    0.00      0.00     0.00   0.00    0.00     0.00    0.00    0.00    2.40  94.50
sda              0.00      0.00     0.00   0.00    0.00     0.00    0.00      0.00     0.00   0.00    0.00     0.00    0.00      0.00     0.00   0.00    0.00     0.00    0.00    0.00    0.00   0.00


Device            r/s     rMB/s   rrqm/s  %rrqm r_await rareq-sz     w/s     wMB/s   wrqm/s  %wrqm w_await wareq-sz     d/s     dMB/s   drqm/s  %drqm d_await dareq-sz     f/s f_await  aqu-sz  %util
loop0            0.00      0.00     0.00   0.00    0.00     0.00    0.00      0.00     0.00   0.00    0.00     0.00    0.00      0.00     0.00   0.00    0.00     0.00    0.00    0.00    0.00   0.00
nvme0n1       12717.00    198.70     0.00   0.00    0.17    16.00 7156.00    137.89  1565.00  17.95    0.04    19.73    0.00      0.00     0.00   0.00    0.00     0.00    0.00    0.00    2.38  95.00
sda              0.00      0.00     0.00   0.00    0.00     0.00   25.00      0.35    11.00  30.56    0.24    14.24    0.00      0.00     0.00   0.00    0.00     0.00    0.00    0.00    0.01   0.10


Device            r/s     rMB/s   rrqm/s  %rrqm r_await rareq-sz     w/s     wMB/s   wrqm/s  %wrqm w_await wareq-sz     d/s     dMB/s   drqm/s  %drqm d_await dareq-sz     f/s f_await  aqu-sz  %util
loop0            0.00      0.00     0.00   0.00    0.00     0.00    0.00      0.00     0.00   0.00    0.00     0.00    0.00      0.00     0.00   0.00    0.00     0.00    0.00    0.00    0.00   0.00
nvme0n1       12833.00    200.52     0.00   0.00    0.17    16.00 7011.00    137.16  1485.00  17.48    0.04    20.03    0.00      0.00     0.00   0.00    0.00     0.00    0.00    0.00    2.39  93.60
sda              0.00      0.00     0.00   0.00    0.00     0.00    0.00      0.00     0.00   0.00    0.00     0.00    0.00      0.00     0.00   0.00    0.00     0.00    0.00    0.00    0.00   0.00


Device            r/s     rMB/s   rrqm/s  %rrqm r_await rareq-sz     w/s     wMB/s   wrqm/s  %wrqm w_await wareq-sz     d/s     dMB/s   drqm/s  %drqm d_await dareq-sz     f/s f_await  aqu-sz  %util
loop0            0.00      0.00     0.00   0.00    0.00     0.00    0.00      0.00     0.00   0.00    0.00     0.00    0.00      0.00     0.00   0.00    0.00     0.00    0.00    0.00    0.00   0.00
nvme0n1       12859.00    200.92     0.00   0.00    0.17    16.00 7076.00    136.08  1550.00  17.97    0.04    19.69    0.00      0.00     0.00   0.00    0.00     0.00    0.00    0.00    2.40  93.40
sda              0.00      0.00     0.00   0.00    0.00     0.00    1.00      0.00     0.00   0.00    0.00     4.00    0.00      0.00     0.00   0.00    0.00     0.00    0.00    0.00    0.00   0.00


Device            r/s     rMB/s   rrqm/s  %rrqm r_await rareq-sz     w/s     wMB/s   wrqm/s  %wrqm w_await wareq-sz     d/s     dMB/s   drqm/s  %drqm d_await dareq-sz     f/s f_await  aqu-sz  %util
loop0            0.00      0.00     0.00   0.00    0.00     0.00    0.00      0.00     0.00   0.00    0.00     0.00    0.00      0.00     0.00   0.00    0.00     0.00    0.00    0.00    0.00   0.00
nvme0n1       12855.00    200.86     0.00   0.00    0.17    16.00 7072.00    134.77  1593.00  18.38    0.04    19.51    0.00      0.00     0.00   0.00    0.00     0.00    0.00    0.00    2.40  94.30
sda              0.00      0.00     0.00   0.00    0.00     0.00    2.00      0.12    29.00  93.55    0.50    62.00    0.00      0.00     0.00   0.00    0.00     0.00    2.00    0.00    0.00   0.10


Device            r/s     rMB/s   rrqm/s  %rrqm r_await rareq-sz     w/s     wMB/s   wrqm/s  %wrqm w_await wareq-sz     d/s     dMB/s   drqm/s  %drqm d_await dareq-sz     f/s f_await  aqu-sz  %util
loop0            0.00      0.00     0.00   0.00    0.00     0.00    0.00      0.00     0.00   0.00    0.00     0.00    0.00      0.00     0.00   0.00    0.00     0.00    0.00    0.00    0.00   0.00
nvme0n1       12802.00    200.03     0.00   0.00    0.17    16.00 7075.00    136.86  1571.00  18.17    0.04    19.81    0.00      0.00     0.00   0.00    0.00     0.00    0.00    0.00    2.39  94.60
sda              0.00      0.00     0.00   0.00    0.00     0.00    0.00      0.00     0.00   0.00    0.00     0.00    0.00      0.00     0.00   0.00    0.00     0.00    0.00    0.00    0.00   0.00


Device            r/s     rMB/s   rrqm/s  %rrqm r_await rareq-sz     w/s     wMB/s   wrqm/s  %wrqm w_await wareq-sz     d/s     dMB/s   drqm/s  %drqm d_await dareq-sz     f/s f_await  aqu-sz  %util
loop0            0.00      0.00     0.00   0.00    0.00     0.00    0.00      0.00     0.00   0.00    0.00     0.00    0.00      0.00     0.00   0.00    0.00     0.00    0.00    0.00    0.00   0.00
nvme0n1       12840.00    200.62     0.00   0.00    0.17    16.00 6857.00    128.16  1595.00  18.87    0.04    19.14    0.00      0.00     0.00   0.00    0.00     0.00    0.00    0.00    2.38  94.40
sda              0.00      0.00     0.00   0.00    0.00     0.00    0.00      0.00     0.00   0.00    0.00     0.00    0.00      0.00     0.00   0.00    0.00     0.00    0.00    0.00    0.00   0.00


Device            r/s     rMB/s   rrqm/s  %rrqm r_await rareq-sz     w/s     wMB/s   wrqm/s  %wrqm w_await wareq-sz     d/s     dMB/s   drqm/s  %drqm d_await dareq-sz     f/s f_await  aqu-sz  %util
loop0            0.00      0.00     0.00   0.00    0.00     0.00    0.00      0.00     0.00   0.00    0.00     0.00    0.00      0.00     0.00   0.00    0.00     0.00    0.00    0.00    0.00   0.00
nvme0n1       12794.00    199.91     0.00   0.00    0.17    16.00 7232.00    139.47  1562.00  17.76    0.04    19.75    0.00      0.00     0.00   0.00    0.00     0.00    0.00    0.00    2.40  94.30
sda              0.00      0.00     0.00   0.00    0.00     0.00   26.00      0.34    12.00  31.58    0.19    13.38    0.00      0.00     0.00   0.00    0.00     0.00    0.00    0.00    0.01   0.10


Device            r/s     rMB/s   rrqm/s  %rrqm r_await rareq-sz     w/s     wMB/s   wrqm/s  %wrqm w_await wareq-sz     d/s     dMB/s   drqm/s  %drqm d_await dareq-sz     f/s f_await  aqu-sz  %util
loop0            0.00      0.00     0.00   0.00    0.00     0.00    0.00      0.00     0.00   0.00    0.00     0.00    0.00      0.00     0.00   0.00    0.00     0.00    0.00    0.00    0.00   0.00
nvme0n1       12887.00    201.36     0.00   0.00    0.17    16.00 6928.00    131.59  1571.00  18.48    0.04    19.45    0.00      0.00     0.00   0.00    0.00     0.00    0.00    0.00    2.40  93.80
sda              0.00      0.00     0.00   0.00    0.00     0.00    0.00      0.00     0.00   0.00    0.00     0.00    0.00      0.00     0.00   0.00    0.00     0.00    0.00    0.00    0.00   0.00


Device            r/s     rMB/s   rrqm/s  %rrqm r_await rareq-sz     w/s     wMB/s   wrqm/s  %wrqm w_await wareq-sz     d/s     dMB/s   drqm/s  %drqm d_await dareq-sz     f/s f_await  aqu-sz  %util
loop0            0.00      0.00     0.00   0.00    0.00     0.00    0.00      0.00     0.00   0.00    0.00     0.00    0.00      0.00     0.00   0.00    0.00     0.00    0.00    0.00    0.00   0.00
nvme0n1       12786.00    199.78     0.00   0.00    0.17    16.00 7057.00    136.27  1547.00  17.98    0.04    19.77    0.00      0.00     0.00   0.00    0.00     0.00    0.00    0.00    2.38  94.50
sda              0.00      0.00     0.00   0.00    0.00     0.00   31.00      0.26    33.00  51.56    0.16     8.52    0.00      0.00     0.00   0.00    0.00     0.00    2.00    0.00    0.01   0.10


Device            r/s     rMB/s   rrqm/s  %rrqm r_await rareq-sz     w/s     wMB/s   wrqm/s  %wrqm w_await wareq-sz     d/s     dMB/s   drqm/s  %drqm d_await dareq-sz     f/s f_await  aqu-sz  %util
loop0            0.00      0.00     0.00   0.00    0.00     0.00    0.00      0.00     0.00   0.00    0.00     0.00    0.00      0.00     0.00   0.00    0.00     0.00    0.00    0.00    0.00   0.00
nvme0n1       12811.00    200.17     0.00   0.00    0.17    16.00 7117.00    137.61  1628.00  18.62    0.04    19.80    0.00      0.00     0.00   0.00    0.00     0.00    0.00    0.00    2.39  92.90
sda              0.00      0.00     0.00   0.00    0.00     0.00    0.00      0.00     0.00   0.00    0.00     0.00    0.00      0.00     0.00   0.00    0.00     0.00    0.00    0.00    0.00   0.00


Device            r/s     rMB/s   rrqm/s  %rrqm r_await rareq-sz     w/s     wMB/s   wrqm/s  %wrqm w_await wareq-sz     d/s     dMB/s   drqm/s  %drqm d_await dareq-sz     f/s f_await  aqu-sz  %util
loop0            0.00      0.00     0.00   0.00    0.00     0.00    0.00      0.00     0.00   0.00    0.00     0.00    0.00      0.00     0.00   0.00    0.00     0.00    0.00    0.00    0.00   0.00
nvme0n1       12741.00    199.08     0.00   0.00    0.17    16.00 7281.00    140.50  1563.00  17.67    0.04    19.76    0.00      0.00     0.00   0.00    0.00     0.00    0.00    0.00    2.39  93.80
sda              0.00      0.00     0.00   0.00    0.00     0.00    1.00      0.00     0.00   0.00    0.00     4.00    0.00      0.00     0.00   0.00    0.00     0.00    0.00    0.00    0.00   0.00


Device            r/s     rMB/s   rrqm/s  %rrqm r_await rareq-sz     w/s     wMB/s   wrqm/s  %wrqm w_await wareq-sz     d/s     dMB/s   drqm/s  %drqm d_await dareq-sz     f/s f_await  aqu-sz  %util
loop0            0.00      0.00     0.00   0.00    0.00     0.00    0.00      0.00     0.00   0.00    0.00     0.00    0.00      0.00     0.00   0.00    0.00     0.00    0.00    0.00    0.00   0.00
nvme0n1       12643.00    197.55     0.00   0.00    0.17    16.00 7212.00    140.89  1539.00  17.59    0.04    20.00    0.00      0.00     0.00   0.00    0.00     0.00    0.00    0.00    2.37  93.00
sda              0.00      0.00     0.00   0.00    0.00     0.00   25.00      0.32    13.00  34.21    0.24    13.12    0.00      0.00     0.00   0.00    0.00     0.00    0.00    0.00    0.01   0.10


Device            r/s     rMB/s   rrqm/s  %rrqm r_await rareq-sz     w/s     wMB/s   wrqm/s  %wrqm w_await wareq-sz     d/s     dMB/s   drqm/s  %drqm d_await dareq-sz     f/s f_await  aqu-sz  %util
loop0            0.00      0.00     0.00   0.00    0.00     0.00    0.00      0.00     0.00   0.00    0.00     0.00    0.00      0.00     0.00   0.00    0.00     0.00    0.00    0.00    0.00   0.00
nvme0n1       12766.00    199.47     0.00   0.00    0.17    16.00 7003.00    133.70  1583.00  18.44    0.04    19.55    0.00      0.00     0.00   0.00    0.00     0.00    0.00    0.00    2.38  93.30
sda              0.00      0.00     0.00   0.00    0.00     0.00    0.00      0.00     0.00   0.00    0.00     0.00    0.00      0.00     0.00   0.00    0.00     0.00    0.00    0.00    0.00   0.00


Device            r/s     rMB/s   rrqm/s  %rrqm r_await rareq-sz     w/s     wMB/s   wrqm/s  %wrqm w_await wareq-sz     d/s     dMB/s   drqm/s  %drqm d_await dareq-sz     f/s f_await  aqu-sz  %util
loop0            0.00      0.00     0.00   0.00    0.00     0.00    0.00      0.00     0.00   0.00    0.00     0.00    0.00      0.00     0.00   0.00    0.00     0.00    0.00    0.00    0.00   0.00
nvme0n1       12965.00    202.59     0.00   0.00    0.17    16.00 6661.00    125.11  1566.00  19.03    0.03    19.23    0.00      0.00     0.00   0.00    0.00     0.00    0.00    0.00    2.38  94.80
sda              0.00      0.00     0.00   0.00    0.00     0.00    3.00      0.15    36.00  92.31    0.33    52.00    0.00      0.00     0.00   0.00    0.00     0.00    2.00    0.00    0.00   0.00


Device            r/s     rMB/s   rrqm/s  %rrqm r_await rareq-sz     w/s     wMB/s   wrqm/s  %wrqm w_await wareq-sz     d/s     dMB/s   drqm/s  %drqm d_await dareq-sz     f/s f_await  aqu-sz  %util
loop0            0.00      0.00     0.00   0.00    0.00     0.00    0.00      0.00     0.00   0.00    0.00     0.00    0.00      0.00     0.00   0.00    0.00     0.00    0.00    0.00    0.00   0.00
nvme0n1       12681.00    198.12     0.00   0.00    0.17    16.00 7248.00    142.00  1562.00  17.73    0.04    20.06    0.00      0.00     0.00   0.00    0.00     0.00    0.00    0.00    2.38  92.70
sda              0.00      0.00     0.00   0.00    0.00     0.00    0.00      0.00     0.00   0.00    0.00     0.00    0.00      0.00     0.00   0.00    0.00     0.00    0.00    0.00    0.00   0.00


Device            r/s     rMB/s   rrqm/s  %rrqm r_await rareq-sz     w/s     wMB/s   wrqm/s  %wrqm w_await wareq-sz     d/s     dMB/s   drqm/s  %drqm d_await dareq-sz     f/s f_await  aqu-sz  %util
loop0            0.00      0.00     0.00   0.00    0.00     0.00    0.00      0.00     0.00   0.00    0.00     0.00    0.00      0.00     0.00   0.00    0.00     0.00    0.00    0.00    0.00   0.00
nvme0n1       12845.00    200.70     0.00   0.00    0.17    16.00 6647.00    125.39  1542.00  18.83    0.04    19.32    0.00      0.00     0.00   0.00    0.00     0.00    0.00    0.00    2.37  93.50
sda              0.00      0.00     0.00   0.00    0.00     0.00    0.00      0.00     0.00   0.00    0.00     0.00    0.00      0.00     0.00   0.00    0.00     0.00    0.00    0.00    0.00   0.00


Device            r/s     rMB/s   rrqm/s  %rrqm r_await rareq-sz     w/s     wMB/s   wrqm/s  %wrqm w_await wareq-sz     d/s     dMB/s   drqm/s  %drqm d_await dareq-sz     f/s f_await  aqu-sz  %util
loop0            0.00      0.00     0.00   0.00    0.00     0.00    0.00      0.00     0.00   0.00    0.00     0.00    0.00      0.00     0.00   0.00    0.00     0.00    0.00    0.00    0.00   0.00
nvme0n1       12578.00    196.53     0.00   0.00    0.17    16.00 6938.00    133.02  1555.00  18.31    0.04    19.63    0.00      0.00     0.00   0.00    0.00     0.00    0.00    0.00    2.36  94.70
sda              0.00      0.00     0.00   0.00    0.00     0.00   26.00      0.33    13.00  33.33    0.19    12.92    0.00      0.00     0.00   0.00    0.00     0.00    0.00    0.00    0.01   0.10


Device            r/s     rMB/s   rrqm/s  %rrqm r_await rareq-sz     w/s     wMB/s   wrqm/s  %wrqm w_await wareq-sz     d/s     dMB/s   drqm/s  %drqm d_await dareq-sz     f/s f_await  aqu-sz  %util
loop0            0.00      0.00     0.00   0.00    0.00     0.00    0.00      0.00     0.00   0.00    0.00     0.00    0.00      0.00     0.00   0.00    0.00     0.00    0.00    0.00    0.00   0.00
nvme0n1       12677.00    198.08     0.00   0.00    0.17    16.00 6988.00    134.56  1547.00  18.13    0.04    19.72    0.00      0.00     0.00   0.00    0.00     0.00    0.00    0.00    2.37  94.60
sda              0.00      0.00     0.00   0.00    0.00     0.00    0.00      0.00     0.00   0.00    0.00     0.00    0.00      0.00     0.00   0.00    0.00     0.00    0.00    0.00    0.00   0.00


Device            r/s     rMB/s   rrqm/s  %rrqm r_await rareq-sz     w/s     wMB/s   wrqm/s  %wrqm w_await wareq-sz     d/s     dMB/s   drqm/s  %drqm d_await dareq-sz     f/s f_await  aqu-sz  %util
loop0            0.00      0.00     0.00   0.00    0.00     0.00    0.00      0.00     0.00   0.00    0.00     0.00    0.00      0.00     0.00   0.00    0.00     0.00    0.00    0.00    0.00   0.00
nvme0n1       12842.00    200.66     0.00   0.00    0.17    16.00 6965.00    133.29  1546.00  18.16    0.04    19.60    0.00      0.00     0.00   0.00    0.00     0.00    0.00    0.00    2.39  94.00
sda              0.00      0.00     0.00   0.00    0.00     0.00    2.00      0.15    36.00  94.74    0.50    76.00    0.00      0.00     0.00   0.00    0.00     0.00    2.00    0.50    0.00   0.00


Device            r/s     rMB/s   rrqm/s  %rrqm r_await rareq-sz     w/s     wMB/s   wrqm/s  %wrqm w_await wareq-sz     d/s     dMB/s   drqm/s  %drqm d_await dareq-sz     f/s f_await  aqu-sz  %util
loop0            0.00      0.00     0.00   0.00    0.00     0.00    0.00      0.00     0.00   0.00    0.00     0.00    0.00      0.00     0.00   0.00    0.00     0.00    0.00    0.00    0.00   0.00
nvme0n1       12779.00    199.67     0.00   0.00    0.17    16.00 7067.00    136.67  1587.00  18.34    0.04    19.80    0.00      0.00     0.00   0.00    0.00     0.00    0.00    0.00    2.40  94.30
sda              0.00      0.00     0.00   0.00    0.00     0.00    1.00      0.00     0.00   0.00    0.00     4.00    0.00      0.00     0.00   0.00    0.00     0.00    0.00    0.00    0.00   0.00


Device            r/s     rMB/s   rrqm/s  %rrqm r_await rareq-sz     w/s     wMB/s   wrqm/s  %wrqm w_await wareq-sz     d/s     dMB/s   drqm/s  %drqm d_await dareq-sz     f/s f_await  aqu-sz  %util
loop0            0.00      0.00     0.00   0.00    0.00     0.00    0.00      0.00     0.00   0.00    0.00     0.00    0.00      0.00     0.00   0.00    0.00     0.00    0.00    0.00    0.00   0.00
nvme0n1       12891.00    201.44     0.00   0.00    0.17    16.00 7006.00    136.11  1500.00  17.63    0.04    19.89    0.00      0.00     0.00   0.00    0.00     0.00    0.00    0.00    2.41  93.70
sda              0.00      0.00     0.00   0.00    0.00     0.00    0.00      0.00     0.00   0.00    0.00     0.00    0.00      0.00     0.00   0.00    0.00     0.00    0.00    0.00    0.00   0.00


Device            r/s     rMB/s   rrqm/s  %rrqm r_await rareq-sz     w/s     wMB/s   wrqm/s  %wrqm w_await wareq-sz     d/s     dMB/s   drqm/s  %drqm d_await dareq-sz     f/s f_await  aqu-sz  %util
loop0            0.00      0.00     0.00   0.00    0.00     0.00    0.00      0.00     0.00   0.00    0.00     0.00    0.00      0.00     0.00   0.00    0.00     0.00    0.00    0.00    0.00   0.00
nvme0n1       12819.00    200.28     0.00   0.00    0.17    16.00 7107.00    137.92  1530.00  17.71    0.04    19.87    0.00      0.00     0.00   0.00    0.00     0.00    0.00    0.00    2.38  94.10
sda              0.00      0.00     0.00   0.00    0.00     0.00   25.00      0.36    13.00  34.21    0.28    14.72    0.00      0.00     0.00   0.00    0.00     0.00    0.00    0.00    0.01   0.10


Device            r/s     rMB/s   rrqm/s  %rrqm r_await rareq-sz     w/s     wMB/s   wrqm/s  %wrqm w_await wareq-sz     d/s     dMB/s   drqm/s  %drqm d_await dareq-sz     f/s f_await  aqu-sz  %util
loop0            0.00      0.00     0.00   0.00    0.00     0.00    0.00      0.00     0.00   0.00    0.00     0.00    0.00      0.00     0.00   0.00    0.00     0.00    0.00    0.00    0.00   0.00
nvme0n1       12864.00    201.00     0.00   0.00    0.17    16.00 7050.00    135.18  1587.00  18.37    0.04    19.64    0.00      0.00     0.00   0.00    0.00     0.00    0.00    0.00    2.38  94.50
sda              0.00      0.00     0.00   0.00    0.00     0.00    0.00      0.00     0.00   0.00    0.00     0.00    0.00      0.00     0.00   0.00    0.00     0.00    0.00    0.00    0.00   0.00


Device            r/s     rMB/s   rrqm/s  %rrqm r_await rareq-sz     w/s     wMB/s   wrqm/s  %wrqm w_await wareq-sz     d/s     dMB/s   drqm/s  %drqm d_await dareq-sz     f/s f_await  aqu-sz  %util
loop0            0.00      0.00     0.00   0.00    0.00     0.00    0.00      0.00     0.00   0.00    0.00     0.00    0.00      0.00     0.00   0.00    0.00     0.00    0.00    0.00    0.00   0.00
nvme0n1       12769.00    199.52     0.00   0.00    0.17    16.00 7022.00    136.64  1552.00  18.10    0.04    19.93    0.00      0.00     0.00   0.00    0.00     0.00    0.00    0.00    2.38  94.20
sda              0.00      0.00     0.00   0.00    0.00     0.00    2.00      0.15    37.00  94.87    0.50    78.00    0.00      0.00     0.00   0.00    0.00     0.00    2.00    0.00    0.00   0.10


Device            r/s     rMB/s   rrqm/s  %rrqm r_await rareq-sz     w/s     wMB/s   wrqm/s  %wrqm w_await wareq-sz     d/s     dMB/s   drqm/s  %drqm d_await dareq-sz     f/s f_await  aqu-sz  %util
loop0            0.00      0.00     0.00   0.00    0.00     0.00    0.00      0.00     0.00   0.00    0.00     0.00    0.00      0.00     0.00   0.00    0.00     0.00    0.00    0.00    0.00   0.00
nvme0n1       12529.00    195.77     0.00   0.00    0.17    16.00 7039.00    134.68  1523.00  17.79    0.04    19.59    0.00      0.00     0.00   0.00    0.00     0.00    0.00    0.00    2.34  92.60
sda              0.00      0.00     0.00   0.00    0.00     0.00   43.00      0.19     5.00  10.42    0.19     4.47    0.00      0.00     0.00   0.00    0.00     0.00    0.00    0.00    0.01   0.00


Device            r/s     rMB/s   rrqm/s  %rrqm r_await rareq-sz     w/s     wMB/s   wrqm/s  %wrqm w_await wareq-sz     d/s     dMB/s   drqm/s  %drqm d_await dareq-sz     f/s f_await  aqu-sz  %util
loop0            0.00      0.00     0.00   0.00    0.00     0.00    0.00      0.00     0.00   0.00    0.00     0.00    0.00      0.00     0.00   0.00    0.00     0.00    0.00    0.00    0.00   0.00
nvme0n1       12410.00    193.91     0.00   0.00    0.17    16.00 7045.00    136.65  1524.00  17.79    0.04    19.86    0.00      0.00     0.00   0.00    0.00     0.00    0.00    0.00    2.32  92.60
sda              0.00      0.00     0.00   0.00    0.00     0.00    0.00      0.00     0.00   0.00    0.00     0.00    0.00      0.00     0.00   0.00    0.00     0.00    0.00    0.00    0.00   0.00


Device            r/s     rMB/s   rrqm/s  %rrqm r_await rareq-sz     w/s     wMB/s   wrqm/s  %wrqm w_await wareq-sz     d/s     dMB/s   drqm/s  %drqm d_await dareq-sz     f/s f_await  aqu-sz  %util
loop0            0.00      0.00     0.00   0.00    0.00     0.00    0.00      0.00     0.00   0.00    0.00     0.00    0.00      0.00     0.00   0.00    0.00     0.00    0.00    0.00    0.00   0.00
nvme0n1       12726.00    198.84     0.00   0.00    0.17    16.00 6963.00    133.17  1579.00  18.49    0.04    19.58    0.00      0.00     0.00   0.00    0.00     0.00    0.00    0.00    2.36  93.20
sda              0.00      0.00     0.00   0.00    0.00     0.00    1.00      0.00     0.00   0.00    0.00     4.00    0.00      0.00     0.00   0.00    0.00     0.00    0.00    0.00    0.00   0.00


Device            r/s     rMB/s   rrqm/s  %rrqm r_await rareq-sz     w/s     wMB/s   wrqm/s  %wrqm w_await wareq-sz     d/s     dMB/s   drqm/s  %drqm d_await dareq-sz     f/s f_await  aqu-sz  %util
loop0            0.00      0.00     0.00   0.00    0.00     0.00    0.00      0.00     0.00   0.00    0.00     0.00    0.00      0.00     0.00   0.00    0.00     0.00    0.00    0.00    0.00   0.00
nvme0n1       12699.00    198.42     0.00   0.00    0.17    16.00 6934.00    132.92  1538.00  18.15    0.04    19.63    0.00      0.00     0.00   0.00    0.00     0.00    0.00    0.00    2.36  94.10
sda              0.00      0.00     0.00   0.00    0.00     0.00   26.00      0.34    14.00  35.00    0.19    13.38    0.00      0.00     0.00   0.00    0.00     0.00    0.00    0.00    0.01   0.10


Device            r/s     rMB/s   rrqm/s  %rrqm r_await rareq-sz     w/s     wMB/s   wrqm/s  %wrqm w_await wareq-sz     d/s     dMB/s   drqm/s  %drqm d_await dareq-sz     f/s f_await  aqu-sz  %util
loop0            0.00      0.00     0.00   0.00    0.00     0.00    0.00      0.00     0.00   0.00    0.00     0.00    0.00      0.00     0.00   0.00    0.00     0.00    0.00    0.00    0.00   0.00
nvme0n1       12815.00    200.23     0.00   0.00    0.17    16.00 6792.00    128.38  1569.00  18.77    0.04    19.36    0.00      0.00     0.00   0.00    0.00     0.00    0.00    0.00    2.37  93.90
sda              0.00      0.00     0.00   0.00    0.00     0.00    2.00      0.16    38.00  95.00    0.00    80.00    0.00      0.00     0.00   0.00    0.00     0.00    2.00    0.00    0.00   0.10


Device            r/s     rMB/s   rrqm/s  %rrqm r_await rareq-sz     w/s     wMB/s   wrqm/s  %wrqm w_await wareq-sz     d/s     dMB/s   drqm/s  %drqm d_await dareq-sz     f/s f_await  aqu-sz  %util
loop0            0.00      0.00     0.00   0.00    0.00     0.00    0.00      0.00     0.00   0.00    0.00     0.00    0.00      0.00     0.00   0.00    0.00     0.00    0.00    0.00    0.00   0.00
nvme0n1       12499.00    195.30     0.00   0.00    0.17    16.00 6906.00    132.34  1533.00  18.17    0.04    19.62    0.00      0.00     0.00   0.00    0.00     0.00    0.00    0.00    2.33  92.60
sda              0.00      0.00     0.00   0.00    0.00     0.00    0.00      0.00     0.00   0.00    0.00     0.00    0.00      0.00     0.00   0.00    0.00     0.00    0.00    0.00    0.00   0.00


Device            r/s     rMB/s   rrqm/s  %rrqm r_await rareq-sz     w/s     wMB/s   wrqm/s  %wrqm w_await wareq-sz     d/s     dMB/s   drqm/s  %drqm d_await dareq-sz     f/s f_await  aqu-sz  %util
loop0            0.00      0.00     0.00   0.00    0.00     0.00    0.00      0.00     0.00   0.00    0.00     0.00    0.00      0.00     0.00   0.00    0.00     0.00    0.00    0.00    0.00   0.00
nvme0n1       12827.00    200.42     0.00   0.00    0.17    16.00 6801.00    127.49  1589.00  18.94    0.04    19.20    0.00      0.00     0.00   0.00    0.00     0.00    0.00    0.00    2.38  93.80
sda              0.00      0.00     0.00   0.00    0.00     0.00    0.00      0.00     0.00   0.00    0.00     0.00    0.00      0.00     0.00   0.00    0.00     0.00    0.00    0.00    0.00   0.00


Device            r/s     rMB/s   rrqm/s  %rrqm r_await rareq-sz     w/s     wMB/s   wrqm/s  %wrqm w_await wareq-sz     d/s     dMB/s   drqm/s  %drqm d_await dareq-sz     f/s f_await  aqu-sz  %util
loop0            0.00      0.00     0.00   0.00    0.00     0.00    0.00      0.00     0.00   0.00    0.00     0.00    0.00      0.00     0.00   0.00    0.00     0.00    0.00    0.00    0.00   0.00
nvme0n1       12817.00    200.27     0.00   0.00    0.17    16.00 6990.00    133.20  1544.00  18.09    0.04    19.51    0.00      0.00     0.00   0.00    0.00     0.00    0.00    0.00    2.37  93.70
sda              0.00      0.00     0.00   0.00    0.00     0.00    0.00      0.00     0.00   0.00    0.00     0.00    0.00      0.00     0.00   0.00    0.00     0.00    0.00    0.00    0.00   0.00


Device            r/s     rMB/s   rrqm/s  %rrqm r_await rareq-sz     w/s     wMB/s   wrqm/s  %wrqm w_await wareq-sz     d/s     dMB/s   drqm/s  %drqm d_await dareq-sz     f/s f_await  aqu-sz  %util
loop0            0.00      0.00     0.00   0.00    0.00     0.00    0.00      0.00     0.00   0.00    0.00     0.00    0.00      0.00     0.00   0.00    0.00     0.00    0.00    0.00    0.00   0.00
nvme0n1       12670.00    197.97     0.00   0.00    0.17    16.00 7144.00    137.34  1574.00  18.05    0.04    19.69    0.00      0.00     0.00   0.00    0.00     0.00    0.00    0.00    2.38  93.20
sda              0.00      0.00     0.00   0.00    0.00     0.00   25.00      0.33    13.00  34.21    0.24    13.60    0.00      0.00     0.00   0.00    0.00     0.00    0.00    0.00    0.01   0.10


Device            r/s     rMB/s   rrqm/s  %rrqm r_await rareq-sz     w/s     wMB/s   wrqm/s  %wrqm w_await wareq-sz     d/s     dMB/s   drqm/s  %drqm d_await dareq-sz     f/s f_await  aqu-sz  %util
loop0            0.00      0.00     0.00   0.00    0.00     0.00    0.00      0.00     0.00   0.00    0.00     0.00    0.00      0.00     0.00   0.00    0.00     0.00    0.00    0.00    0.00   0.00
nvme0n1       12779.00    199.69     0.00   0.00    0.17    16.00 7047.00    133.86  1607.00  18.57    0.04    19.45    0.00      0.00     0.00   0.00    0.00     0.00    0.00    0.00    2.40  95.40
sda              0.00      0.00     0.00   0.00    0.00     0.00    2.00      0.13    32.00  94.12    0.50    68.00    0.00      0.00     0.00   0.00    0.00     0.00    2.00    0.00    0.00   0.00


Device            r/s     rMB/s   rrqm/s  %rrqm r_await rareq-sz     w/s     wMB/s   wrqm/s  %wrqm w_await wareq-sz     d/s     dMB/s   drqm/s  %drqm d_await dareq-sz     f/s f_await  aqu-sz  %util
loop0            0.00      0.00     0.00   0.00    0.00     0.00    0.00      0.00     0.00   0.00    0.00     0.00    0.00      0.00     0.00   0.00    0.00     0.00    0.00    0.00    0.00   0.00
nvme0n1       12844.00    200.67     0.00   0.00    0.17    16.00 6840.00    130.08  1531.00  18.29    0.04    19.47    0.00      0.00     0.00   0.00    0.00     0.00    0.00    0.00    2.38  93.80
sda              0.00      0.00     0.00   0.00    0.00     0.00    0.00      0.00     0.00   0.00    0.00     0.00    0.00      0.00     0.00   0.00    0.00     0.00    0.00    0.00    0.00   0.00


Device            r/s     rMB/s   rrqm/s  %rrqm r_await rareq-sz     w/s     wMB/s   wrqm/s  %wrqm w_await wareq-sz     d/s     dMB/s   drqm/s  %drqm d_await dareq-sz     f/s f_await  aqu-sz  %util
loop0            0.00      0.00     0.00   0.00    0.00     0.00    0.00      0.00     0.00   0.00    0.00     0.00    0.00      0.00     0.00   0.00    0.00     0.00    0.00    0.00    0.00   0.00
nvme0n1       12562.00    196.28     0.00   0.00    0.17    16.00 7128.00    137.14  1541.00  17.78    0.04    19.70    0.00      0.00     0.00   0.00    0.00     0.00    0.00    0.00    2.36  94.20
sda              0.00      0.00     0.00   0.00    0.00     0.00    0.00      0.00     0.00   0.00    0.00     0.00    0.00      0.00     0.00   0.00    0.00     0.00    0.00    0.00    0.00   0.00


Device            r/s     rMB/s   rrqm/s  %rrqm r_await rareq-sz     w/s     wMB/s   wrqm/s  %wrqm w_await wareq-sz     d/s     dMB/s   drqm/s  %drqm d_await dareq-sz     f/s f_await  aqu-sz  %util
loop0            0.00      0.00     0.00   0.00    0.00     0.00    0.00      0.00     0.00   0.00    0.00     0.00    0.00      0.00     0.00   0.00    0.00     0.00    0.00    0.00    0.00   0.00
nvme0n1       12582.00    196.59     0.00   0.00    0.17    16.00 7089.00    137.90  1526.00  17.71    0.04    19.92    0.00      0.00     0.00   0.00    0.00     0.00    0.00    0.00    2.37  92.90
sda              0.00      0.00     0.00   0.00    0.00     0.00    0.00      0.00     0.00   0.00    0.00     0.00    0.00      0.00     0.00   0.00    0.00     0.00    0.00    0.00    0.00   0.00


Device            r/s     rMB/s   rrqm/s  %rrqm r_await rareq-sz     w/s     wMB/s   wrqm/s  %wrqm w_await wareq-sz     d/s     dMB/s   drqm/s  %drqm d_await dareq-sz     f/s f_await  aqu-sz  %util
loop0            0.00      0.00     0.00   0.00    0.00     0.00    0.00      0.00     0.00   0.00    0.00     0.00    0.00      0.00     0.00   0.00    0.00     0.00    0.00    0.00    0.00   0.00
nvme0n1       12694.00    198.34     0.00   0.00    0.17    16.00 6952.00    132.30  1574.00  18.46    0.04    19.49    0.00      0.00     0.00   0.00    0.00     0.00    0.00    0.00    2.37  94.20
sda              0.00      0.00     0.00   0.00    0.00     0.00   59.00      0.60    48.00  44.86    0.22    10.37    0.00      0.00     0.00   0.00    0.00     0.00    4.00    0.00    0.01   0.10


Device            r/s     rMB/s   rrqm/s  %rrqm r_await rareq-sz     w/s     wMB/s   wrqm/s  %wrqm w_await wareq-sz     d/s     dMB/s   drqm/s  %drqm d_await dareq-sz     f/s f_await  aqu-sz  %util
loop0            0.00      0.00     0.00   0.00    0.00     0.00    0.00      0.00     0.00   0.00    0.00     0.00    0.00      0.00     0.00   0.00    0.00     0.00    0.00    0.00    0.00   0.00
nvme0n1       12540.00    195.94     0.00   0.00    0.17    16.00 7119.00    137.85  1555.00  17.93    0.04    19.83    0.00      0.00     0.00   0.00    0.00     0.00    0.00    0.00    2.36  92.50
sda              0.00      0.00     0.00   0.00    0.00     0.00    1.00      0.07     1.00  50.00    0.00    68.00    0.00      0.00     0.00   0.00    0.00     0.00    0.00    0.00    0.00   0.00


Device            r/s     rMB/s   rrqm/s  %rrqm r_await rareq-sz     w/s     wMB/s   wrqm/s  %wrqm w_await wareq-sz     d/s     dMB/s   drqm/s  %drqm d_await dareq-sz     f/s f_await  aqu-sz  %util
loop0            0.00      0.00     0.00   0.00    0.00     0.00    0.00      0.00     0.00   0.00    0.00     0.00    0.00      0.00     0.00   0.00    0.00     0.00    0.00    0.00    0.00   0.00
nvme0n1       12726.00    198.84     0.00   0.00    0.17    16.00 7128.00    136.55  1557.00  17.93    0.04    19.62    0.00      0.00     0.00   0.00    0.00     0.00    0.00    0.00    2.38  93.10
sda              0.00      0.00     0.00   0.00    0.00     0.00    0.00      0.00     0.00   0.00    0.00     0.00    0.00      0.00     0.00   0.00    0.00     0.00    0.00    0.00    0.00   0.00


Device            r/s     rMB/s   rrqm/s  %rrqm r_await rareq-sz     w/s     wMB/s   wrqm/s  %wrqm w_await wareq-sz     d/s     dMB/s   drqm/s  %drqm d_await dareq-sz     f/s f_await  aqu-sz  %util
loop0            0.00      0.00     0.00   0.00    0.00     0.00    0.00      0.00     0.00   0.00    0.00     0.00    0.00      0.00     0.00   0.00    0.00     0.00    0.00    0.00    0.00   0.00
nvme0n1       12717.00    198.70     0.00   0.00    0.17    16.00 6865.00    130.90  1540.00  18.32    0.04    19.53    0.00      0.00     0.00   0.00    0.00     0.00    0.00    0.00    2.36  93.90
sda              0.00      0.00     0.00   0.00    0.00     0.00    0.00      0.00     0.00   0.00    0.00     0.00    0.00      0.00     0.00   0.00    0.00     0.00    0.00    0.00    0.00   0.00


Device            r/s     rMB/s   rrqm/s  %rrqm r_await rareq-sz     w/s     wMB/s   wrqm/s  %wrqm w_await wareq-sz     d/s     dMB/s   drqm/s  %drqm d_await dareq-sz     f/s f_await  aqu-sz  %util
loop0            0.00      0.00     0.00   0.00    0.00     0.00    0.00      0.00     0.00   0.00    0.00     0.00    0.00      0.00     0.00   0.00    0.00     0.00    0.00    0.00    0.00   0.00
nvme0n1       12764.00    199.44     0.00   0.00    0.17    16.00 6890.00    132.08  1549.00  18.36    0.04    19.63    0.00      0.00     0.00   0.00    0.00     0.00    0.00    0.00    2.37  93.90
sda              0.00      0.00     0.00   0.00    0.00     0.00    0.00      0.00     0.00   0.00    0.00     0.00    0.00      0.00     0.00   0.00    0.00     0.00    0.00    0.00    0.00   0.00


Device            r/s     rMB/s   rrqm/s  %rrqm r_await rareq-sz     w/s     wMB/s   wrqm/s  %wrqm w_await wareq-sz     d/s     dMB/s   drqm/s  %drqm d_await dareq-sz     f/s f_await  aqu-sz  %util
loop0            0.00      0.00     0.00   0.00    0.00     0.00    0.00      0.00     0.00   0.00    0.00     0.00    0.00      0.00     0.00   0.00    0.00     0.00    0.00    0.00    0.00   0.00
nvme0n1       12719.00    198.73     0.00   0.00    0.17    16.00 7031.00    136.73  1507.00  17.65    0.04    19.91    0.00      0.00     0.00   0.00    0.00     0.00    0.00    0.00    2.37  93.80
sda              0.00      0.00     0.00   0.00    0.00     0.00   25.00      0.44    33.00  56.90    0.32    17.92    0.00      0.00     0.00   0.00    0.00     0.00    2.00    0.00    0.01   0.10


Device            r/s     rMB/s   rrqm/s  %rrqm r_await rareq-sz     w/s     wMB/s   wrqm/s  %wrqm w_await wareq-sz     d/s     dMB/s   drqm/s  %drqm d_await dareq-sz     f/s f_await  aqu-sz  %util
loop0            0.00      0.00     0.00   0.00    0.00     0.00    0.00      0.00     0.00   0.00    0.00     0.00    0.00      0.00     0.00   0.00    0.00     0.00    0.00    0.00    0.00   0.00
nvme0n1       12788.00    199.81     0.00   0.00    0.17    16.00 6638.00    127.29  1460.00  18.03    0.04    19.64    0.00      0.00     0.00   0.00    0.00     0.00    0.00    0.00    2.36  92.70
sda              0.00      0.00     0.00   0.00    0.00     0.00    0.00      0.00     0.00   0.00    0.00     0.00    0.00      0.00     0.00   0.00    0.00     0.00    0.00    0.00    0.00   0.00


Device            r/s     rMB/s   rrqm/s  %rrqm r_await rareq-sz     w/s     wMB/s   wrqm/s  %wrqm w_await wareq-sz     d/s     dMB/s   drqm/s  %drqm d_await dareq-sz     f/s f_await  aqu-sz  %util
loop0            0.00      0.00     0.00   0.00    0.00     0.00    0.00      0.00     0.00   0.00    0.00     0.00    0.00      0.00     0.00   0.00    0.00     0.00    0.00    0.00    0.00   0.00
nvme0n1       12658.00    197.78     0.00   0.00    0.17    16.00 6868.00    131.48  1542.00  18.34    0.04    19.60    0.00      0.00     0.00   0.00    0.00     0.00    0.00    0.00    2.35  92.10
sda              0.00      0.00     0.00   0.00    0.00     0.00    1.00      0.00     0.00   0.00    0.00     4.00    0.00      0.00     0.00   0.00    0.00     0.00    0.00    0.00    0.00   0.00


Device            r/s     rMB/s   rrqm/s  %rrqm r_await rareq-sz     w/s     wMB/s   wrqm/s  %wrqm w_await wareq-sz     d/s     dMB/s   drqm/s  %drqm d_await dareq-sz     f/s f_await  aqu-sz  %util
loop0            0.00      0.00     0.00   0.00    0.00     0.00    0.00      0.00     0.00   0.00    0.00     0.00    0.00      0.00     0.00   0.00    0.00     0.00    0.00    0.00    0.00   0.00
nvme0n1       12701.00    198.45     0.00   0.00    0.17    16.00 6914.00    134.03  1516.00  17.98    0.04    19.85    0.00      0.00     0.00   0.00    0.00     0.00    0.00    0.00    2.37  93.60
sda              0.00      0.00     0.00   0.00    0.00     0.00    0.00      0.00     0.00   0.00    0.00     0.00    0.00      0.00     0.00   0.00    0.00     0.00    0.00    0.00    0.00   0.00


Device            r/s     rMB/s   rrqm/s  %rrqm r_await rareq-sz     w/s     wMB/s   wrqm/s  %wrqm w_await wareq-sz     d/s     dMB/s   drqm/s  %drqm d_await dareq-sz     f/s f_await  aqu-sz  %util
loop0            0.00      0.00     0.00   0.00    0.00     0.00    0.00      0.00     0.00   0.00    0.00     0.00    0.00      0.00     0.00   0.00    0.00     0.00    0.00    0.00    0.00   0.00
nvme0n1       12775.00    199.61     0.00   0.00    0.17    16.00 6913.00    133.77  1519.00  18.01    0.04    19.81    0.00      0.00     0.00   0.00    0.00     0.00    0.00    0.00    2.39  94.30
sda              0.00      0.00     0.00   0.00    0.00     0.00    0.00      0.00     0.00   0.00    0.00     0.00    0.00      0.00     0.00   0.00    0.00     0.00    0.00    0.00    0.00   0.00


Device            r/s     rMB/s   rrqm/s  %rrqm r_await rareq-sz     w/s     wMB/s   wrqm/s  %wrqm w_await wareq-sz     d/s     dMB/s   drqm/s  %drqm d_await dareq-sz     f/s f_await  aqu-sz  %util
loop0            0.00      0.00     0.00   0.00    0.00     0.00    0.00      0.00     0.00   0.00    0.00     0.00    0.00      0.00     0.00   0.00    0.00     0.00    0.00    0.00    0.00   0.00
nvme0n1       12675.00    198.05     0.00   0.00    0.17    16.00 6978.00    135.68  1520.00  17.89    0.04    19.91    0.00      0.00     0.00   0.00    0.00     0.00    0.00    0.00    2.38  93.60
sda              0.00      0.00     0.00   0.00    0.00     0.00    2.00      0.14    34.00  94.44    0.00    72.00    0.00      0.00     0.00   0.00    0.00     0.00    2.00    0.00    0.00   0.00


Device            r/s     rMB/s   rrqm/s  %rrqm r_await rareq-sz     w/s     wMB/s   wrqm/s  %wrqm w_await wareq-sz     d/s     dMB/s   drqm/s  %drqm d_await dareq-sz     f/s f_await  aqu-sz  %util
loop0            0.00      0.00     0.00   0.00    0.00     0.00    0.00      0.00     0.00   0.00    0.00     0.00    0.00      0.00     0.00   0.00    0.00     0.00    0.00    0.00    0.00   0.00
nvme0n1       12616.00    197.12     0.00   0.00    0.17    16.00 7051.00    138.12  1521.00  17.74    0.04    20.06    0.00      0.00     0.00   0.00    0.00     0.00    0.00    0.00    2.38  93.20
sda              0.00      0.00     0.00   0.00    0.00     0.00   24.00      0.34    15.00  38.46    0.29    14.50    0.00      0.00     0.00   0.00    0.00     0.00    0.00    0.00    0.01   0.00


Device            r/s     rMB/s   rrqm/s  %rrqm r_await rareq-sz     w/s     wMB/s   wrqm/s  %wrqm w_await wareq-sz     d/s     dMB/s   drqm/s  %drqm d_await dareq-sz     f/s f_await  aqu-sz  %util
loop0            0.00      0.00     0.00   0.00    0.00     0.00    0.00      0.00     0.00   0.00    0.00     0.00    0.00      0.00     0.00   0.00    0.00     0.00    0.00    0.00    0.00   0.00
nvme0n1       12576.00    196.50     0.00   0.00    0.17    16.00 6938.00    133.75  1558.00  18.34    0.04    19.74    0.00      0.00     0.00   0.00    0.00     0.00    0.00    0.00    2.34  92.50
sda              0.00      0.00     0.00   0.00    0.00     0.00    0.00      0.00     0.00   0.00    0.00     0.00    0.00      0.00     0.00   0.00    0.00     0.00    0.00    0.00    0.00   0.00


Device            r/s     rMB/s   rrqm/s  %rrqm r_await rareq-sz     w/s     wMB/s   wrqm/s  %wrqm w_await wareq-sz     d/s     dMB/s   drqm/s  %drqm d_await dareq-sz     f/s f_await  aqu-sz  %util
loop0            0.00      0.00     0.00   0.00    0.00     0.00    0.00      0.00     0.00   0.00    0.00     0.00    0.00      0.00     0.00   0.00    0.00     0.00    0.00    0.00    0.00   0.00
nvme0n1       12657.00    197.77     0.00   0.00    0.17    16.00 7044.00    135.59  1588.00  18.40    0.04    19.71    0.00      0.00     0.00   0.00    0.00     0.00    0.00    0.00    2.37  93.60
sda              0.00      0.00     0.00   0.00    0.00     0.00    1.00      0.00     0.00   0.00    1.00     4.00    0.00      0.00     0.00   0.00    0.00     0.00    0.00    0.00    0.00   0.00


Device            r/s     rMB/s   rrqm/s  %rrqm r_await rareq-sz     w/s     wMB/s   wrqm/s  %wrqm w_await wareq-sz     d/s     dMB/s   drqm/s  %drqm d_await dareq-sz     f/s f_await  aqu-sz  %util
loop0            0.00      0.00     0.00   0.00    0.00     0.00    0.00      0.00     0.00   0.00    0.00     0.00    0.00      0.00     0.00   0.00    0.00     0.00    0.00    0.00    0.00   0.00
nvme0n1       12718.00    198.72     0.00   0.00    0.17    16.00 7112.00    137.35  1582.00  18.20    0.04    19.78    0.00      0.00     0.00   0.00    0.00     0.00    0.00    0.00    2.39  94.30
sda              0.00      0.00     0.00   0.00    0.00     0.00    0.00      0.00     0.00   0.00    0.00     0.00    0.00      0.00     0.00   0.00    0.00     0.00    0.00    0.00    0.00   0.00


Device            r/s     rMB/s   rrqm/s  %rrqm r_await rareq-sz     w/s     wMB/s   wrqm/s  %wrqm w_await wareq-sz     d/s     dMB/s   drqm/s  %drqm d_await dareq-sz     f/s f_await  aqu-sz  %util
loop0            0.00      0.00     0.00   0.00    0.00     0.00    0.00      0.00     0.00   0.00    0.00     0.00    0.00      0.00     0.00   0.00    0.00     0.00    0.00    0.00    0.00   0.00
nvme0n1       12848.00    200.75     0.00   0.00    0.17    16.00 7026.00    134.28  1600.00  18.55    0.04    19.57    0.00      0.00     0.00   0.00    0.00     0.00    0.00    0.00    2.40  93.80
sda              0.00      0.00     0.00   0.00    0.00     0.00    2.00      0.15    36.00  94.74    0.00    76.00    0.00      0.00     0.00   0.00    0.00     0.00    2.00    0.00    0.00   0.00


Device            r/s     rMB/s   rrqm/s  %rrqm r_await rareq-sz     w/s     wMB/s   wrqm/s  %wrqm w_await wareq-sz     d/s     dMB/s   drqm/s  %drqm d_await dareq-sz     f/s f_await  aqu-sz  %util
loop0            0.00      0.00     0.00   0.00    0.00     0.00    0.00      0.00     0.00   0.00    0.00     0.00    0.00      0.00     0.00   0.00    0.00     0.00    0.00    0.00    0.00   0.00
nvme0n1       12840.00    200.62     0.00   0.00    0.17    16.00 6921.00    133.16  1542.00  18.22    0.04    19.70    0.00      0.00     0.00   0.00    0.00     0.00    0.00    0.00    2.39  94.00
sda              0.00      0.00     0.00   0.00    0.00     0.00   23.00      0.32    14.00  37.84    0.30    14.09    0.00      0.00     0.00   0.00    0.00     0.00    0.00    0.00    0.01   0.10


Device            r/s     rMB/s   rrqm/s  %rrqm r_await rareq-sz     w/s     wMB/s   wrqm/s  %wrqm w_await wareq-sz     d/s     dMB/s   drqm/s  %drqm d_await dareq-sz     f/s f_await  aqu-sz  %util
loop0            0.00      0.00     0.00   0.00    0.00     0.00    0.00      0.00     0.00   0.00    0.00     0.00    0.00      0.00     0.00   0.00    0.00     0.00    0.00    0.00    0.00   0.00
nvme0n1       12853.00    200.83     0.00   0.00    0.16    16.00 7044.00    134.83  1566.00  18.19    0.04    19.60    0.00      0.00     0.00   0.00    0.00     0.00    0.00    0.00    2.37  94.50
sda              0.00      0.00     0.00   0.00    0.00     0.00    0.00      0.00     0.00   0.00    0.00     0.00    0.00      0.00     0.00   0.00    0.00     0.00    0.00    0.00    0.00   0.00


Device            r/s     rMB/s   rrqm/s  %rrqm r_await rareq-sz     w/s     wMB/s   wrqm/s  %wrqm w_await wareq-sz     d/s     dMB/s   drqm/s  %drqm d_await dareq-sz     f/s f_await  aqu-sz  %util
loop0            0.00      0.00     0.00   0.00    0.00     0.00    0.00      0.00     0.00   0.00    0.00     0.00    0.00      0.00     0.00   0.00    0.00     0.00    0.00    0.00    0.00   0.00
nvme0n1       12810.00    200.16     0.00   0.00    0.17    16.00 6963.00    133.60  1568.00  18.38    0.04    19.65    0.00      0.00     0.00   0.00    0.00     0.00    0.00    0.00    2.38  94.00
sda              0.00      0.00     0.00   0.00    0.00     0.00    1.00      0.00     0.00   0.00    0.00     4.00    0.00      0.00     0.00   0.00    0.00     0.00    0.00    0.00    0.00   0.00


Device            r/s     rMB/s   rrqm/s  %rrqm r_await rareq-sz     w/s     wMB/s   wrqm/s  %wrqm w_await wareq-sz     d/s     dMB/s   drqm/s  %drqm d_await dareq-sz     f/s f_await  aqu-sz  %util
loop0            0.00      0.00     0.00   0.00    0.00     0.00    0.00      0.00     0.00   0.00    0.00     0.00    0.00      0.00     0.00   0.00    0.00     0.00    0.00    0.00    0.00   0.00
nvme0n1       12801.00    200.02     0.00   0.00    0.17    16.00 7165.00    139.80  1543.00  17.72    0.04    19.98    0.00      0.00     0.00   0.00    0.00     0.00    0.00    0.00    2.39  94.50
sda              0.00      0.00     0.00   0.00    0.00     0.00    0.00      0.00     0.00   0.00    0.00     0.00    0.00      0.00     0.00   0.00    0.00     0.00    0.00    0.00    0.00   0.00


Device            r/s     rMB/s   rrqm/s  %rrqm r_await rareq-sz     w/s     wMB/s   wrqm/s  %wrqm w_await wareq-sz     d/s     dMB/s   drqm/s  %drqm d_await dareq-sz     f/s f_await  aqu-sz  %util
loop0            0.00      0.00     0.00   0.00    0.00     0.00    0.00      0.00     0.00   0.00    0.00     0.00    0.00      0.00     0.00   0.00    0.00     0.00    0.00    0.00    0.00   0.00
nvme0n1       12814.00    200.22     0.00   0.00    0.17    16.00 6756.00    128.81  1536.00  18.52    0.04    19.52    0.00      0.00     0.00   0.00    0.00     0.00    0.00    0.00    2.38  94.00
sda              0.00      0.00     0.00   0.00    0.00     0.00    2.00      0.14    33.00  94.29    0.00    70.00    0.00      0.00     0.00   0.00    0.00     0.00    2.00    0.00    0.00   0.00


Device            r/s     rMB/s   rrqm/s  %rrqm r_await rareq-sz     w/s     wMB/s   wrqm/s  %wrqm w_await wareq-sz     d/s     dMB/s   drqm/s  %drqm d_await dareq-sz     f/s f_await  aqu-sz  %util
loop0            0.00      0.00     0.00   0.00    0.00     0.00    0.00      0.00     0.00   0.00    0.00     0.00    0.00      0.00     0.00   0.00    0.00     0.00    0.00    0.00    0.00   0.00
nvme0n1       12723.00    198.80     0.00   0.00    0.17    16.00 7162.00    139.86  1532.00  17.62    0.04    20.00    0.00      0.00     0.00   0.00    0.00     0.00    0.00    0.00    2.38  92.90
sda              0.00      0.00     0.00   0.00    0.00     0.00   23.00      0.33    14.00  37.84    0.30    14.78    0.00      0.00     0.00   0.00    0.00     0.00    0.00    0.00    0.01   0.00


Device            r/s     rMB/s   rrqm/s  %rrqm r_await rareq-sz     w/s     wMB/s   wrqm/s  %wrqm w_await wareq-sz     d/s     dMB/s   drqm/s  %drqm d_await dareq-sz     f/s f_await  aqu-sz  %util
loop0            0.00      0.00     0.00   0.00    0.00     0.00    0.00      0.00     0.00   0.00    0.00     0.00    0.00      0.00     0.00   0.00    0.00     0.00    0.00    0.00    0.00   0.00
nvme0n1       12747.00    199.17     0.00   0.00    0.17    16.00 6970.00    133.17  1546.00  18.15    0.04    19.56    0.00      0.00     0.00   0.00    0.00     0.00    0.00    0.00    2.37  93.90
sda              0.00      0.00     0.00   0.00    0.00     0.00   25.00      0.11     3.00  10.71    0.20     4.48    0.00      0.00     0.00   0.00    0.00     0.00    0.00    0.00    0.00   0.00


Device            r/s     rMB/s   rrqm/s  %rrqm r_await rareq-sz     w/s     wMB/s   wrqm/s  %wrqm w_await wareq-sz     d/s     dMB/s   drqm/s  %drqm d_await dareq-sz     f/s f_await  aqu-sz  %util
loop0            0.00      0.00     0.00   0.00    0.00     0.00    0.00      0.00     0.00   0.00    0.00     0.00    0.00      0.00     0.00   0.00    0.00     0.00    0.00    0.00    0.00   0.00
nvme0n1       12857.00    200.89     0.00   0.00    0.17    16.00 6880.00    130.91  1539.00  18.28    0.04    19.48    0.00      0.00     0.00   0.00    0.00     0.00    0.00    0.00    2.39  93.30
sda              0.00      0.00     0.00   0.00    0.00     0.00    1.00      0.00     0.00   0.00    0.00     4.00    0.00      0.00     0.00   0.00    0.00     0.00    0.00    0.00    0.00   0.00


Device            r/s     rMB/s   rrqm/s  %rrqm r_await rareq-sz     w/s     wMB/s   wrqm/s  %wrqm w_await wareq-sz     d/s     dMB/s   drqm/s  %drqm d_await dareq-sz     f/s f_await  aqu-sz  %util
loop0            0.00      0.00     0.00   0.00    0.00     0.00    0.00      0.00     0.00   0.00    0.00     0.00    0.00      0.00     0.00   0.00    0.00     0.00    0.00    0.00    0.00   0.00
nvme0n1       12778.00    199.66     0.00   0.00    0.17    16.00 7040.00    135.85  1515.00  17.71    0.04    19.76    0.00      0.00     0.00   0.00    0.00     0.00    0.00    0.00    2.39  93.90
sda              0.00      0.00     0.00   0.00    0.00     0.00    0.00      0.00     0.00   0.00    0.00     0.00    0.00      0.00     0.00   0.00    0.00     0.00    0.00    0.00    0.00   0.00


Device            r/s     rMB/s   rrqm/s  %rrqm r_await rareq-sz     w/s     wMB/s   wrqm/s  %wrqm w_await wareq-sz     d/s     dMB/s   drqm/s  %drqm d_await dareq-sz     f/s f_await  aqu-sz  %util
loop0            0.00      0.00     0.00   0.00    0.00     0.00    0.00      0.00     0.00   0.00    0.00     0.00    0.00      0.00     0.00   0.00    0.00     0.00    0.00    0.00    0.00   0.00
nvme0n1       12772.00    199.56     0.00   0.00    0.17    16.00 6927.00    133.69  1506.00  17.86    0.04    19.76    0.00      0.00     0.00   0.00    0.00     0.00    0.00    0.00    2.39  94.40
sda              0.00      0.00     0.00   0.00    0.00     0.00    2.00      0.13    32.00  94.12    0.00    68.00    0.00      0.00     0.00   0.00    0.00     0.00    2.00    0.00    0.00   0.00


Device            r/s     rMB/s   rrqm/s  %rrqm r_await rareq-sz     w/s     wMB/s   wrqm/s  %wrqm w_await wareq-sz     d/s     dMB/s   drqm/s  %drqm d_await dareq-sz     f/s f_await  aqu-sz  %util
loop0            0.00      0.00     0.00   0.00    0.00     0.00    0.00      0.00     0.00   0.00    0.00     0.00    0.00      0.00     0.00   0.00    0.00     0.00    0.00    0.00    0.00   0.00
nvme0n1       12712.00    198.62     0.00   0.00    0.17    16.00 7069.00    135.50  1580.00  18.27    0.04    19.63    0.00      0.00     0.00   0.00    0.00     0.00    0.00    0.00    2.37  92.90
sda              0.00      0.00     0.00   0.00    0.00     0.00   23.00      0.32    16.00  41.03    0.26    14.26    0.00      0.00     0.00   0.00    0.00     0.00    0.00    0.00    0.01   0.10


Device            r/s     rMB/s   rrqm/s  %rrqm r_await rareq-sz     w/s     wMB/s   wrqm/s  %wrqm w_await wareq-sz     d/s     dMB/s   drqm/s  %drqm d_await dareq-sz     f/s f_await  aqu-sz  %util
loop0            0.00      0.00     0.00   0.00    0.00     0.00    0.00      0.00     0.00   0.00    0.00     0.00    0.00      0.00     0.00   0.00    0.00     0.00    0.00    0.00    0.00   0.00
nvme0n1       12814.00    200.22     0.00   0.00    0.17    16.00 6942.00    133.09  1567.00  18.42    0.04    19.63    0.00      0.00     0.00   0.00    0.00     0.00    0.00    0.00    2.40  92.90
sda              0.00      0.00     0.00   0.00    0.00     0.00    0.00      0.00     0.00   0.00    0.00     0.00    0.00      0.00     0.00   0.00    0.00     0.00    0.00    0.00    0.00   0.00


Device            r/s     rMB/s   rrqm/s  %rrqm r_await rareq-sz     w/s     wMB/s   wrqm/s  %wrqm w_await wareq-sz     d/s     dMB/s   drqm/s  %drqm d_await dareq-sz     f/s f_await  aqu-sz  %util
loop0            0.00      0.00     0.00   0.00    0.00     0.00    0.00      0.00     0.00   0.00    0.00     0.00    0.00      0.00     0.00   0.00    0.00     0.00    0.00    0.00    0.00   0.00
nvme0n1       12773.00    199.58     0.00   0.00    0.17    16.00 6972.00    134.02  1558.00  18.26    0.04    19.68    0.00      0.00     0.00   0.00    0.00     0.00    0.00    0.00    2.39  93.70
sda              0.00      0.00     0.00   0.00    0.00     0.00    0.00      0.00     0.00   0.00    0.00     0.00    0.00      0.00     0.00   0.00    0.00     0.00    0.00    0.00    0.00   0.00


Device            r/s     rMB/s   rrqm/s  %rrqm r_await rareq-sz     w/s     wMB/s   wrqm/s  %wrqm w_await wareq-sz     d/s     dMB/s   drqm/s  %drqm d_await dareq-sz     f/s f_await  aqu-sz  %util
loop0            0.00      0.00     0.00   0.00    0.00     0.00    0.00      0.00     0.00   0.00    0.00     0.00    0.00      0.00     0.00   0.00    0.00     0.00    0.00    0.00    0.00   0.00
nvme0n1       12646.00    197.59     0.00   0.00    0.17    16.00 6988.00    135.24  1533.00  17.99    0.04    19.82    0.00      0.00     0.00   0.00    0.00     0.00    0.00    0.00    2.38  92.60
sda              0.00      0.00     0.00   0.00    0.00     0.00    0.00      0.00     0.00   0.00    0.00     0.00    0.00      0.00     0.00   0.00    0.00     0.00    0.00    0.00    0.00   0.00


Device            r/s     rMB/s   rrqm/s  %rrqm r_await rareq-sz     w/s     wMB/s   wrqm/s  %wrqm w_await wareq-sz     d/s     dMB/s   drqm/s  %drqm d_await dareq-sz     f/s f_await  aqu-sz  %util
loop0            0.00      0.00     0.00   0.00    0.00     0.00    0.00      0.00     0.00   0.00    0.00     0.00    0.00      0.00     0.00   0.00    0.00     0.00    0.00    0.00    0.00   0.00
nvme0n1       12717.00    198.70     0.00   0.00    0.17    16.00 6949.00    133.57  1537.00  18.11    0.04    19.68    0.00      0.00     0.00   0.00    0.00     0.00    0.00    0.00    2.35  92.80
sda              0.00      0.00     0.00   0.00    0.00     0.00    3.00      0.16    37.00  92.50    0.33    53.33    0.00      0.00     0.00   0.00    0.00     0.00    2.00    0.00    0.00   0.00


Device            r/s     rMB/s   rrqm/s  %rrqm r_await rareq-sz     w/s     wMB/s   wrqm/s  %wrqm w_await wareq-sz     d/s     dMB/s   drqm/s  %drqm d_await dareq-sz     f/s f_await  aqu-sz  %util
loop0            0.00      0.00     0.00   0.00    0.00     0.00    0.00      0.00     0.00   0.00    0.00     0.00    0.00      0.00     0.00   0.00    0.00     0.00    0.00    0.00    0.00   0.00
nvme0n1       12748.00    199.19     0.00   0.00    0.17    16.00 6968.00    133.27  1535.00  18.05    0.04    19.59    0.00      0.00     0.00   0.00    0.00     0.00    0.00    0.00    2.40  94.10
sda              0.00      0.00     0.00   0.00    0.00     0.00   27.00      0.33    10.00  27.03    0.22    12.59    0.00      0.00     0.00   0.00    0.00     0.00    0.00    0.00    0.01   0.10


Device            r/s     rMB/s   rrqm/s  %rrqm r_await rareq-sz     w/s     wMB/s   wrqm/s  %wrqm w_await wareq-sz     d/s     dMB/s   drqm/s  %drqm d_await dareq-sz     f/s f_await  aqu-sz  %util
loop0            0.00      0.00     0.00   0.00    0.00     0.00    0.00      0.00     0.00   0.00    0.00     0.00    0.00      0.00     0.00   0.00    0.00     0.00    0.00    0.00    0.00   0.00
nvme0n1       12759.00    199.36     0.00   0.00    0.17    16.00 7122.00    136.74  1566.00  18.02    0.04    19.66    0.00      0.00     0.00   0.00    0.00     0.00    0.00    0.00    2.39  92.80
sda              0.00      0.00     0.00   0.00    0.00     0.00    0.00      0.00     0.00   0.00    0.00     0.00    0.00      0.00     0.00   0.00    0.00     0.00    0.00    0.00    0.00   0.00


Device            r/s     rMB/s   rrqm/s  %rrqm r_await rareq-sz     w/s     wMB/s   wrqm/s  %wrqm w_await wareq-sz     d/s     dMB/s   drqm/s  %drqm d_await dareq-sz     f/s f_await  aqu-sz  %util
loop0            0.00      0.00     0.00   0.00    0.00     0.00    0.00      0.00     0.00   0.00    0.00     0.00    0.00      0.00     0.00   0.00    0.00     0.00    0.00    0.00    0.00   0.00
nvme0n1       12758.00    199.34     0.00   0.00    0.17    16.00 6990.00    134.90  1553.00  18.18    0.04    19.76    0.00      0.00     0.00   0.00    0.00     0.00    0.00    0.00    2.40  93.40
sda              0.00      0.00     0.00   0.00    0.00     0.00    0.00      0.00     0.00   0.00    0.00     0.00    0.00      0.00     0.00   0.00    0.00     0.00    0.00    0.00    0.00   0.00


Device            r/s     rMB/s   rrqm/s  %rrqm r_await rareq-sz     w/s     wMB/s   wrqm/s  %wrqm w_await wareq-sz     d/s     dMB/s   drqm/s  %drqm d_await dareq-sz     f/s f_await  aqu-sz  %util
loop0            0.00      0.00     0.00   0.00    0.00     0.00    0.00      0.00     0.00   0.00    0.00     0.00    0.00      0.00     0.00   0.00    0.00     0.00    0.00    0.00    0.00   0.00
nvme0n1       12387.00    193.56     0.00   0.00    0.17    16.00 6904.00    133.94  1518.00  18.02    0.04    19.87    0.00      0.00     0.00   0.00    0.00     0.00    0.00    0.00    2.33  93.40
sda              0.00      0.00     0.00   0.00    0.00     0.00    0.00      0.00     0.00   0.00    0.00     0.00    0.00      0.00     0.00   0.00    0.00     0.00    0.00    0.00    0.00   0.00


Device            r/s     rMB/s   rrqm/s  %rrqm r_await rareq-sz     w/s     wMB/s   wrqm/s  %wrqm w_await wareq-sz     d/s     dMB/s   drqm/s  %drqm d_await dareq-sz     f/s f_await  aqu-sz  %util
loop0            0.00      0.00     0.00   0.00    0.00     0.00    0.00      0.00     0.00   0.00    0.00     0.00    0.00      0.00     0.00   0.00    0.00     0.00    0.00    0.00    0.00   0.00
nvme0n1       12439.00    194.34     0.00   0.00    0.17    16.00 6952.00    133.00  1542.00  18.15    0.04    19.59    0.00      0.00     0.00   0.00    0.00     0.00    0.00    0.00    2.34  93.60
sda              0.00      0.00     0.00   0.00    0.00     0.00    2.00      0.12    30.00  93.75    0.00    64.00    0.00      0.00     0.00   0.00    0.00     0.00    2.00    0.00    0.00   0.00


Device            r/s     rMB/s   rrqm/s  %rrqm r_await rareq-sz     w/s     wMB/s   wrqm/s  %wrqm w_await wareq-sz     d/s     dMB/s   drqm/s  %drqm d_await dareq-sz     f/s f_await  aqu-sz  %util
loop0            0.00      0.00     0.00   0.00    0.00     0.00    0.00      0.00     0.00   0.00    0.00     0.00    0.00      0.00     0.00   0.00    0.00     0.00    0.00    0.00    0.00   0.00
nvme0n1       12648.00    197.64     0.00   0.00    0.17    16.00 6809.00    129.50  1565.00  18.69    0.04    19.48    0.00      0.00     0.00   0.00    0.00     0.00    0.00    0.00    2.37  93.50
sda              0.00      0.00     0.00   0.00    0.00     0.00   27.00      0.34    13.00  32.50    0.30    12.74    0.00      0.00     0.00   0.00    0.00     0.00    0.00    0.00    0.01   0.10


Device            r/s     rMB/s   rrqm/s  %rrqm r_await rareq-sz     w/s     wMB/s   wrqm/s  %wrqm w_await wareq-sz     d/s     dMB/s   drqm/s  %drqm d_await dareq-sz     f/s f_await  aqu-sz  %util
loop0            0.00      0.00     0.00   0.00    0.00     0.00    0.00      0.00     0.00   0.00    0.00     0.00    0.00      0.00     0.00   0.00    0.00     0.00    0.00    0.00    0.00   0.00
nvme0n1       12665.00    197.88     0.00   0.00    0.17    16.00 7090.00    135.73  1578.00  18.20    0.04    19.60    0.00      0.00     0.00   0.00    0.00     0.00    0.00    0.00    2.37  93.50
sda              0.00      0.00     0.00   0.00    0.00     0.00    0.00      0.00     0.00   0.00    0.00     0.00    0.00      0.00     0.00   0.00    0.00     0.00    0.00    0.00    0.00   0.00


Device            r/s     rMB/s   rrqm/s  %rrqm r_await rareq-sz     w/s     wMB/s   wrqm/s  %wrqm w_await wareq-sz     d/s     dMB/s   drqm/s  %drqm d_await dareq-sz     f/s f_await  aqu-sz  %util
loop0            0.00      0.00     0.00   0.00    0.00     0.00    0.00      0.00     0.00   0.00    0.00     0.00    0.00      0.00     0.00   0.00    0.00     0.00    0.00    0.00    0.00   0.00
nvme0n1       12646.00    197.59     0.00   0.00    0.17    16.00 7080.00    137.72  1542.00  17.88    0.04    19.92    0.00      0.00     0.00   0.00    0.00     0.00    0.00    0.00    2.37  93.40
sda              0.00      0.00     0.00   0.00    0.00     0.00    0.00      0.00     0.00   0.00    0.00     0.00    0.00      0.00     0.00   0.00    0.00     0.00    0.00    0.00    0.00   0.00


Device            r/s     rMB/s   rrqm/s  %rrqm r_await rareq-sz     w/s     wMB/s   wrqm/s  %wrqm w_await wareq-sz     d/s     dMB/s   drqm/s  %drqm d_await dareq-sz     f/s f_await  aqu-sz  %util
loop0            0.00      0.00     0.00   0.00    0.00     0.00    0.00      0.00     0.00   0.00    0.00     0.00    0.00      0.00     0.00   0.00    0.00     0.00    0.00    0.00    0.00   0.00
nvme0n1       12849.00    200.77     0.00   0.00    0.17    16.00 6823.00    130.16  1557.00  18.58    0.04    19.53    0.00      0.00     0.00   0.00    0.00     0.00    0.00    0.00    2.38  93.10
sda              0.00      0.00     0.00   0.00    0.00     0.00    0.00      0.00     0.00   0.00    0.00     0.00    0.00      0.00     0.00   0.00    0.00     0.00    0.00    0.00    0.00   0.00


Device            r/s     rMB/s   rrqm/s  %rrqm r_await rareq-sz     w/s     wMB/s   wrqm/s  %wrqm w_await wareq-sz     d/s     dMB/s   drqm/s  %drqm d_await dareq-sz     f/s f_await  aqu-sz  %util
loop0            0.00      0.00     0.00   0.00    0.00     0.00    0.00      0.00     0.00   0.00    0.00     0.00    0.00      0.00     0.00   0.00    0.00     0.00    0.00    0.00    0.00   0.00
nvme0n1       12615.00    197.11     0.00   0.00    0.17    16.00 7029.00    136.58  1547.00  18.04    0.04    19.90    0.00      0.00     0.00   0.00    0.00     0.00    0.00    0.00    2.37  92.70
sda              0.00      0.00     0.00   0.00    0.00     0.00    0.00      0.00     0.00   0.00    0.00     0.00    0.00      0.00     0.00   0.00    0.00     0.00    0.00    0.00    0.00   0.00


Device            r/s     rMB/s   rrqm/s  %rrqm r_await rareq-sz     w/s     wMB/s   wrqm/s  %wrqm w_await wareq-sz     d/s     dMB/s   drqm/s  %drqm d_await dareq-sz     f/s f_await  aqu-sz  %util
loop0            0.00      0.00     0.00   0.00    0.00     0.00    0.00      0.00     0.00   0.00    0.00     0.00    0.00      0.00     0.00   0.00    0.00     0.00    0.00    0.00    0.00   0.00
nvme0n1       12729.00    198.89     0.00   0.00    0.17    16.00 6960.00    132.88  1563.00  18.34    0.04    19.55    0.00      0.00     0.00   0.00    0.00     0.00    0.00    0.00    2.37  93.20
sda              0.00      0.00     0.00   0.00    0.00     0.00   28.00      0.49    50.00  64.10    0.25    18.00    0.00      0.00     0.00   0.00    0.00     0.00    2.00    0.00    0.01   0.00


Device            r/s     rMB/s   rrqm/s  %rrqm r_await rareq-sz     w/s     wMB/s   wrqm/s  %wrqm w_await wareq-sz     d/s     dMB/s   drqm/s  %drqm d_await dareq-sz     f/s f_await  aqu-sz  %util
loop0            0.00      0.00     0.00   0.00    0.00     0.00    0.00      0.00     0.00   0.00    0.00     0.00    0.00      0.00     0.00   0.00    0.00     0.00    0.00    0.00    0.00   0.00
nvme0n1       12701.00    198.47     0.00   0.00    0.17    16.00 6733.00    128.39  1542.00  18.63    0.04    19.53    0.00      0.00     0.00   0.00    0.00     0.00    0.00    0.00    2.35  92.70
sda              0.00      0.00     0.00   0.00    0.00     0.00    0.00      0.00     0.00   0.00    0.00     0.00    0.00      0.00     0.00   0.00    0.00     0.00    0.00    0.00    0.00   0.00


Device            r/s     rMB/s   rrqm/s  %rrqm r_await rareq-sz     w/s     wMB/s   wrqm/s  %wrqm w_await wareq-sz     d/s     dMB/s   drqm/s  %drqm d_await dareq-sz     f/s f_await  aqu-sz  %util
loop0            0.00      0.00     0.00   0.00    0.00     0.00    0.00      0.00     0.00   0.00    0.00     0.00    0.00      0.00     0.00   0.00    0.00     0.00    0.00    0.00    0.00   0.00
nvme0n1       12755.00    199.28     0.00   0.00    0.17    16.00 7204.00    139.61  1569.00  17.88    0.04    19.84    0.00      0.00     0.00   0.00    0.00     0.00    0.00    0.00    2.40  93.00
sda              0.00      0.00     0.00   0.00    0.00     0.00    0.00      0.00     0.00   0.00    0.00     0.00    0.00      0.00     0.00   0.00    0.00     0.00    0.00    0.00    0.00   0.00


Device            r/s     rMB/s   rrqm/s  %rrqm r_await rareq-sz     w/s     wMB/s   wrqm/s  %wrqm w_await wareq-sz     d/s     dMB/s   drqm/s  %drqm d_await dareq-sz     f/s f_await  aqu-sz  %util
loop0            0.00      0.00     0.00   0.00    0.00     0.00    0.00      0.00     0.00   0.00    0.00     0.00    0.00      0.00     0.00   0.00    0.00     0.00    0.00    0.00    0.00   0.00
nvme0n1       12870.00    201.09     0.00   0.00    0.17    16.00 6989.00    133.90  1592.00  18.55    0.04    19.62    0.00      0.00     0.00   0.00    0.00     0.00    0.00    0.00    2.39  93.50
sda              0.00      0.00     0.00   0.00    0.00     0.00    0.00      0.00     0.00   0.00    0.00     0.00    0.00      0.00     0.00   0.00    0.00     0.00    0.00    0.00    0.00   0.00


Device            r/s     rMB/s   rrqm/s  %rrqm r_await rareq-sz     w/s     wMB/s   wrqm/s  %wrqm w_await wareq-sz     d/s     dMB/s   drqm/s  %drqm d_await dareq-sz     f/s f_await  aqu-sz  %util
loop0            0.00      0.00     0.00   0.00    0.00     0.00    0.00      0.00     0.00   0.00    0.00     0.00    0.00      0.00     0.00   0.00    0.00     0.00    0.00    0.00    0.00   0.00
nvme0n1       12812.00    200.19     0.00   0.00    0.17    16.00 6929.00    131.69  1587.00  18.64    0.04    19.46    0.00      0.00     0.00   0.00    0.00     0.00    0.00    0.00    2.37  93.90
sda              0.00      0.00     0.00   0.00    0.00     0.00    0.00      0.00     0.00   0.00    0.00     0.00    0.00      0.00     0.00   0.00    0.00     0.00    0.00    0.00    0.00   0.00


Device            r/s     rMB/s   rrqm/s  %rrqm r_await rareq-sz     w/s     wMB/s   wrqm/s  %wrqm w_await wareq-sz     d/s     dMB/s   drqm/s  %drqm d_await dareq-sz     f/s f_await  aqu-sz  %util
loop0            0.00      0.00     0.00   0.00    0.00     0.00    0.00      0.00     0.00   0.00    0.00     0.00    0.00      0.00     0.00   0.00    0.00     0.00    0.00    0.00    0.00   0.00
nvme0n1       12867.00    201.05     0.00   0.00    0.17    16.00 6993.00    133.28  1603.00  18.65    0.04    19.52    0.00      0.00     0.00   0.00    0.00     0.00    0.00    0.00    2.38  93.70
sda              0.00      0.00     0.00   0.00    0.00     0.00   28.00      0.47    47.00  62.67    0.25    17.29    0.00      0.00     0.00   0.00    0.00     0.00    2.00    0.00    0.01   0.00


Device            r/s     rMB/s   rrqm/s  %rrqm r_await rareq-sz     w/s     wMB/s   wrqm/s  %wrqm w_await wareq-sz     d/s     dMB/s   drqm/s  %drqm d_await dareq-sz     f/s f_await  aqu-sz  %util
loop0            0.00      0.00     0.00   0.00    0.00     0.00    0.00      0.00     0.00   0.00    0.00     0.00    0.00      0.00     0.00   0.00    0.00     0.00    0.00    0.00    0.00   0.00
nvme0n1       12771.00    199.55     0.00   0.00    0.17    16.00 7087.00    136.95  1548.00  17.93    0.04    19.79    0.00      0.00     0.00   0.00    0.00     0.00    0.00    0.00    2.39  93.50
sda              0.00      0.00     0.00   0.00    0.00     0.00    1.00      0.00     0.00   0.00    0.00     4.00    0.00      0.00     0.00   0.00    0.00     0.00    0.00    0.00    0.00   0.00


Device            r/s     rMB/s   rrqm/s  %rrqm r_await rareq-sz     w/s     wMB/s   wrqm/s  %wrqm w_await wareq-sz     d/s     dMB/s   drqm/s  %drqm d_await dareq-sz     f/s f_await  aqu-sz  %util
loop0            0.00      0.00     0.00   0.00    0.00     0.00    0.00      0.00     0.00   0.00    0.00     0.00    0.00      0.00     0.00   0.00    0.00     0.00    0.00    0.00    0.00   0.00
nvme0n1       12678.00    198.09     0.00   0.00    0.17    16.00 7294.00    142.95  1566.00  17.67    0.04    20.07    0.00      0.00     0.00   0.00    0.00     0.00    0.00    0.00    2.38  93.60
sda              0.00      0.00     0.00   0.00    0.00     0.00    0.00      0.00     0.00   0.00    0.00     0.00    0.00      0.00     0.00   0.00    0.00     0.00    0.00    0.00    0.00   0.00


Device            r/s     rMB/s   rrqm/s  %rrqm r_await rareq-sz     w/s     wMB/s   wrqm/s  %wrqm w_await wareq-sz     d/s     dMB/s   drqm/s  %drqm d_await dareq-sz     f/s f_await  aqu-sz  %util
loop0            0.00      0.00     0.00   0.00    0.00     0.00    0.00      0.00     0.00   0.00    0.00     0.00    0.00      0.00     0.00   0.00    0.00     0.00    0.00    0.00    0.00   0.00
nvme0n1       12818.00    200.28     0.00   0.00    0.17    16.00 6863.00    129.24  1598.00  18.89    0.04    19.28    0.00      0.00     0.00   0.00    0.00     0.00    0.00    0.00    2.38  95.00
sda              0.00      0.00     0.00   0.00    0.00     0.00    0.00      0.00     0.00   0.00    0.00     0.00    0.00      0.00     0.00   0.00    0.00     0.00    0.00    0.00    0.00   0.00


Device            r/s     rMB/s   rrqm/s  %rrqm r_await rareq-sz     w/s     wMB/s   wrqm/s  %wrqm w_await wareq-sz     d/s     dMB/s   drqm/s  %drqm d_await dareq-sz     f/s f_await  aqu-sz  %util
loop0            0.00      0.00     0.00   0.00    0.00     0.00    0.00      0.00     0.00   0.00    0.00     0.00    0.00      0.00     0.00   0.00    0.00     0.00    0.00    0.00    0.00   0.00
nvme0n1       12808.00    200.13     0.00   0.00    0.17    16.00 7010.00    135.18  1535.00  17.96    0.04    19.75    0.00      0.00     0.00   0.00    0.00     0.00    0.00    0.00    2.39  94.00
sda              0.00      0.00     0.00   0.00    0.00     0.00    0.00      0.00     0.00   0.00    0.00     0.00    0.00      0.00     0.00   0.00    0.00     0.00    0.00    0.00    0.00   0.00


Device            r/s     rMB/s   rrqm/s  %rrqm r_await rareq-sz     w/s     wMB/s   wrqm/s  %wrqm w_await wareq-sz     d/s     dMB/s   drqm/s  %drqm d_await dareq-sz     f/s f_await  aqu-sz  %util
loop0            0.00      0.00     0.00   0.00    0.00     0.00    0.00      0.00     0.00   0.00    0.00     0.00    0.00      0.00     0.00   0.00    0.00     0.00    0.00    0.00    0.00   0.00
nvme0n1       12831.00    200.48     0.00   0.00    0.17    16.00 6977.00    134.42  1561.00  18.28    0.04    19.73    0.00      0.00     0.00   0.00    0.00     0.00    0.00    0.00    2.38  94.20
sda              0.00      0.00     0.00   0.00    0.00     0.00    3.00      0.15    36.00  92.31    0.33    52.00    0.00      0.00     0.00   0.00    0.00     0.00    2.00    0.00    0.00   0.00


Device            r/s     rMB/s   rrqm/s  %rrqm r_await rareq-sz     w/s     wMB/s   wrqm/s  %wrqm w_await wareq-sz     d/s     dMB/s   drqm/s  %drqm d_await dareq-sz     f/s f_await  aqu-sz  %util
loop0            0.00      0.00     0.00   0.00    0.00     0.00    0.00      0.00     0.00   0.00    0.00     0.00    0.00      0.00     0.00   0.00    0.00     0.00    0.00    0.00    0.00   0.00
nvme0n1       12808.00    200.13     0.00   0.00    0.16    16.00 6825.00    130.89  1540.00  18.41    0.04    19.64    0.00      0.00     0.00   0.00    0.00     0.00    0.00    0.00    2.36  93.50
sda              0.00      0.00     0.00   0.00    0.00     0.00   26.00      0.34    12.00  31.58    0.27    13.23    0.00      0.00     0.00   0.00    0.00     0.00    0.00    0.00    0.01   0.10


Device            r/s     rMB/s   rrqm/s  %rrqm r_await rareq-sz     w/s     wMB/s   wrqm/s  %wrqm w_await wareq-sz     d/s     dMB/s   drqm/s  %drqm d_await dareq-sz     f/s f_await  aqu-sz  %util
loop0            0.00      0.00     0.00   0.00    0.00     0.00    0.00      0.00     0.00   0.00    0.00     0.00    0.00      0.00     0.00   0.00    0.00     0.00    0.00    0.00    0.00   0.00
nvme0n1       12751.00    199.23     0.00   0.00    0.17    16.00 6887.00    132.77  1495.00  17.84    0.04    19.74    0.00      0.00     0.00   0.00    0.00     0.00    0.00    0.00    2.37  94.30
sda              0.00      0.00     0.00   0.00    0.00     0.00    0.00      0.00     0.00   0.00    0.00     0.00    0.00      0.00     0.00   0.00    0.00     0.00    0.00    0.00    0.00   0.00


Device            r/s     rMB/s   rrqm/s  %rrqm r_await rareq-sz     w/s     wMB/s   wrqm/s  %wrqm w_await wareq-sz     d/s     dMB/s   drqm/s  %drqm d_await dareq-sz     f/s f_await  aqu-sz  %util
loop0            0.00      0.00     0.00   0.00    0.00     0.00    0.00      0.00     0.00   0.00    0.00     0.00    0.00      0.00     0.00   0.00    0.00     0.00    0.00    0.00    0.00   0.00
nvme0n1       12752.00    199.25     0.00   0.00    0.17    16.00 7059.00    136.91  1536.00  17.87    0.04    19.86    0.00      0.00     0.00   0.00    0.00     0.00    0.00    0.00    2.38  92.60
sda              0.00      0.00     0.00   0.00    0.00     0.00    1.00      0.00     0.00   0.00    0.00     4.00    0.00      0.00     0.00   0.00    0.00     0.00    0.00    0.00    0.00   0.00


Device            r/s     rMB/s   rrqm/s  %rrqm r_await rareq-sz     w/s     wMB/s   wrqm/s  %wrqm w_await wareq-sz     d/s     dMB/s   drqm/s  %drqm d_await dareq-sz     f/s f_await  aqu-sz  %util
loop0            0.00      0.00     0.00   0.00    0.00     0.00    0.00      0.00     0.00   0.00    0.00     0.00    0.00      0.00     0.00   0.00    0.00     0.00    0.00    0.00    0.00   0.00
nvme0n1       12695.00    198.36     0.00   0.00    0.17    16.00 6896.00    132.36  1524.00  18.10    0.04    19.65    0.00      0.00     0.00   0.00    0.00     0.00    0.00    0.00    2.37  95.50
sda              0.00      0.00     0.00   0.00    0.00     0.00    0.00      0.00     0.00   0.00    0.00     0.00    0.00      0.00     0.00   0.00    0.00     0.00    0.00    0.00    0.00   0.00


Device            r/s     rMB/s   rrqm/s  %rrqm r_await rareq-sz     w/s     wMB/s   wrqm/s  %wrqm w_await wareq-sz     d/s     dMB/s   drqm/s  %drqm d_await dareq-sz     f/s f_await  aqu-sz  %util
loop0            0.00      0.00     0.00   0.00    0.00     0.00    0.00      0.00     0.00   0.00    0.00     0.00    0.00      0.00     0.00   0.00    0.00     0.00    0.00    0.00    0.00   0.00
nvme0n1       12876.00    201.19     0.00   0.00    0.17    16.00 6890.00    132.02  1549.00  18.36    0.04    19.62    0.00      0.00     0.00   0.00    0.00     0.00    0.00    0.00    2.38  93.90
sda              0.00      0.00     0.00   0.00    0.00     0.00   48.00      0.34    40.00  45.45    0.19     7.33    0.00      0.00     0.00   0.00    0.00     0.00    2.00    0.00    0.01   0.00


Device            r/s     rMB/s   rrqm/s  %rrqm r_await rareq-sz     w/s     wMB/s   wrqm/s  %wrqm w_await wareq-sz     d/s     dMB/s   drqm/s  %drqm d_await dareq-sz     f/s f_await  aqu-sz  %util
loop0            0.00      0.00     0.00   0.00    0.00     0.00    0.00      0.00     0.00   0.00    0.00     0.00    0.00      0.00     0.00   0.00    0.00     0.00    0.00    0.00    0.00   0.00
nvme0n1       12802.00    200.03     0.00   0.00    0.17    16.00 6998.00    133.49  1565.00  18.28    0.04    19.53    0.00      0.00     0.00   0.00    0.00     0.00    0.00    0.00    2.39  93.40
sda              0.00      0.00     0.00   0.00    0.00     0.00   26.00      0.33    13.00  33.33    0.27    12.92    0.00      0.00     0.00   0.00    0.00     0.00    0.00    0.00    0.01   0.10


Device            r/s     rMB/s   rrqm/s  %rrqm r_await rareq-sz     w/s     wMB/s   wrqm/s  %wrqm w_await wareq-sz     d/s     dMB/s   drqm/s  %drqm d_await dareq-sz     f/s f_await  aqu-sz  %util
loop0            0.00      0.00     0.00   0.00    0.00     0.00    0.00      0.00     0.00   0.00    0.00     0.00    0.00      0.00     0.00   0.00    0.00     0.00    0.00    0.00    0.00   0.00
nvme0n1       12911.00    201.73     0.00   0.00    0.17    16.00 6933.00    132.75  1577.00  18.53    0.04    19.61    0.00      0.00     0.00   0.00    0.00     0.00    0.00    0.00    2.40  94.30
sda              0.00      0.00     0.00   0.00    0.00     0.00    0.00      0.00     0.00   0.00    0.00     0.00    0.00      0.00     0.00   0.00    0.00     0.00    0.00    0.00    0.00   0.00


Device            r/s     rMB/s   rrqm/s  %rrqm r_await rareq-sz     w/s     wMB/s   wrqm/s  %wrqm w_await wareq-sz     d/s     dMB/s   drqm/s  %drqm d_await dareq-sz     f/s f_await  aqu-sz  %util
loop0            0.00      0.00     0.00   0.00    0.00     0.00    0.00      0.00     0.00   0.00    0.00     0.00    0.00      0.00     0.00   0.00    0.00     0.00    0.00    0.00    0.00   0.00
nvme0n1       12813.00    200.20     0.00   0.00    0.17    16.00 7002.00    134.07  1572.00  18.33    0.04    19.61    0.00      0.00     0.00   0.00    0.00     0.00    0.00    0.00    2.39  93.70
sda              0.00      0.00     0.00   0.00    0.00     0.00    0.00      0.00     0.00   0.00    0.00     0.00    0.00      0.00     0.00   0.00    0.00     0.00    0.00    0.00    0.00   0.00


Device            r/s     rMB/s   rrqm/s  %rrqm r_await rareq-sz     w/s     wMB/s   wrqm/s  %wrqm w_await wareq-sz     d/s     dMB/s   drqm/s  %drqm d_await dareq-sz     f/s f_await  aqu-sz  %util
loop0            0.00      0.00     0.00   0.00    0.00     0.00    0.00      0.00     0.00   0.00    0.00     0.00    0.00      0.00     0.00   0.00    0.00     0.00    0.00    0.00    0.00   0.00
nvme0n1       12890.00    201.41     0.00   0.00    0.17    16.00 6994.00    133.66  1573.00  18.36    0.04    19.57    0.00      0.00     0.00   0.00    0.00     0.00    0.00    0.00    2.41  94.50
sda              0.00      0.00     0.00   0.00    0.00     0.00    4.00      0.17    40.00  90.91    0.25    44.00    0.00      0.00     0.00   0.00    0.00     0.00    2.00    0.00    0.00   0.10


Device            r/s     rMB/s   rrqm/s  %rrqm r_await rareq-sz     w/s     wMB/s   wrqm/s  %wrqm w_await wareq-sz     d/s     dMB/s   drqm/s  %drqm d_await dareq-sz     f/s f_await  aqu-sz  %util
loop0            0.00      0.00     0.00   0.00    0.00     0.00    0.00      0.00     0.00   0.00    0.00     0.00    0.00      0.00     0.00   0.00    0.00     0.00    0.00    0.00    0.00   0.00
nvme0n1       12830.00    200.47     0.00   0.00    0.17    16.00 6966.00    135.22  1516.00  17.87    0.04    19.88    0.00      0.00     0.00   0.00    0.00     0.00    0.00    0.00    2.39  93.30
sda              0.00      0.00     0.00   0.00    0.00     0.00    0.00      0.00     0.00   0.00    0.00     0.00    0.00      0.00     0.00   0.00    0.00     0.00    0.00    0.00    0.00   0.00


Device            r/s     rMB/s   rrqm/s  %rrqm r_await rareq-sz     w/s     wMB/s   wrqm/s  %wrqm w_await wareq-sz     d/s     dMB/s   drqm/s  %drqm d_await dareq-sz     f/s f_await  aqu-sz  %util
loop0            0.00      0.00     0.00   0.00    0.00     0.00    0.00      0.00     0.00   0.00    0.00     0.00    0.00      0.00     0.00   0.00    0.00     0.00    0.00    0.00    0.00   0.00
nvme0n1       12802.00    200.03     0.00   0.00    0.17    16.00 6949.00    133.79  1558.00  18.31    0.04    19.71    0.00      0.00     0.00   0.00    0.00     0.00    0.00    0.00    2.39  92.50
sda              0.00      0.00     0.00   0.00    0.00     0.00   26.00      0.39    14.00  35.00    0.23    15.38    0.00      0.00     0.00   0.00    0.00     0.00    0.00    0.00    0.01   0.00


Device            r/s     rMB/s   rrqm/s  %rrqm r_await rareq-sz     w/s     wMB/s   wrqm/s  %wrqm w_await wareq-sz     d/s     dMB/s   drqm/s  %drqm d_await dareq-sz     f/s f_await  aqu-sz  %util
loop0            0.00      0.00     0.00   0.00    0.00     0.00    0.00      0.00     0.00   0.00    0.00     0.00    0.00      0.00     0.00   0.00    0.00     0.00    0.00    0.00    0.00   0.00
nvme0n1       12885.00    201.33     0.00   0.00    0.17    16.00 6978.00    134.32  1561.00  18.28    0.04    19.71    0.00      0.00     0.00   0.00    0.00     0.00    0.00    0.00    2.40  92.80
sda              0.00      0.00     0.00   0.00    0.00     0.00    0.00      0.00     0.00   0.00    0.00     0.00    0.00      0.00     0.00   0.00    0.00     0.00    0.00    0.00    0.00   0.00


Device            r/s     rMB/s   rrqm/s  %rrqm r_await rareq-sz     w/s     wMB/s   wrqm/s  %wrqm w_await wareq-sz     d/s     dMB/s   drqm/s  %drqm d_await dareq-sz     f/s f_await  aqu-sz  %util
loop0            0.00      0.00     0.00   0.00    0.00     0.00    0.00      0.00     0.00   0.00    0.00     0.00    0.00      0.00     0.00   0.00    0.00     0.00    0.00    0.00    0.00   0.00
nvme0n1       12821.00    200.33     0.00   0.00    0.17    16.00 7138.00    138.36  1591.00  18.23    0.04    19.85    0.00      0.00     0.00   0.00    0.00     0.00    0.00    0.00    2.40  93.40
sda              0.00      0.00     0.00   0.00    0.00     0.00    0.00      0.00     0.00   0.00    0.00     0.00    0.00      0.00     0.00   0.00    0.00     0.00    0.00    0.00    0.00   0.00


Device            r/s     rMB/s   rrqm/s  %rrqm r_await rareq-sz     w/s     wMB/s   wrqm/s  %wrqm w_await wareq-sz     d/s     dMB/s   drqm/s  %drqm d_await dareq-sz     f/s f_await  aqu-sz  %util
loop0            0.00      0.00     0.00   0.00    0.00     0.00    0.00      0.00     0.00   0.00    0.00     0.00    0.00      0.00     0.00   0.00    0.00     0.00    0.00    0.00    0.00   0.00
nvme0n1       12810.00    200.16     0.00   0.00    0.17    16.00 7056.00    135.52  1567.00  18.17    0.04    19.67    0.00      0.00     0.00   0.00    0.00     0.00    0.00    0.00    2.40  93.60
sda              0.00      0.00     0.00   0.00    0.00     0.00    3.00      0.16    39.00  92.86    0.33    56.00    0.00      0.00     0.00   0.00    0.00     0.00    2.00    0.00    0.00   0.10


Device            r/s     rMB/s   rrqm/s  %rrqm r_await rareq-sz     w/s     wMB/s   wrqm/s  %wrqm w_await wareq-sz     d/s     dMB/s   drqm/s  %drqm d_await dareq-sz     f/s f_await  aqu-sz  %util
loop0            0.00      0.00     0.00   0.00    0.00     0.00    0.00      0.00     0.00   0.00    0.00     0.00    0.00      0.00     0.00   0.00    0.00     0.00    0.00    0.00    0.00   0.00
nvme0n1       12835.00    200.55     0.00   0.00    0.17    16.00 7041.00    134.49  1560.00  18.14    0.04    19.56    0.00      0.00     0.00   0.00    0.00     0.00    0.00    0.00    2.40  93.50
sda              0.00      0.00     0.00   0.00    0.00     0.00    0.00      0.00     0.00   0.00    0.00     0.00    0.00      0.00     0.00   0.00    0.00     0.00    0.00    0.00    0.00   0.00


Device            r/s     rMB/s   rrqm/s  %rrqm r_await rareq-sz     w/s     wMB/s   wrqm/s  %wrqm w_await wareq-sz     d/s     dMB/s   drqm/s  %drqm d_await dareq-sz     f/s f_await  aqu-sz  %util
loop0            0.00      0.00     0.00   0.00    0.00     0.00    0.00      0.00     0.00   0.00    0.00     0.00    0.00      0.00     0.00   0.00    0.00     0.00    0.00    0.00    0.00   0.00
nvme0n1       12727.00    198.86     0.00   0.00    0.17    16.00 7128.00    136.32  1572.00  18.07    0.04    19.58    0.00      0.00     0.00   0.00    0.00     0.00    0.00    0.00    2.39  93.70
sda              0.00      0.00     0.00   0.00    0.00     0.00   24.00      0.32    13.00  35.14    0.25    13.67    0.00      0.00     0.00   0.00    0.00     0.00    0.00    0.00    0.01   0.10


Device            r/s     rMB/s   rrqm/s  %rrqm r_await rareq-sz     w/s     wMB/s   wrqm/s  %wrqm w_await wareq-sz     d/s     dMB/s   drqm/s  %drqm d_await dareq-sz     f/s f_await  aqu-sz  %util
loop0            0.00      0.00     0.00   0.00    0.00     0.00    0.00      0.00     0.00   0.00    0.00     0.00    0.00      0.00     0.00   0.00    0.00     0.00    0.00    0.00    0.00   0.00
nvme0n1       12948.00    202.31     0.00   0.00    0.17    16.00 7054.00    134.39  1576.00  18.26    0.04    19.51    0.00      0.00     0.00   0.00    0.00     0.00    0.00    0.00    2.41  93.20
sda              0.00      0.00     0.00   0.00    0.00     0.00    0.00      0.00     0.00   0.00    0.00     0.00    0.00      0.00     0.00   0.00    0.00     0.00    0.00    0.00    0.00   0.00


Device            r/s     rMB/s   rrqm/s  %rrqm r_await rareq-sz     w/s     wMB/s   wrqm/s  %wrqm w_await wareq-sz     d/s     dMB/s   drqm/s  %drqm d_await dareq-sz     f/s f_await  aqu-sz  %util
loop0            0.00      0.00     0.00   0.00    0.00     0.00    0.00      0.00     0.00   0.00    0.00     0.00    0.00      0.00     0.00   0.00    0.00     0.00    0.00    0.00    0.00   0.00
nvme0n1       12976.00    202.75     0.00   0.00    0.17    16.00 6962.00    132.09  1546.00  18.17    0.04    19.43    0.00      0.00     0.00   0.00    0.00     0.00    0.00    0.00    2.41  94.30
sda              0.00      0.00     0.00   0.00    0.00     0.00    0.00      0.00     0.00   0.00    0.00     0.00    0.00      0.00     0.00   0.00    0.00     0.00    0.00    0.00    0.00   0.00


Device            r/s     rMB/s   rrqm/s  %rrqm r_await rareq-sz     w/s     wMB/s   wrqm/s  %wrqm w_await wareq-sz     d/s     dMB/s   drqm/s  %drqm d_await dareq-sz     f/s f_await  aqu-sz  %util
loop0            0.00      0.00     0.00   0.00    0.00     0.00    0.00      0.00     0.00   0.00    0.00     0.00    0.00      0.00     0.00   0.00    0.00     0.00    0.00    0.00    0.00   0.00
nvme0n1       12822.00    200.34     0.00   0.00    0.17    16.00 6984.00    132.46  1563.00  18.29    0.04    19.42    0.00      0.00     0.00   0.00    0.00     0.00    0.00    0.00    2.39  93.40
sda              0.00      0.00     0.00   0.00    0.00     0.00    2.00      0.14    35.00  94.59    0.00    74.00    0.00      0.00     0.00   0.00    0.00     0.00    2.00    0.00    0.00   0.10


Device            r/s     rMB/s   rrqm/s  %rrqm r_await rareq-sz     w/s     wMB/s   wrqm/s  %wrqm w_await wareq-sz     d/s     dMB/s   drqm/s  %drqm d_await dareq-sz     f/s f_await  aqu-sz  %util
loop0            0.00      0.00     0.00   0.00    0.00     0.00    0.00      0.00     0.00   0.00    0.00     0.00    0.00      0.00     0.00   0.00    0.00     0.00    0.00    0.00    0.00   0.00
nvme0n1       12781.00    199.70     0.00   0.00    0.17    16.00 7004.00    134.43  1540.00  18.02    0.04    19.65    0.00      0.00     0.00   0.00    0.00     0.00    0.00    0.00    2.38  93.90
sda              0.00      0.00     0.00   0.00    0.00     0.00    0.00      0.00     0.00   0.00    0.00     0.00    0.00      0.00     0.00   0.00    0.00     0.00    0.00    0.00    0.00   0.00


Device            r/s     rMB/s   rrqm/s  %rrqm r_await rareq-sz     w/s     wMB/s   wrqm/s  %wrqm w_await wareq-sz     d/s     dMB/s   drqm/s  %drqm d_await dareq-sz     f/s f_await  aqu-sz  %util
loop0            0.00      0.00     0.00   0.00    0.00     0.00    0.00      0.00     0.00   0.00    0.00     0.00    0.00      0.00     0.00   0.00    0.00     0.00    0.00    0.00    0.00   0.00
nvme0n1       12968.00    202.62     0.00   0.00    0.17    16.00 6919.00    132.12  1572.00  18.51    0.04    19.55    0.00      0.00     0.00   0.00    0.00     0.00    0.00    0.00    2.40  94.70
sda              0.00      0.00     0.00   0.00    0.00     0.00   26.00      0.34    14.00  35.00    0.38    13.54    0.00      0.00     0.00   0.00    0.00     0.00    0.00    0.00    0.01   0.00


Device            r/s     rMB/s   rrqm/s  %rrqm r_await rareq-sz     w/s     wMB/s   wrqm/s  %wrqm w_await wareq-sz     d/s     dMB/s   drqm/s  %drqm d_await dareq-sz     f/s f_await  aqu-sz  %util
loop0            0.00      0.00     0.00   0.00    0.00     0.00    0.00      0.00     0.00   0.00    0.00     0.00    0.00      0.00     0.00   0.00    0.00     0.00    0.00    0.00    0.00   0.00
nvme0n1       12763.00    199.42     0.00   0.00    0.17    16.00 7083.00    136.17  1554.00  17.99    0.04    19.69    0.00      0.00     0.00   0.00    0.00     0.00    0.00    0.00    2.39  94.30
sda              0.00      0.00     0.00   0.00    0.00     0.00    0.00      0.00     0.00   0.00    0.00     0.00    0.00      0.00     0.00   0.00    0.00     0.00    0.00    0.00    0.00   0.00


Device            r/s     rMB/s   rrqm/s  %rrqm r_await rareq-sz     w/s     wMB/s   wrqm/s  %wrqm w_await wareq-sz     d/s     dMB/s   drqm/s  %drqm d_await dareq-sz     f/s f_await  aqu-sz  %util
loop0            0.00      0.00     0.00   0.00    0.00     0.00    0.00      0.00     0.00   0.00    0.00     0.00    0.00      0.00     0.00   0.00    0.00     0.00    0.00    0.00    0.00   0.00
nvme0n1       12741.00    199.08     0.00   0.00    0.17    16.00 6956.00    134.40  1518.00  17.91    0.04    19.78    0.00      0.00     0.00   0.00    0.00     0.00    0.00    0.00    2.39  94.40
sda              0.00      0.00     0.00   0.00    0.00     0.00    0.00      0.00     0.00   0.00    0.00     0.00    0.00      0.00     0.00   0.00    0.00     0.00    0.00    0.00    0.00   0.00


Device            r/s     rMB/s   rrqm/s  %rrqm r_await rareq-sz     w/s     wMB/s   wrqm/s  %wrqm w_await wareq-sz     d/s     dMB/s   drqm/s  %drqm d_await dareq-sz     f/s f_await  aqu-sz  %util
loop0            0.00      0.00     0.00   0.00    0.00     0.00    0.00      0.00     0.00   0.00    0.00     0.00    0.00      0.00     0.00   0.00    0.00     0.00    0.00    0.00    0.00   0.00
nvme0n1       12842.00    200.66     0.00   0.00    0.17    16.00 7072.00    133.17  1567.00  18.14    0.04    19.28    0.00      0.00     0.00   0.00    0.00     0.00    0.00    0.00    2.39  93.80
sda              0.00      0.00     0.00   0.00    0.00     0.00    2.00      0.16    39.00  95.12    0.50    82.00    0.00      0.00     0.00   0.00    0.00     0.00    2.00    0.00    0.00   0.10


Device            r/s     rMB/s   rrqm/s  %rrqm r_await rareq-sz     w/s     wMB/s   wrqm/s  %wrqm w_await wareq-sz     d/s     dMB/s   drqm/s  %drqm d_await dareq-sz     f/s f_await  aqu-sz  %util
loop0            0.00      0.00     0.00   0.00    0.00     0.00    0.00      0.00     0.00   0.00    0.00     0.00    0.00      0.00     0.00   0.00    0.00     0.00    0.00    0.00    0.00   0.00
nvme0n1       12790.00    199.84     0.00   0.00    0.17    16.00 7045.00    134.20  1555.00  18.08    0.04    19.51    0.00      0.00     0.00   0.00    0.00     0.00    0.00    0.00    2.38  93.30
sda              0.00      0.00     0.00   0.00    0.00     0.00    0.00      0.00     0.00   0.00    0.00     0.00    0.00      0.00     0.00   0.00    0.00     0.00    0.00    0.00    0.00   0.00


Device            r/s     rMB/s   rrqm/s  %rrqm r_await rareq-sz     w/s     wMB/s   wrqm/s  %wrqm w_await wareq-sz     d/s     dMB/s   drqm/s  %drqm d_await dareq-sz     f/s f_await  aqu-sz  %util
loop0            0.00      0.00     0.00   0.00    0.00     0.00    0.00      0.00     0.00   0.00    0.00     0.00    0.00      0.00     0.00   0.00    0.00     0.00    0.00    0.00    0.00   0.00
nvme0n1       12878.00    201.22     0.00   0.00    0.17    16.00 7092.00    135.06  1577.00  18.19    0.04    19.50    0.00      0.00     0.00   0.00    0.00     0.00    0.00    0.00    2.40  94.70
sda              0.00      0.00     0.00   0.00    0.00     0.00   25.00      0.33    14.00  35.90    0.28    13.44    0.00      0.00     0.00   0.00    0.00     0.00    0.00    0.00    0.01   0.10


Device            r/s     rMB/s   rrqm/s  %rrqm r_await rareq-sz     w/s     wMB/s   wrqm/s  %wrqm w_await wareq-sz     d/s     dMB/s   drqm/s  %drqm d_await dareq-sz     f/s f_await  aqu-sz  %util
loop0            0.00      0.00     0.00   0.00    0.00     0.00    0.00      0.00     0.00   0.00    0.00     0.00    0.00      0.00     0.00   0.00    0.00     0.00    0.00    0.00    0.00   0.00
nvme0n1       12829.00    200.45     0.00   0.00    0.17    16.00 7096.00    136.22  1550.00  17.93    0.04    19.66    0.00      0.00     0.00   0.00    0.00     0.00    0.00    0.00    2.40  94.50
sda              0.00      0.00     0.00   0.00    0.00     0.00    1.00      0.00     0.00   0.00    0.00     4.00    0.00      0.00     0.00   0.00    0.00     0.00    0.00    0.00    0.00   0.00


Device            r/s     rMB/s   rrqm/s  %rrqm r_await rareq-sz     w/s     wMB/s   wrqm/s  %wrqm w_await wareq-sz     d/s     dMB/s   drqm/s  %drqm d_await dareq-sz     f/s f_await  aqu-sz  %util
loop0            0.00      0.00     0.00   0.00    0.00     0.00    0.00      0.00     0.00   0.00    0.00     0.00    0.00      0.00     0.00   0.00    0.00     0.00    0.00    0.00    0.00   0.00
nvme0n1       12855.00    200.86     0.00   0.00    0.17    16.00 6954.00    132.33  1556.00  18.28    0.04    19.49    0.00      0.00     0.00   0.00    0.00     0.00    0.00    0.00    2.39  92.90
sda              0.00      0.00     0.00   0.00    0.00     0.00    0.00      0.00     0.00   0.00    0.00     0.00    0.00      0.00     0.00   0.00    0.00     0.00    0.00    0.00    0.00   0.00


Device            r/s     rMB/s   rrqm/s  %rrqm r_await rareq-sz     w/s     wMB/s   wrqm/s  %wrqm w_await wareq-sz     d/s     dMB/s   drqm/s  %drqm d_await dareq-sz     f/s f_await  aqu-sz  %util
loop0            0.00      0.00     0.00   0.00    0.00     0.00    0.00      0.00     0.00   0.00    0.00     0.00    0.00      0.00     0.00   0.00    0.00     0.00    0.00    0.00    0.00   0.00
nvme0n1       12620.00    197.19     0.00   0.00    0.17    16.00 7073.00    135.95  1561.00  18.08    0.04    19.68    0.00      0.00     0.00   0.00    0.00     0.00    0.00    0.00    2.37  93.50
sda              0.00      0.00     0.00   0.00    0.00     0.00    4.00      0.21    51.00  92.73    0.25    55.00    0.00      0.00     0.00   0.00    0.00     0.00    2.00    0.00    0.00   0.10


Device            r/s     rMB/s   rrqm/s  %rrqm r_await rareq-sz     w/s     wMB/s   wrqm/s  %wrqm w_await wareq-sz     d/s     dMB/s   drqm/s  %drqm d_await dareq-sz     f/s f_await  aqu-sz  %util
loop0            0.00      0.00     0.00   0.00    0.00     0.00    0.00      0.00     0.00   0.00    0.00     0.00    0.00      0.00     0.00   0.00    0.00     0.00    0.00    0.00    0.00   0.00
nvme0n1       12615.00    197.11     0.00   0.00    0.17    16.00 6948.00    131.94  1560.00  18.34    0.04    19.45    0.00      0.00     0.00   0.00    0.00     0.00    0.00    0.00    2.35  93.80
sda              0.00      0.00     0.00   0.00    0.00     0.00    0.00      0.00     0.00   0.00    0.00     0.00    0.00      0.00     0.00   0.00    0.00     0.00    0.00    0.00    0.00   0.00


Device            r/s     rMB/s   rrqm/s  %rrqm r_await rareq-sz     w/s     wMB/s   wrqm/s  %wrqm w_await wareq-sz     d/s     dMB/s   drqm/s  %drqm d_await dareq-sz     f/s f_await  aqu-sz  %util
loop0            0.00      0.00     0.00   0.00    0.00     0.00    0.00      0.00     0.00   0.00    0.00     0.00    0.00      0.00     0.00   0.00    0.00     0.00    0.00    0.00    0.00   0.00
nvme0n1       12845.00    200.70     0.00   0.00    0.17    16.00 7138.00    136.37  1568.00  18.01    0.04    19.56    0.00      0.00     0.00   0.00    0.00     0.00    0.00    0.00    2.40  93.50
sda              0.00      0.00     0.00   0.00    0.00     0.00   24.00      0.34    13.00  35.14    0.29    14.33    0.00      0.00     0.00   0.00    0.00     0.00    0.00    0.00    0.01   0.10


Device            r/s     rMB/s   rrqm/s  %rrqm r_await rareq-sz     w/s     wMB/s   wrqm/s  %wrqm w_await wareq-sz     d/s     dMB/s   drqm/s  %drqm d_await dareq-sz     f/s f_await  aqu-sz  %util
loop0            0.00      0.00     0.00   0.00    0.00     0.00    0.00      0.00     0.00   0.00    0.00     0.00    0.00      0.00     0.00   0.00    0.00     0.00    0.00    0.00    0.00   0.00
nvme0n1       12781.00    199.70     0.00   0.00    0.17    16.00 7000.00    131.96  1579.00  18.41    0.04    19.30    0.00      0.00     0.00   0.00    0.00     0.00    0.00    0.00    2.37  94.10
sda              0.00      0.00     0.00   0.00    0.00     0.00    0.00      0.00     0.00   0.00    0.00     0.00    0.00      0.00     0.00   0.00    0.00     0.00    0.00    0.00    0.00   0.00


Device            r/s     rMB/s   rrqm/s  %rrqm r_await rareq-sz     w/s     wMB/s   wrqm/s  %wrqm w_await wareq-sz     d/s     dMB/s   drqm/s  %drqm d_await dareq-sz     f/s f_await  aqu-sz  %util
loop0            0.00      0.00     0.00   0.00    0.00     0.00    0.00      0.00     0.00   0.00    0.00     0.00    0.00      0.00     0.00   0.00    0.00     0.00    0.00    0.00    0.00   0.00
nvme0n1       12579.00    196.55     0.00   0.00    0.17    16.00 7033.00    134.57  1518.00  17.75    0.04    19.59    0.00      0.00     0.00   0.00    0.00     0.00    0.00    0.00    2.34  92.60
sda              0.00      0.00     0.00   0.00    0.00     0.00    1.00      0.00     0.00   0.00    0.00     4.00    0.00      0.00     0.00   0.00    0.00     0.00    0.00    0.00    0.00   0.00


Device            r/s     rMB/s   rrqm/s  %rrqm r_await rareq-sz     w/s     wMB/s   wrqm/s  %wrqm w_await wareq-sz     d/s     dMB/s   drqm/s  %drqm d_await dareq-sz     f/s f_await  aqu-sz  %util
loop0            0.00      0.00     0.00   0.00    0.00     0.00    0.00      0.00     0.00   0.00    0.00     0.00    0.00      0.00     0.00   0.00    0.00     0.00    0.00    0.00    0.00   0.00
nvme0n1       12554.00    196.16     0.00   0.00    0.17    16.00 6992.00    134.18  1536.00  18.01    0.04    19.65    0.00      0.00     0.00   0.00    0.00     0.00    0.00    0.00    2.35  93.90
sda              0.00      0.00     0.00   0.00    0.00     0.00    3.00      0.18    44.00  93.62    0.33    62.67    0.00      0.00     0.00   0.00    0.00     0.00    2.00    0.50    0.00   0.00


Device            r/s     rMB/s   rrqm/s  %rrqm r_await rareq-sz     w/s     wMB/s   wrqm/s  %wrqm w_await wareq-sz     d/s     dMB/s   drqm/s  %drqm d_await dareq-sz     f/s f_await  aqu-sz  %util
loop0            0.00      0.00     0.00   0.00    0.00     0.00    0.00      0.00     0.00   0.00    0.00     0.00    0.00      0.00     0.00   0.00    0.00     0.00    0.00    0.00    0.00   0.00
nvme0n1       12825.00    200.39     0.00   0.00    0.17    16.00 6834.00    128.98  1528.00  18.27    0.04    19.33    0.00      0.00     0.00   0.00    0.00     0.00    0.00    0.00    2.38  94.50
sda              0.00      0.00     0.00   0.00    0.00     0.00    0.00      0.00     0.00   0.00    0.00     0.00    0.00      0.00     0.00   0.00    0.00     0.00    0.00    0.00    0.00   0.00


Device            r/s     rMB/s   rrqm/s  %rrqm r_await rareq-sz     w/s     wMB/s   wrqm/s  %wrqm w_await wareq-sz     d/s     dMB/s   drqm/s  %drqm d_await dareq-sz     f/s f_await  aqu-sz  %util
loop0            0.00      0.00     0.00   0.00    0.00     0.00    0.00      0.00     0.00   0.00    0.00     0.00    0.00      0.00     0.00   0.00    0.00     0.00    0.00    0.00    0.00   0.00
nvme0n1       12772.00    199.56     0.00   0.00    0.17    16.00 7239.00    140.21  1576.00  17.88    0.04    19.83    0.00      0.00     0.00   0.00    0.00     0.00    0.00    0.00    2.39  93.80
sda              0.00      0.00     0.00   0.00    0.00     0.00   25.00      0.33    13.00  34.21    0.24    13.44    0.00      0.00     0.00   0.00    0.00     0.00    0.00    0.00    0.01   0.10


Device            r/s     rMB/s   rrqm/s  %rrqm r_await rareq-sz     w/s     wMB/s   wrqm/s  %wrqm w_await wareq-sz     d/s     dMB/s   drqm/s  %drqm d_await dareq-sz     f/s f_await  aqu-sz  %util
loop0            0.00      0.00     0.00   0.00    0.00     0.00    0.00      0.00     0.00   0.00    0.00     0.00    0.00      0.00     0.00   0.00    0.00     0.00    0.00    0.00    0.00   0.00
nvme0n1       12850.00    200.78     0.00   0.00    0.17    16.00 6847.00    129.01  1587.00  18.82    0.04    19.29    0.00      0.00     0.00   0.00    0.00     0.00    0.00    0.00    2.38  94.00
sda              0.00      0.00     0.00   0.00    0.00     0.00    0.00      0.00     0.00   0.00    0.00     0.00    0.00      0.00     0.00   0.00    0.00     0.00    0.00    0.00    0.00   0.00


Device            r/s     rMB/s   rrqm/s  %rrqm r_await rareq-sz     w/s     wMB/s   wrqm/s  %wrqm w_await wareq-sz     d/s     dMB/s   drqm/s  %drqm d_await dareq-sz     f/s f_await  aqu-sz  %util
loop0            0.00      0.00     0.00   0.00    0.00     0.00    0.00      0.00     0.00   0.00    0.00     0.00    0.00      0.00     0.00   0.00    0.00     0.00    0.00    0.00    0.00   0.00
nvme0n1       12878.00    201.22     0.00   0.00    0.17    16.00 7100.00    134.42  1621.00  18.59    0.04    19.39    0.00      0.00     0.00   0.00    0.00     0.00    0.00    0.00    2.39  93.80
sda              0.00      0.00     0.00   0.00    0.00     0.00    1.00      0.00     0.00   0.00    0.00     4.00    0.00      0.00     0.00   0.00    0.00     0.00    0.00    0.00    0.00   0.00


Device            r/s     rMB/s   rrqm/s  %rrqm r_await rareq-sz     w/s     wMB/s   wrqm/s  %wrqm w_await wareq-sz     d/s     dMB/s   drqm/s  %drqm d_await dareq-sz     f/s f_await  aqu-sz  %util
loop0            0.00      0.00     0.00   0.00    0.00     0.00    0.00      0.00     0.00   0.00    0.00     0.00    0.00      0.00     0.00   0.00    0.00     0.00    0.00    0.00    0.00   0.00
nvme0n1       12807.00    200.11     0.00   0.00    0.17    16.00 6866.00    131.27  1508.00  18.01    0.04    19.58    0.00      0.00     0.00   0.00    0.00     0.00    0.00    0.00    2.38  94.00
sda              0.00      0.00     0.00   0.00    0.00     0.00    2.00      0.16    40.00  95.24    0.00    84.00    0.00      0.00     0.00   0.00    0.00     0.00    2.00    0.00    0.00   0.00


Device            r/s     rMB/s   rrqm/s  %rrqm r_await rareq-sz     w/s     wMB/s   wrqm/s  %wrqm w_await wareq-sz     d/s     dMB/s   drqm/s  %drqm d_await dareq-sz     f/s f_await  aqu-sz  %util
loop0            0.00      0.00     0.00   0.00    0.00     0.00    0.00      0.00     0.00   0.00    0.00     0.00    0.00      0.00     0.00   0.00    0.00     0.00    0.00    0.00    0.00   0.00
nvme0n1       12929.00    202.02     0.00   0.00    0.17    16.00 6680.00    125.98  1579.00  19.12    0.04    19.31    0.00      0.00     0.00   0.00    0.00     0.00    0.00    0.00    2.39  94.70
sda              0.00      0.00     0.00   0.00    0.00     0.00  127.00      0.57     8.00   5.93    0.11     4.57    0.00      0.00     0.00   0.00    0.00     0.00    0.00    0.00    0.01   0.20


Device            r/s     rMB/s   rrqm/s  %rrqm r_await rareq-sz     w/s     wMB/s   wrqm/s  %wrqm w_await wareq-sz     d/s     dMB/s   drqm/s  %drqm d_await dareq-sz     f/s f_await  aqu-sz  %util
loop0            0.00      0.00     0.00   0.00    0.00     0.00    0.00      0.00     0.00   0.00    0.00     0.00    0.00      0.00     0.00   0.00    0.00     0.00    0.00    0.00    0.00   0.00
nvme0n1       12746.00    199.16     0.00   0.00    0.17    16.00 6924.00    132.28  1567.00  18.45    0.04    19.56    0.00      0.00     0.00   0.00    0.00     0.00    0.00    0.00    2.38  93.60
sda              0.00      0.00     0.00   0.00    0.00     0.00    0.00      0.00     0.00   0.00    0.00     0.00    0.00      0.00     0.00   0.00    0.00     0.00    0.00    0.00    0.00   0.00


Device            r/s     rMB/s   rrqm/s  %rrqm r_await rareq-sz     w/s     wMB/s   wrqm/s  %wrqm w_await wareq-sz     d/s     dMB/s   drqm/s  %drqm d_await dareq-sz     f/s f_await  aqu-sz  %util
loop0            0.00      0.00     0.00   0.00    0.00     0.00    0.00      0.00     0.00   0.00    0.00     0.00    0.00      0.00     0.00   0.00    0.00     0.00    0.00    0.00    0.00   0.00
nvme0n1       12860.00    200.94     0.00   0.00    0.17    16.00 6926.00    133.30  1599.00  18.76    0.04    19.71    0.00      0.00     0.00   0.00    0.00     0.00    0.00    0.00    2.40  94.10
sda              0.00      0.00     0.00   0.00    0.00     0.00   26.00      0.34    13.00  33.33    0.23    13.54    0.00      0.00     0.00   0.00    0.00     0.00    0.00    0.00    0.01   0.00


Device            r/s     rMB/s   rrqm/s  %rrqm r_await rareq-sz     w/s     wMB/s   wrqm/s  %wrqm w_await wareq-sz     d/s     dMB/s   drqm/s  %drqm d_await dareq-sz     f/s f_await  aqu-sz  %util
loop0            0.00      0.00     0.00   0.00    0.00     0.00    0.00      0.00     0.00   0.00    0.00     0.00    0.00      0.00     0.00   0.00    0.00     0.00    0.00    0.00    0.00   0.00
nvme0n1       12697.00    198.39     0.00   0.00    0.17    16.00 7274.00    139.71  1531.00  17.39    0.04    19.67    0.00      0.00     0.00   0.00    0.00     0.00    0.00    0.00    2.40  94.30
sda              0.00      0.00     0.00   0.00    0.00     0.00    0.00      0.00     0.00   0.00    0.00     0.00    0.00      0.00     0.00   0.00    0.00     0.00    0.00    0.00    0.00   0.00


Device            r/s     rMB/s   rrqm/s  %rrqm r_await rareq-sz     w/s     wMB/s   wrqm/s  %wrqm w_await wareq-sz     d/s     dMB/s   drqm/s  %drqm d_await dareq-sz     f/s f_await  aqu-sz  %util
loop0            0.00      0.00     0.00   0.00    0.00     0.00    0.00      0.00     0.00   0.00    0.00     0.00    0.00      0.00     0.00   0.00    0.00     0.00    0.00    0.00    0.00   0.00
nvme0n1       12876.00    201.19     0.00   0.00    0.17    16.00 6826.00    128.21  1572.00  18.72    0.04    19.23    0.00      0.00     0.00   0.00    0.00     0.00    0.00    0.00    2.40  93.80
sda              0.00      0.00     0.00   0.00    0.00     0.00    2.00      0.18    45.00  95.74    0.50    94.00    0.00      0.00     0.00   0.00    0.00     0.00    2.00    0.00    0.00   0.00


Device            r/s     rMB/s   rrqm/s  %rrqm r_await rareq-sz     w/s     wMB/s   wrqm/s  %wrqm w_await wareq-sz     d/s     dMB/s   drqm/s  %drqm d_await dareq-sz     f/s f_await  aqu-sz  %util
loop0            0.00      0.00     0.00   0.00    0.00     0.00    0.00      0.00     0.00   0.00    0.00     0.00    0.00      0.00     0.00   0.00    0.00     0.00    0.00    0.00    0.00   0.00
nvme0n1       12799.00    199.98     0.00   0.00    0.17    16.00 7205.00    138.31  1624.00  18.39    0.04    19.66    0.00      0.00     0.00   0.00    0.00     0.00    0.00    0.00    2.40  94.00
sda              0.00      0.00     0.00   0.00    0.00     0.00    2.00      0.01     0.00   0.00    0.00     4.00    0.00      0.00     0.00   0.00    0.00     0.00    0.00    0.00    0.00   0.00


Device            r/s     rMB/s   rrqm/s  %rrqm r_await rareq-sz     w/s     wMB/s   wrqm/s  %wrqm w_await wareq-sz     d/s     dMB/s   drqm/s  %drqm d_await dareq-sz     f/s f_await  aqu-sz  %util
loop0            0.00      0.00     0.00   0.00    0.00     0.00    0.00      0.00     0.00   0.00    0.00     0.00    0.00      0.00     0.00   0.00    0.00     0.00    0.00    0.00    0.00   0.00
nvme0n1       12773.00    199.58     0.00   0.00    0.17    16.00 6956.00    132.90  1535.00  18.08    0.04    19.56    0.00      0.00     0.00   0.00    0.00     0.00    0.00    0.00    2.39  93.10
sda              0.00      0.00     0.00   0.00    0.00     0.00    0.00      0.00     0.00   0.00    0.00     0.00    0.00      0.00     0.00   0.00    0.00     0.00    0.00    0.00    0.00   0.00


Device            r/s     rMB/s   rrqm/s  %rrqm r_await rareq-sz     w/s     wMB/s   wrqm/s  %wrqm w_await wareq-sz     d/s     dMB/s   drqm/s  %drqm d_await dareq-sz     f/s f_await  aqu-sz  %util
loop0            0.00      0.00     0.00   0.00    0.00     0.00    0.00      0.00     0.00   0.00    0.00     0.00    0.00      0.00     0.00   0.00    0.00     0.00    0.00    0.00    0.00   0.00
nvme0n1       12748.00    199.19     0.00   0.00    0.17    16.00 7014.00    132.86  1545.00  18.05    0.04    19.40    0.00      0.00     0.00   0.00    0.00     0.00    0.00    0.00    2.38  94.10
sda              0.00      0.00     0.00   0.00    0.00     0.00   26.00      0.31    10.00  27.78    0.23    12.31    0.00      0.00     0.00   0.00    0.00     0.00    0.00    0.00    0.01   0.10


Device            r/s     rMB/s   rrqm/s  %rrqm r_await rareq-sz     w/s     wMB/s   wrqm/s  %wrqm w_await wareq-sz     d/s     dMB/s   drqm/s  %drqm d_await dareq-sz     f/s f_await  aqu-sz  %util
loop0            0.00      0.00     0.00   0.00    0.00     0.00    0.00      0.00     0.00   0.00    0.00     0.00    0.00      0.00     0.00   0.00    0.00     0.00    0.00    0.00    0.00   0.00
nvme0n1       12838.00    200.59     0.00   0.00    0.17    16.00 7007.00    134.02  1544.00  18.06    0.04    19.59    0.00      0.00     0.00   0.00    0.00     0.00    0.00    0.00    2.41  93.80
sda              0.00      0.00     0.00   0.00    0.00     0.00    0.00      0.00     0.00   0.00    0.00     0.00    0.00      0.00     0.00   0.00    0.00     0.00    0.00    0.00    0.00   0.00


Device            r/s     rMB/s   rrqm/s  %rrqm r_await rareq-sz     w/s     wMB/s   wrqm/s  %wrqm w_await wareq-sz     d/s     dMB/s   drqm/s  %drqm d_await dareq-sz     f/s f_await  aqu-sz  %util
loop0            0.00      0.00     0.00   0.00    0.00     0.00    0.00      0.00     0.00   0.00    0.00     0.00    0.00      0.00     0.00   0.00    0.00     0.00    0.00    0.00    0.00   0.00
nvme0n1       12742.00    199.09     0.00   0.00    0.17    16.00 7002.00    133.26  1563.00  18.25    0.04    19.49    0.00      0.00     0.00   0.00    0.00     0.00    0.00    0.00    2.37  92.90
sda              0.00      0.00     0.00   0.00    0.00     0.00    2.00      0.14    33.00  94.29    0.00    70.00    0.00      0.00     0.00   0.00    0.00     0.00    2.00    0.00    0.00   0.10


Device            r/s     rMB/s   rrqm/s  %rrqm r_await rareq-sz     w/s     wMB/s   wrqm/s  %wrqm w_await wareq-sz     d/s     dMB/s   drqm/s  %drqm d_await dareq-sz     f/s f_await  aqu-sz  %util
loop0            0.00      0.00     0.00   0.00    0.00     0.00    0.00      0.00     0.00   0.00    0.00     0.00    0.00      0.00     0.00   0.00    0.00     0.00    0.00    0.00    0.00   0.00
nvme0n1       12764.00    199.44     0.00   0.00    0.17    16.00 7067.00    135.62  1563.00  18.11    0.04    19.65    0.00      0.00     0.00   0.00    0.00     0.00    0.00    0.00    2.38  92.30
sda              0.00      0.00     0.00   0.00    0.00     0.00    0.00      0.00     0.00   0.00    0.00     0.00    0.00      0.00     0.00   0.00    0.00     0.00    0.00    0.00    0.00   0.00


Device            r/s     rMB/s   rrqm/s  %rrqm r_await rareq-sz     w/s     wMB/s   wrqm/s  %wrqm w_await wareq-sz     d/s     dMB/s   drqm/s  %drqm d_await dareq-sz     f/s f_await  aqu-sz  %util
loop0            0.00      0.00     0.00   0.00    0.00     0.00    0.00      0.00     0.00   0.00    0.00     0.00    0.00      0.00     0.00   0.00    0.00     0.00    0.00    0.00    0.00   0.00
nvme0n1       12798.00    199.97     0.00   0.00    0.17    16.00 6896.00    131.71  1529.00  18.15    0.04    19.56    0.00      0.00     0.00   0.00    0.00     0.00    0.00    0.00    2.39  94.70
sda              0.00      0.00     0.00   0.00    0.00     0.00    1.00      0.00     0.00   0.00    0.00     4.00    0.00      0.00     0.00   0.00    0.00     0.00    0.00    0.00    0.00   0.00


Device            r/s     rMB/s   rrqm/s  %rrqm r_await rareq-sz     w/s     wMB/s   wrqm/s  %wrqm w_await wareq-sz     d/s     dMB/s   drqm/s  %drqm d_await dareq-sz     f/s f_await  aqu-sz  %util
loop0            0.00      0.00     0.00   0.00    0.00     0.00    0.00      0.00     0.00   0.00    0.00     0.00    0.00      0.00     0.00   0.00    0.00     0.00    0.00    0.00    0.00   0.00
nvme0n1       12830.00    200.47     0.00   0.00    0.17    16.00 6994.00    132.37  1568.00  18.31    0.04    19.38    0.00      0.00     0.00   0.00    0.00     0.00    0.00    0.00    2.39  93.00
sda              0.00      0.00     0.00   0.00    0.00     0.00   26.00      0.32    12.00  31.58    0.27    12.77    0.00      0.00     0.00   0.00    0.00     0.00    0.00    0.00    0.01   0.10


Device            r/s     rMB/s   rrqm/s  %rrqm r_await rareq-sz     w/s     wMB/s   wrqm/s  %wrqm w_await wareq-sz     d/s     dMB/s   drqm/s  %drqm d_await dareq-sz     f/s f_await  aqu-sz  %util
loop0            0.00      0.00     0.00   0.00    0.00     0.00    0.00      0.00     0.00   0.00    0.00     0.00    0.00      0.00     0.00   0.00    0.00     0.00    0.00    0.00    0.00   0.00
nvme0n1       12890.00    201.41     0.00   0.00    0.17    16.00 6934.00    133.52  1511.00  17.89    0.04    19.72    0.00      0.00     0.00   0.00    0.00     0.00    0.00    0.00    2.40  93.80
sda              0.00      0.00     0.00   0.00    0.00     0.00    0.00      0.00     0.00   0.00    0.00     0.00    0.00      0.00     0.00   0.00    0.00     0.00    0.00    0.00    0.00   0.00


Device            r/s     rMB/s   rrqm/s  %rrqm r_await rareq-sz     w/s     wMB/s   wrqm/s  %wrqm w_await wareq-sz     d/s     dMB/s   drqm/s  %drqm d_await dareq-sz     f/s f_await  aqu-sz  %util
loop0            0.00      0.00     0.00   0.00    0.00     0.00    0.00      0.00     0.00   0.00    0.00     0.00    0.00      0.00     0.00   0.00    0.00     0.00    0.00    0.00    0.00   0.00
nvme0n1       12670.00    197.97     0.00   0.00    0.17    16.00 6961.00    133.55  1528.00  18.00    0.04    19.65    0.00      0.00     0.00   0.00    0.00     0.00    0.00    0.00    2.38  93.10
sda              0.00      0.00     0.00   0.00    0.00     0.00    2.00      0.15    36.00  94.74    0.50    76.00    0.00      0.00     0.00   0.00    0.00     0.00    2.00    0.00    0.00   0.10


Device            r/s     rMB/s   rrqm/s  %rrqm r_await rareq-sz     w/s     wMB/s   wrqm/s  %wrqm w_await wareq-sz     d/s     dMB/s   drqm/s  %drqm d_await dareq-sz     f/s f_await  aqu-sz  %util
loop0            0.00      0.00     0.00   0.00    0.00     0.00    0.00      0.00     0.00   0.00    0.00     0.00    0.00      0.00     0.00   0.00    0.00     0.00    0.00    0.00    0.00   0.00
nvme0n1       12860.00    200.94     0.00   0.00    0.17    16.00 7119.00    136.15  1558.00  17.96    0.04    19.58    0.00      0.00     0.00   0.00    0.00     0.00    0.00    0.00    2.41  94.40
sda              0.00      0.00     0.00   0.00    0.00     0.00    0.00      0.00     0.00   0.00    0.00     0.00    0.00      0.00     0.00   0.00    0.00     0.00    0.00    0.00    0.00   0.00


Device            r/s     rMB/s   rrqm/s  %rrqm r_await rareq-sz     w/s     wMB/s   wrqm/s  %wrqm w_await wareq-sz     d/s     dMB/s   drqm/s  %drqm d_await dareq-sz     f/s f_await  aqu-sz  %util
loop0            0.00      0.00     0.00   0.00    0.00     0.00    0.00      0.00     0.00   0.00    0.00     0.00    0.00      0.00     0.00   0.00    0.00     0.00    0.00    0.00    0.00   0.00
nvme0n1       12936.00    202.13     0.00   0.00    0.17    16.00 7025.00    134.50  1551.00  18.09    0.04    19.60    0.00      0.00     0.00   0.00    0.00     0.00    0.00    0.00    2.41  93.10
sda              0.00      0.00     0.00   0.00    0.00     0.00    1.00      0.00     0.00   0.00    0.00     4.00    0.00      0.00     0.00   0.00    0.00     0.00    0.00    0.00    0.00   0.00


Device            r/s     rMB/s   rrqm/s  %rrqm r_await rareq-sz     w/s     wMB/s   wrqm/s  %wrqm w_await wareq-sz     d/s     dMB/s   drqm/s  %drqm d_await dareq-sz     f/s f_await  aqu-sz  %util
loop0            0.00      0.00     0.00   0.00    0.00     0.00    0.00      0.00     0.00   0.00    0.00     0.00    0.00      0.00     0.00   0.00    0.00     0.00    0.00    0.00    0.00   0.00
nvme0n1       12888.00    201.38     0.00   0.00    0.17    16.00 7159.00    136.43  1591.00  18.18    0.04    19.52    0.00      0.00     0.00   0.00    0.00     0.00    0.00    0.00    2.41  94.30
sda              0.00      0.00     0.00   0.00    0.00     0.00   25.00      0.33    13.00  34.21    0.36    13.44    0.00      0.00     0.00   0.00    0.00     0.00    0.00    0.00    0.01   0.10


Device            r/s     rMB/s   rrqm/s  %rrqm r_await rareq-sz     w/s     wMB/s   wrqm/s  %wrqm w_await wareq-sz     d/s     dMB/s   drqm/s  %drqm d_await dareq-sz     f/s f_await  aqu-sz  %util
loop0            0.00      0.00     0.00   0.00    0.00     0.00    0.00      0.00     0.00   0.00    0.00     0.00    0.00      0.00     0.00   0.00    0.00     0.00    0.00    0.00    0.00   0.00
nvme0n1       12822.00    200.34     0.00   0.00    0.17    16.00 6955.00    133.37  1550.00  18.22    0.04    19.64    0.00      0.00     0.00   0.00    0.00     0.00    0.00    0.00    2.39  93.90
sda              0.00      0.00     0.00   0.00    0.00     0.00    0.00      0.00     0.00   0.00    0.00     0.00    0.00      0.00     0.00   0.00    0.00     0.00    0.00    0.00    0.00   0.00


Device            r/s     rMB/s   rrqm/s  %rrqm r_await rareq-sz     w/s     wMB/s   wrqm/s  %wrqm w_await wareq-sz     d/s     dMB/s   drqm/s  %drqm d_await dareq-sz     f/s f_await  aqu-sz  %util
loop0            0.00      0.00     0.00   0.00    0.00     0.00    0.00      0.00     0.00   0.00    0.00     0.00    0.00      0.00     0.00   0.00    0.00     0.00    0.00    0.00    0.00   0.00
nvme0n1       12835.00    200.55     0.00   0.00    0.17    16.00 7072.00    136.12  1542.00  17.90    0.04    19.71    0.00      0.00     0.00   0.00    0.00     0.00    0.00    0.00    2.40  93.90
sda              0.00      0.00     0.00   0.00    0.00     0.00    2.00      0.15    37.00  94.87    0.50    78.00    0.00      0.00     0.00   0.00    0.00     0.00    2.00    0.00    0.00   0.00


Device            r/s     rMB/s   rrqm/s  %rrqm r_await rareq-sz     w/s     wMB/s   wrqm/s  %wrqm w_await wareq-sz     d/s     dMB/s   drqm/s  %drqm d_await dareq-sz     f/s f_await  aqu-sz  %util
loop0            0.00      0.00     0.00   0.00    0.00     0.00    0.00      0.00     0.00   0.00    0.00     0.00    0.00      0.00     0.00   0.00    0.00     0.00    0.00    0.00    0.00   0.00
nvme0n1       12764.00    199.44     0.00   0.00    0.17    16.00 6983.00    132.67  1557.00  18.23    0.04    19.46    0.00      0.00     0.00   0.00    0.00     0.00    0.00    0.00    2.39  93.80
sda              0.00      0.00     0.00   0.00    0.00     0.00    0.00      0.00     0.00   0.00    0.00     0.00    0.00      0.00     0.00   0.00    0.00     0.00    0.00    0.00    0.00   0.00


Device            r/s     rMB/s   rrqm/s  %rrqm r_await rareq-sz     w/s     wMB/s   wrqm/s  %wrqm w_await wareq-sz     d/s     dMB/s   drqm/s  %drqm d_await dareq-sz     f/s f_await  aqu-sz  %util
loop0            0.00      0.00     0.00   0.00    0.00     0.00    0.00      0.00     0.00   0.00    0.00     0.00    0.00      0.00     0.00   0.00    0.00     0.00    0.00    0.00    0.00   0.00
nvme0n1       12830.00    200.47     0.00   0.00    0.17    16.00 6969.00    133.70  1527.00  17.97    0.04    19.65    0.00      0.00     0.00   0.00    0.00     0.00    0.00    0.00    2.39  94.10
sda              0.00      0.00     0.00   0.00    0.00     0.00    1.00      0.00     0.00   0.00    0.00     4.00    0.00      0.00     0.00   0.00    0.00     0.00    0.00    0.00    0.00   0.00


Device            r/s     rMB/s   rrqm/s  %rrqm r_await rareq-sz     w/s     wMB/s   wrqm/s  %wrqm w_await wareq-sz     d/s     dMB/s   drqm/s  %drqm d_await dareq-sz     f/s f_await  aqu-sz  %util
loop0            0.00      0.00     0.00   0.00    0.00     0.00    0.00      0.00     0.00   0.00    0.00     0.00    0.00      0.00     0.00   0.00    0.00     0.00    0.00    0.00    0.00   0.00
nvme0n1       12951.00    202.36     0.00   0.00    0.17    16.00 6860.00    129.15  1526.00  18.20    0.04    19.28    0.00      0.00     0.00   0.00    0.00     0.00    0.00    0.00    2.40  94.80
sda              0.00      0.00     0.00   0.00    0.00     0.00   25.00      0.33    14.00  35.90    0.36    13.60    0.00      0.00     0.00   0.00    0.00     0.00    0.00    0.00    0.01   0.10


Device            r/s     rMB/s   rrqm/s  %rrqm r_await rareq-sz     w/s     wMB/s   wrqm/s  %wrqm w_await wareq-sz     d/s     dMB/s   drqm/s  %drqm d_await dareq-sz     f/s f_await  aqu-sz  %util
loop0            0.00      0.00     0.00   0.00    0.00     0.00    0.00      0.00     0.00   0.00    0.00     0.00    0.00      0.00     0.00   0.00    0.00     0.00    0.00    0.00    0.00   0.00
nvme0n1       12811.00    200.17     0.00   0.00    0.17    16.00 7124.00    137.48  1536.00  17.74    0.04    19.76    0.00      0.00     0.00   0.00    0.00     0.00    0.00    0.00    2.41  94.60
sda              0.00      0.00     0.00   0.00    0.00     0.00    0.00      0.00     0.00   0.00    0.00     0.00    0.00      0.00     0.00   0.00    0.00     0.00    0.00    0.00    0.00   0.00


Device            r/s     rMB/s   rrqm/s  %rrqm r_await rareq-sz     w/s     wMB/s   wrqm/s  %wrqm w_await wareq-sz     d/s     dMB/s   drqm/s  %drqm d_await dareq-sz     f/s f_await  aqu-sz  %util
loop0            0.00      0.00     0.00   0.00    0.00     0.00    0.00      0.00     0.00   0.00    0.00     0.00    0.00      0.00     0.00   0.00    0.00     0.00    0.00    0.00    0.00   0.00
nvme0n1       12779.00    199.69     0.00   0.00    0.17    16.00 7051.00    134.77  1582.00  18.33    0.04    19.57    0.00      0.00     0.00   0.00    0.00     0.00    0.00    0.00    2.37  93.30
sda              0.00      0.00     0.00   0.00    0.00     0.00    2.00      0.16    40.00  95.24    0.50    84.00    0.00      0.00     0.00   0.00    0.00     0.00    2.00    0.00    0.00   0.10


Device            r/s     rMB/s   rrqm/s  %rrqm r_await rareq-sz     w/s     wMB/s   wrqm/s  %wrqm w_await wareq-sz     d/s     dMB/s   drqm/s  %drqm d_await dareq-sz     f/s f_await  aqu-sz  %util
loop0            0.00      0.00     0.00   0.00    0.00     0.00    0.00      0.00     0.00   0.00    0.00     0.00    0.00      0.00     0.00   0.00    0.00     0.00    0.00    0.00    0.00   0.00
nvme0n1       12770.00    199.52     0.00   0.00    0.17    16.00 6974.00    133.07  1549.00  18.17    0.04    19.54    0.00      0.00     0.00   0.00    0.00     0.00    0.00    0.00    2.38  93.50
sda              0.00      0.00     0.00   0.00    0.00     0.00    0.00      0.00     0.00   0.00    0.00     0.00    0.00      0.00     0.00   0.00    0.00     0.00    0.00    0.00    0.00   0.00


Device            r/s     rMB/s   rrqm/s  %rrqm r_await rareq-sz     w/s     wMB/s   wrqm/s  %wrqm w_await wareq-sz     d/s     dMB/s   drqm/s  %drqm d_await dareq-sz     f/s f_await  aqu-sz  %util
loop0            0.00      0.00     0.00   0.00    0.00     0.00    0.00      0.00     0.00   0.00    0.00     0.00    0.00      0.00     0.00   0.00    0.00     0.00    0.00    0.00    0.00   0.00
nvme0n1       12742.00    199.09     0.00   0.00    0.17    16.00 7087.00    135.15  1543.00  17.88    0.04    19.53    0.00      0.00     0.00   0.00    0.00     0.00    0.00    0.00    2.37  93.60
sda              0.00      0.00     0.00   0.00    0.00     0.00    1.00      0.00     0.00   0.00    0.00     4.00    0.00      0.00     0.00   0.00    0.00     0.00    0.00    0.00    0.00   0.00


Device            r/s     rMB/s   rrqm/s  %rrqm r_await rareq-sz     w/s     wMB/s   wrqm/s  %wrqm w_await wareq-sz     d/s     dMB/s   drqm/s  %drqm d_await dareq-sz     f/s f_await  aqu-sz  %util
loop0            0.00      0.00     0.00   0.00    0.00     0.00    0.00      0.00     0.00   0.00    0.00     0.00    0.00      0.00     0.00   0.00    0.00     0.00    0.00    0.00    0.00   0.00
nvme0n1       12779.00    199.67     0.00   0.00    0.17    16.00 7032.00    134.05  1518.00  17.75    0.04    19.52    0.00      0.00     0.00   0.00    0.00     0.00    0.00    0.00    2.39  93.60
sda              0.00      0.00     0.00   0.00    0.00     0.00   24.00      0.34    14.00  36.84    0.25    14.33    0.00      0.00     0.00   0.00    0.00     0.00    0.00    0.00    0.01   0.10


Device            r/s     rMB/s   rrqm/s  %rrqm r_await rareq-sz     w/s     wMB/s   wrqm/s  %wrqm w_await wareq-sz     d/s     dMB/s   drqm/s  %drqm d_await dareq-sz     f/s f_await  aqu-sz  %util
loop0            0.00      0.00     0.00   0.00    0.00     0.00    0.00      0.00     0.00   0.00    0.00     0.00    0.00      0.00     0.00   0.00    0.00     0.00    0.00    0.00    0.00   0.00
nvme0n1       12896.00    201.50     0.00   0.00    0.17    16.00 7023.00    132.75  1562.00  18.19    0.04    19.36    0.00      0.00     0.00   0.00    0.00     0.00    0.00    0.00    2.40  94.40
sda              0.00      0.00     0.00   0.00    0.00     0.00    1.00      0.00     0.00   0.00    0.00     4.00    0.00      0.00     0.00   0.00    0.00     0.00    0.00    0.00    0.00   0.00


Device            r/s     rMB/s   rrqm/s  %rrqm r_await rareq-sz     w/s     wMB/s   wrqm/s  %wrqm w_await wareq-sz     d/s     dMB/s   drqm/s  %drqm d_await dareq-sz     f/s f_await  aqu-sz  %util
loop0            0.00      0.00     0.00   0.00    0.00     0.00    0.00      0.00     0.00   0.00    0.00     0.00    0.00      0.00     0.00   0.00    0.00     0.00    0.00    0.00    0.00   0.00
nvme0n1       12901.00    201.58     0.00   0.00    0.17    16.00 7073.00    134.66  1565.00  18.12    0.04    19.50    0.00      0.00     0.00   0.00    0.00     0.00    0.00    0.00    2.41  94.40
sda              0.00      0.00     0.00   0.00    0.00     0.00    0.00      0.00     0.00   0.00    0.00     0.00    0.00      0.00     0.00   0.00    0.00     0.00    0.00    0.00    0.00   0.00


Device            r/s     rMB/s   rrqm/s  %rrqm r_await rareq-sz     w/s     wMB/s   wrqm/s  %wrqm w_await wareq-sz     d/s     dMB/s   drqm/s  %drqm d_await dareq-sz     f/s f_await  aqu-sz  %util
loop0            0.00      0.00     0.00   0.00    0.00     0.00    0.00      0.00     0.00   0.00    0.00     0.00    0.00      0.00     0.00   0.00    0.00     0.00    0.00    0.00    0.00   0.00
nvme0n1       12838.00    200.59     0.00   0.00    0.17    16.00 7162.00    136.66  1591.00  18.18    0.04    19.54    0.00      0.00     0.00   0.00    0.00     0.00    0.00    0.00    2.39  93.90
sda              0.00      0.00     0.00   0.00    0.00     0.00    2.00      0.17    42.00  95.45    0.50    88.00    0.00      0.00     0.00   0.00    0.00     0.00    2.00    0.00    0.00   0.10


Device            r/s     rMB/s   rrqm/s  %rrqm r_await rareq-sz     w/s     wMB/s   wrqm/s  %wrqm w_await wareq-sz     d/s     dMB/s   drqm/s  %drqm d_await dareq-sz     f/s f_await  aqu-sz  %util
loop0            0.00      0.00     0.00   0.00    0.00     0.00    0.00      0.00     0.00   0.00    0.00     0.00    0.00      0.00     0.00   0.00    0.00     0.00    0.00    0.00    0.00   0.00
nvme0n1       12842.00    200.66     0.00   0.00    0.17    16.00 7069.00    134.07  1591.00  18.37    0.04    19.42    0.00      0.00     0.00   0.00    0.00     0.00    0.00    0.00    2.39  93.50
sda              0.00      0.00     0.00   0.00    0.00     0.00    3.00      0.10     1.00  25.00    0.33    33.33    0.00      0.00     0.00   0.00    0.00     0.00    0.00    0.00    0.00   0.00


Device            r/s     rMB/s   rrqm/s  %rrqm r_await rareq-sz     w/s     wMB/s   wrqm/s  %wrqm w_await wareq-sz     d/s     dMB/s   drqm/s  %drqm d_await dareq-sz     f/s f_await  aqu-sz  %util
loop0            0.00      0.00     0.00   0.00    0.00     0.00    0.00      0.00     0.00   0.00    0.00     0.00    0.00      0.00     0.00   0.00    0.00     0.00    0.00    0.00    0.00   0.00
nvme0n1       12747.00    199.17     0.00   0.00    0.17    16.00 7097.00    136.72  1569.00  18.11    0.04    19.73    0.00      0.00     0.00   0.00    0.00     0.00    0.00    0.00    2.39  95.80
sda              0.00      0.00     0.00   0.00    0.00     0.00   25.00      0.33    13.00  34.21    0.24    13.44    0.00      0.00     0.00   0.00    0.00     0.00    0.00    0.00    0.01   0.10


Device            r/s     rMB/s   rrqm/s  %rrqm r_await rareq-sz     w/s     wMB/s   wrqm/s  %wrqm w_await wareq-sz     d/s     dMB/s   drqm/s  %drqm d_await dareq-sz     f/s f_await  aqu-sz  %util
loop0            0.00      0.00     0.00   0.00    0.00     0.00    0.00      0.00     0.00   0.00    0.00     0.00    0.00      0.00     0.00   0.00    0.00     0.00    0.00    0.00    0.00   0.00
nvme0n1       12677.00    198.08     0.00   0.00    0.17    16.00 6931.00    131.79  1536.00  18.14    0.04    19.47    0.00      0.00     0.00   0.00    0.00     0.00    0.00    0.00    2.37  93.80
sda              0.00      0.00     0.00   0.00    0.00     0.00    0.00      0.00     0.00   0.00    0.00     0.00    0.00      0.00     0.00   0.00    0.00     0.00    0.00    0.00    0.00   0.00


Device            r/s     rMB/s   rrqm/s  %rrqm r_await rareq-sz     w/s     wMB/s   wrqm/s  %wrqm w_await wareq-sz     d/s     dMB/s   drqm/s  %drqm d_await dareq-sz     f/s f_await  aqu-sz  %util
loop0            0.00      0.00     0.00   0.00    0.00     0.00    0.00      0.00     0.00   0.00    0.00     0.00    0.00      0.00     0.00   0.00    0.00     0.00    0.00    0.00    0.00   0.00
nvme0n1       12548.00    196.06     0.00   0.00    0.17    16.00 6955.00    132.86  1555.00  18.27    0.04    19.56    0.00      0.00     0.00   0.00    0.00     0.00    0.00    0.00    2.35  93.60
sda              0.00      0.00     0.00   0.00    0.00     0.00    1.00      0.00     0.00   0.00    0.00     4.00    0.00      0.00     0.00   0.00    0.00     0.00    0.00    0.00    0.00   0.00


Device            r/s     rMB/s   rrqm/s  %rrqm r_await rareq-sz     w/s     wMB/s   wrqm/s  %wrqm w_await wareq-sz     d/s     dMB/s   drqm/s  %drqm d_await dareq-sz     f/s f_await  aqu-sz  %util
loop0            0.00      0.00     0.00   0.00    0.00     0.00    0.00      0.00     0.00   0.00    0.00     0.00    0.00      0.00     0.00   0.00    0.00     0.00    0.00    0.00    0.00   0.00
nvme0n1       12736.00    199.00     0.00   0.00    0.17    16.00 6779.00    127.12  1571.00  18.81    0.04    19.20    0.00      0.00     0.00   0.00    0.00     0.00    0.00    0.00    2.37  93.60
sda              0.00      0.00     0.00   0.00    0.00     0.00   55.00      0.40    48.00  46.60    0.18     7.49    0.00      0.00     0.00   0.00    0.00     0.00    2.00    0.00    0.01   0.20


Device            r/s     rMB/s   rrqm/s  %rrqm r_await rareq-sz     w/s     wMB/s   wrqm/s  %wrqm w_await wareq-sz     d/s     dMB/s   drqm/s  %drqm d_await dareq-sz     f/s f_await  aqu-sz  %util
loop0            0.00      0.00     0.00   0.00    0.00     0.00    0.00      0.00     0.00   0.00    0.00     0.00    0.00      0.00     0.00   0.00    0.00     0.00    0.00    0.00    0.00   0.00
nvme0n1       12683.00    198.17     0.00   0.00    0.17    16.00 7000.00    133.13  1576.00  18.38    0.04    19.48    0.00      0.00     0.00   0.00    0.00     0.00    0.00    0.00    2.38  94.10
sda              0.00      0.00     0.00   0.00    0.00     0.00    0.00      0.00     0.00   0.00    0.00     0.00    0.00      0.00     0.00   0.00    0.00     0.00    0.00    0.00    0.00   0.00


Device            r/s     rMB/s   rrqm/s  %rrqm r_await rareq-sz     w/s     wMB/s   wrqm/s  %wrqm w_await wareq-sz     d/s     dMB/s   drqm/s  %drqm d_await dareq-sz     f/s f_await  aqu-sz  %util
loop0            0.00      0.00     0.00   0.00    0.00     0.00    0.00      0.00     0.00   0.00    0.00     0.00    0.00      0.00     0.00   0.00    0.00     0.00    0.00    0.00    0.00   0.00
nvme0n1       12838.00    200.59     0.00   0.00    0.17    16.00 6983.00    132.65  1562.00  18.28    0.04    19.45    0.00      0.00     0.00   0.00    0.00     0.00    0.00    0.00    2.39  93.20
sda              0.00      0.00     0.00   0.00    0.00     0.00   25.00      0.33    12.00  32.43    0.28    13.44    0.00      0.00     0.00   0.00    0.00     0.00    0.00    0.00    0.01   0.00


Device            r/s     rMB/s   rrqm/s  %rrqm r_await rareq-sz     w/s     wMB/s   wrqm/s  %wrqm w_await wareq-sz     d/s     dMB/s   drqm/s  %drqm d_await dareq-sz     f/s f_await  aqu-sz  %util
loop0            0.00      0.00     0.00   0.00    0.00     0.00    0.00      0.00     0.00   0.00    0.00     0.00    0.00      0.00     0.00   0.00    0.00     0.00    0.00    0.00    0.00   0.00
nvme0n1       12813.00    200.20     0.00   0.00    0.17    16.00 6889.00    131.48  1523.00  18.11    0.04    19.54    0.00      0.00     0.00   0.00    0.00     0.00    0.00    0.00    2.38  93.50
sda              0.00      0.00     0.00   0.00    0.00     0.00    0.00      0.00     0.00   0.00    0.00     0.00    0.00      0.00     0.00   0.00    0.00     0.00    0.00    0.00    0.00   0.00


Device            r/s     rMB/s   rrqm/s  %rrqm r_await rareq-sz     w/s     wMB/s   wrqm/s  %wrqm w_await wareq-sz     d/s     dMB/s   drqm/s  %drqm d_await dareq-sz     f/s f_await  aqu-sz  %util
loop0            0.00      0.00     0.00   0.00    0.00     0.00    0.00      0.00     0.00   0.00    0.00     0.00    0.00      0.00     0.00   0.00    0.00     0.00    0.00    0.00    0.00   0.00
nvme0n1       12709.00    198.58     0.00   0.00    0.17    16.00 6980.00    134.39  1516.00  17.84    0.04    19.72    0.00      0.00     0.00   0.00    0.00     0.00    0.00    0.00    2.38  92.80
sda              0.00      0.00     0.00   0.00    0.00     0.00    1.00      0.00     0.00   0.00    0.00     4.00    0.00      0.00     0.00   0.00    0.00     0.00    0.00    0.00    0.00   0.00


Device            r/s     rMB/s   rrqm/s  %rrqm r_await rareq-sz     w/s     wMB/s   wrqm/s  %wrqm w_await wareq-sz     d/s     dMB/s   drqm/s  %drqm d_await dareq-sz     f/s f_await  aqu-sz  %util
loop0            0.00      0.00     0.00   0.00    0.00     0.00    0.00      0.00     0.00   0.00    0.00     0.00    0.00      0.00     0.00   0.00    0.00     0.00    0.00    0.00    0.00   0.00
nvme0n1       12767.00    199.48     0.00   0.00    0.17    16.00 7023.00    134.00  1555.00  18.13    0.04    19.54    0.00      0.00     0.00   0.00    0.00     0.00    0.00    0.00    2.38  94.30
sda              0.00      0.00     0.00   0.00    0.00     0.00    2.00      0.14    34.00  94.44    0.50    72.00    0.00      0.00     0.00   0.00    0.00     0.00    2.00    0.00    0.00   0.00


Device            r/s     rMB/s   rrqm/s  %rrqm r_await rareq-sz     w/s     wMB/s   wrqm/s  %wrqm w_await wareq-sz     d/s     dMB/s   drqm/s  %drqm d_await dareq-sz     f/s f_await  aqu-sz  %util
loop0            0.00      0.00     0.00   0.00    0.00     0.00    0.00      0.00     0.00   0.00    0.00     0.00    0.00      0.00     0.00   0.00    0.00     0.00    0.00    0.00    0.00   0.00
nvme0n1       12799.00    199.98     0.00   0.00    0.17    16.00 6955.00    133.08  1510.00  17.84    0.04    19.59    0.00      0.00     0.00   0.00    0.00     0.00    0.00    0.00    2.39  93.40
sda              0.00      0.00     0.00   0.00    0.00     0.00    0.00      0.00     0.00   0.00    0.00     0.00    0.00      0.00     0.00   0.00    0.00     0.00    0.00    0.00    0.00   0.00


Device            r/s     rMB/s   rrqm/s  %rrqm r_await rareq-sz     w/s     wMB/s   wrqm/s  %wrqm w_await wareq-sz     d/s     dMB/s   drqm/s  %drqm d_await dareq-sz     f/s f_await  aqu-sz  %util
loop0            0.00      0.00     0.00   0.00    0.00     0.00    0.00      0.00     0.00   0.00    0.00     0.00    0.00      0.00     0.00   0.00    0.00     0.00    0.00    0.00    0.00   0.00
nvme0n1       12767.00    199.48     0.00   0.00    0.17    16.00 6952.00    132.21  1557.00  18.30    0.04    19.47    0.00      0.00     0.00   0.00    0.00     0.00    0.00    0.00    2.38  93.00
sda              0.00      0.00     0.00   0.00    0.00     0.00   26.00      0.34    13.00  33.33    0.23    13.38    0.00      0.00     0.00   0.00    0.00     0.00    0.00    0.00    0.01   0.00


Device            r/s     rMB/s   rrqm/s  %rrqm r_await rareq-sz     w/s     wMB/s   wrqm/s  %wrqm w_await wareq-sz     d/s     dMB/s   drqm/s  %drqm d_await dareq-sz     f/s f_await  aqu-sz  %util
loop0            0.00      0.00     0.00   0.00    0.00     0.00    0.00      0.00     0.00   0.00    0.00     0.00    0.00      0.00     0.00   0.00    0.00     0.00    0.00    0.00    0.00   0.00
nvme0n1       12621.00    197.20     0.00   0.00    0.17    16.00 7065.00    136.07  1536.00  17.86    0.04    19.72    0.00      0.00     0.00   0.00    0.00     0.00    0.00    0.00    2.36  93.30
sda              0.00      0.00     0.00   0.00    0.00     0.00    0.00      0.00     0.00   0.00    0.00     0.00    0.00      0.00     0.00   0.00    0.00     0.00    0.00    0.00    0.00   0.00


Device            r/s     rMB/s   rrqm/s  %rrqm r_await rareq-sz     w/s     wMB/s   wrqm/s  %wrqm w_await wareq-sz     d/s     dMB/s   drqm/s  %drqm d_await dareq-sz     f/s f_await  aqu-sz  %util
loop0            0.00      0.00     0.00   0.00    0.00     0.00    0.00      0.00     0.00   0.00    0.00     0.00    0.00      0.00     0.00   0.00    0.00     0.00    0.00    0.00    0.00   0.00
nvme0n1       12666.00    197.91     0.00   0.00    0.17    16.00 7109.00    135.74  1583.00  18.21    0.04    19.55    0.00      0.00     0.00   0.00    0.00     0.00    0.00    0.00    2.38  94.90
sda              0.00      0.00     0.00   0.00    0.00     0.00    0.00      0.00     0.00   0.00    0.00     0.00    0.00      0.00     0.00   0.00    0.00     0.00    0.00    0.00    0.00   0.00


Device            r/s     rMB/s   rrqm/s  %rrqm r_await rareq-sz     w/s     wMB/s   wrqm/s  %wrqm w_await wareq-sz     d/s     dMB/s   drqm/s  %drqm d_await dareq-sz     f/s f_await  aqu-sz  %util
loop0            0.00      0.00     0.00   0.00    0.00     0.00    0.00      0.00     0.00   0.00    0.00     0.00    0.00      0.00     0.00   0.00    0.00     0.00    0.00    0.00    0.00   0.00
nvme0n1       12575.00    196.48     0.00   0.00    0.17    16.00 7119.00    135.95  1548.00  17.86    0.04    19.55    0.00      0.00     0.00   0.00    0.00     0.00    0.00    0.00    2.36  92.90
sda              0.00      0.00     0.00   0.00    0.00     0.00    2.00      0.16    38.00  95.00    0.50    80.00    0.00      0.00     0.00   0.00    0.00     0.00    2.00    0.00    0.00   0.10


Device            r/s     rMB/s   rrqm/s  %rrqm r_await rareq-sz     w/s     wMB/s   wrqm/s  %wrqm w_await wareq-sz     d/s     dMB/s   drqm/s  %drqm d_await dareq-sz     f/s f_await  aqu-sz  %util
loop0            0.00      0.00     0.00   0.00    0.00     0.00    0.00      0.00     0.00   0.00    0.00     0.00    0.00      0.00     0.00   0.00    0.00     0.00    0.00    0.00    0.00   0.00
nvme0n1       12784.00    199.75     0.00   0.00    0.17    16.00 6731.00    125.00  1584.00  19.05    0.04    19.02    0.00      0.00     0.00   0.00    0.00     0.00    0.00    0.00    2.37  96.10
sda              0.00      0.00     0.00   0.00    0.00     0.00    1.00      0.00     0.00   0.00    0.00     4.00    0.00      0.00     0.00   0.00    0.00     0.00    0.00    0.00    0.00   0.00


Device            r/s     rMB/s   rrqm/s  %rrqm r_await rareq-sz     w/s     wMB/s   wrqm/s  %wrqm w_await wareq-sz     d/s     dMB/s   drqm/s  %drqm d_await dareq-sz     f/s f_await  aqu-sz  %util
loop0            0.00      0.00     0.00   0.00    0.00     0.00    0.00      0.00     0.00   0.00    0.00     0.00    0.00      0.00     0.00   0.00    0.00     0.00    0.00    0.00    0.00   0.00
nvme0n1       12654.00    197.72     0.00   0.00    0.17    16.00 6903.00    131.59  1530.00  18.14    0.04    19.52    0.00      0.00     0.00   0.00    0.00     0.00    0.00    0.00    2.36  94.20
sda              0.00      0.00     0.00   0.00    0.00     0.00    0.00      0.00     0.00   0.00    0.00     0.00    0.00      0.00     0.00   0.00    0.00     0.00    0.00    0.00    0.00   0.00


Device            r/s     rMB/s   rrqm/s  %rrqm r_await rareq-sz     w/s     wMB/s   wrqm/s  %wrqm w_await wareq-sz     d/s     dMB/s   drqm/s  %drqm d_await dareq-sz     f/s f_await  aqu-sz  %util
loop0            0.00      0.00     0.00   0.00    0.00     0.00    0.00      0.00     0.00   0.00    0.00     0.00    0.00      0.00     0.00   0.00    0.00     0.00    0.00    0.00    0.00   0.00
nvme0n1       12701.00    198.45     0.00   0.00    0.17    16.00 6943.00    132.10  1589.00  18.62    0.04    19.48    0.00      0.00     0.00   0.00    0.00     0.00    0.00    0.00    2.36  93.50
sda              0.00      0.00     0.00   0.00    0.00     0.00   26.00      0.33    12.00  31.58    0.23    12.92    0.00      0.00     0.00   0.00    0.00     0.00    0.00    0.00    0.01   0.10


Device            r/s     rMB/s   rrqm/s  %rrqm r_await rareq-sz     w/s     wMB/s   wrqm/s  %wrqm w_await wareq-sz     d/s     dMB/s   drqm/s  %drqm d_await dareq-sz     f/s f_await  aqu-sz  %util
loop0            0.00      0.00     0.00   0.00    0.00     0.00    0.00      0.00     0.00   0.00    0.00     0.00    0.00      0.00     0.00   0.00    0.00     0.00    0.00    0.00    0.00   0.00
nvme0n1       12803.00    200.05     0.00   0.00    0.17    16.00 7090.00    134.77  1592.00  18.34    0.04    19.47    0.00      0.00     0.00   0.00    0.00     0.00    0.00    0.00    2.39  94.40
sda              0.00      0.00     0.00   0.00    0.00     0.00    0.00      0.00     0.00   0.00    0.00     0.00    0.00      0.00     0.00   0.00    0.00     0.00    0.00    0.00    0.00   0.00


Device            r/s     rMB/s   rrqm/s  %rrqm r_await rareq-sz     w/s     wMB/s   wrqm/s  %wrqm w_await wareq-sz     d/s     dMB/s   drqm/s  %drqm d_await dareq-sz     f/s f_await  aqu-sz  %util
loop0            0.00      0.00     0.00   0.00    0.00     0.00    0.00      0.00     0.00   0.00    0.00     0.00    0.00      0.00     0.00   0.00    0.00     0.00    0.00    0.00    0.00   0.00
nvme0n1       12750.00    199.22     0.00   0.00    0.17    16.00 6968.00    132.64  1559.00  18.28    0.04    19.49    0.00      0.00     0.00   0.00    0.00     0.00    0.00    0.00    2.38  93.50
sda              0.00      0.00     0.00   0.00    0.00     0.00    2.00      0.16    38.00  95.00    0.00    80.00    0.00      0.00     0.00   0.00    0.00     0.00    2.00    0.00    0.00   0.00


Device            r/s     rMB/s   rrqm/s  %rrqm r_await rareq-sz     w/s     wMB/s   wrqm/s  %wrqm w_await wareq-sz     d/s     dMB/s   drqm/s  %drqm d_await dareq-sz     f/s f_await  aqu-sz  %util
loop0            0.00      0.00     0.00   0.00    0.00     0.00    0.00      0.00     0.00   0.00    0.00     0.00    0.00      0.00     0.00   0.00    0.00     0.00    0.00    0.00    0.00   0.00
nvme0n1       12865.00    201.02     0.00   0.00    0.17    16.00 6997.00    133.78  1542.00  18.06    0.04    19.58    0.00      0.00     0.00   0.00    0.00     0.00    0.00    0.00    2.40  93.30
sda              0.00      0.00     0.00   0.00    0.00     0.00    0.00      0.00     0.00   0.00    0.00     0.00    0.00      0.00     0.00   0.00    0.00     0.00    0.00    0.00    0.00   0.00


Device            r/s     rMB/s   rrqm/s  %rrqm r_await rareq-sz     w/s     wMB/s   wrqm/s  %wrqm w_await wareq-sz     d/s     dMB/s   drqm/s  %drqm d_await dareq-sz     f/s f_await  aqu-sz  %util
loop0            0.00      0.00     0.00   0.00    0.00     0.00    0.00      0.00     0.00   0.00    0.00     0.00    0.00      0.00     0.00   0.00    0.00     0.00    0.00    0.00    0.00   0.00
nvme0n1       12858.00    200.91     0.00   0.00    0.17    16.00 7010.00    134.71  1549.00  18.10    0.04    19.68    0.00      0.00     0.00   0.00    0.00     0.00    0.00    0.00    2.39  93.70
sda              0.00      0.00     0.00   0.00    0.00     0.00    1.00      0.00     0.00   0.00    0.00     4.00    0.00      0.00     0.00   0.00    0.00     0.00    0.00    0.00    0.00   0.00


Device            r/s     rMB/s   rrqm/s  %rrqm r_await rareq-sz     w/s     wMB/s   wrqm/s  %wrqm w_await wareq-sz     d/s     dMB/s   drqm/s  %drqm d_await dareq-sz     f/s f_await  aqu-sz  %util
loop0            0.00      0.00     0.00   0.00    0.00     0.00    0.00      0.00     0.00   0.00    0.00     0.00    0.00      0.00     0.00   0.00    0.00     0.00    0.00    0.00    0.00   0.00
nvme0n1       12849.00    200.77     0.00   0.00    0.17    16.00 7014.00    132.69  1548.00  18.08    0.04    19.37    0.00      0.00     0.00   0.00    0.00     0.00    0.00    0.00    2.39  93.20
sda              0.00      0.00     0.00   0.00    0.00     0.00   25.00      0.33    14.00  35.90    0.24    13.60    0.00      0.00     0.00   0.00    0.00     0.00    0.00    0.00    0.01   0.00


Device            r/s     rMB/s   rrqm/s  %rrqm r_await rareq-sz     w/s     wMB/s   wrqm/s  %wrqm w_await wareq-sz     d/s     dMB/s   drqm/s  %drqm d_await dareq-sz     f/s f_await  aqu-sz  %util
loop0            0.00      0.00     0.00   0.00    0.00     0.00    0.00      0.00     0.00   0.00    0.00     0.00    0.00      0.00     0.00   0.00    0.00     0.00    0.00    0.00    0.00   0.00
nvme0n1       12669.00    197.95     0.00   0.00    0.17    16.00 6923.00    132.55  1501.00  17.82    0.04    19.61    0.00      0.00     0.00   0.00    0.00     0.00    0.00    0.00    2.36  93.80
sda              0.00      0.00     0.00   0.00    0.00     0.00    0.00      0.00     0.00   0.00    0.00     0.00    0.00      0.00     0.00   0.00    0.00     0.00    0.00    0.00    0.00   0.00


Device            r/s     rMB/s   rrqm/s  %rrqm r_await rareq-sz     w/s     wMB/s   wrqm/s  %wrqm w_await wareq-sz     d/s     dMB/s   drqm/s  %drqm d_await dareq-sz     f/s f_await  aqu-sz  %util
loop0            0.00      0.00     0.00   0.00    0.00     0.00    0.00      0.00     0.00   0.00    0.00     0.00    0.00      0.00     0.00   0.00    0.00     0.00    0.00    0.00    0.00   0.00
nvme0n1       12779.00    199.67     0.00   0.00    0.17    16.00 7086.00    134.66  1572.00  18.16    0.04    19.46    0.00      0.00     0.00   0.00    0.00     0.00    0.00    0.00    2.38  94.40
sda              0.00      0.00     0.00   0.00    0.00     0.00    2.00      0.16    39.00  95.12    0.50    82.00    0.00      0.00     0.00   0.00    0.00     0.00    2.00    0.00    0.00   0.10


Device            r/s     rMB/s   rrqm/s  %rrqm r_await rareq-sz     w/s     wMB/s   wrqm/s  %wrqm w_await wareq-sz     d/s     dMB/s   drqm/s  %drqm d_await dareq-sz     f/s f_await  aqu-sz  %util
loop0            0.00      0.00     0.00   0.00    0.00     0.00    0.00      0.00     0.00   0.00    0.00     0.00    0.00      0.00     0.00   0.00    0.00     0.00    0.00    0.00    0.00   0.00
nvme0n1       12758.00    199.34     0.00   0.00    0.17    16.00 7007.00    133.62  1566.00  18.27    0.04    19.53    0.00      0.00     0.00   0.00    0.00     0.00    0.00    0.00    2.38  94.30
sda              0.00      0.00     0.00   0.00    0.00     0.00    0.00      0.00     0.00   0.00    0.00     0.00    0.00      0.00     0.00   0.00    0.00     0.00    0.00    0.00    0.00   0.00


Device            r/s     rMB/s   rrqm/s  %rrqm r_await rareq-sz     w/s     wMB/s   wrqm/s  %wrqm w_await wareq-sz     d/s     dMB/s   drqm/s  %drqm d_await dareq-sz     f/s f_await  aqu-sz  %util
loop0            0.00      0.00     0.00   0.00    0.00     0.00    0.00      0.00     0.00   0.00    0.00     0.00    0.00      0.00     0.00   0.00    0.00     0.00    0.00    0.00    0.00   0.00
nvme0n1       12794.00    199.91     0.00   0.00    0.17    16.00 6997.00    134.28  1545.00  18.09    0.04    19.65    0.00      0.00     0.00   0.00    0.00     0.00    0.00    0.00    2.38  93.50
sda              0.00      0.00     0.00   0.00    0.00     0.00    0.00      0.00     0.00   0.00    0.00     0.00    0.00      0.00     0.00   0.00    0.00     0.00    0.00    0.00    0.00   0.00


Device            r/s     rMB/s   rrqm/s  %rrqm r_await rareq-sz     w/s     wMB/s   wrqm/s  %wrqm w_await wareq-sz     d/s     dMB/s   drqm/s  %drqm d_await dareq-sz     f/s f_await  aqu-sz  %util
loop0            0.00      0.00     0.00   0.00    0.00     0.00    0.00      0.00     0.00   0.00    0.00     0.00    0.00      0.00     0.00   0.00    0.00     0.00    0.00    0.00    0.00   0.00
nvme0n1       12681.00    198.14     0.00   0.00    0.17    16.00 7118.00    137.02  1562.00  18.00    0.04    19.71    0.00      0.00     0.00   0.00    0.00     0.00    0.00    0.00    2.38  93.90
sda              0.00      0.00     0.00   0.00    0.00     0.00   27.00      0.32    11.00  28.95    0.22    12.15    0.00      0.00     0.00   0.00    0.00     0.00    0.00    0.00    0.01   0.10


Device            r/s     rMB/s   rrqm/s  %rrqm r_await rareq-sz     w/s     wMB/s   wrqm/s  %wrqm w_await wareq-sz     d/s     dMB/s   drqm/s  %drqm d_await dareq-sz     f/s f_await  aqu-sz  %util
loop0            0.00      0.00     0.00   0.00    0.00     0.00    0.00      0.00     0.00   0.00    0.00     0.00    0.00      0.00     0.00   0.00    0.00     0.00    0.00    0.00    0.00   0.00
nvme0n1       12906.00    201.66     0.00   0.00    0.17    16.00 6887.00    129.45  1571.00  18.57    0.04    19.25    0.00      0.00     0.00   0.00    0.00     0.00    0.00    0.00    2.39  94.30
sda              0.00      0.00     0.00   0.00    0.00     0.00    0.00      0.00     0.00   0.00    0.00     0.00    0.00      0.00     0.00   0.00    0.00     0.00    0.00    0.00    0.00   0.00


Device            r/s     rMB/s   rrqm/s  %rrqm r_await rareq-sz     w/s     wMB/s   wrqm/s  %wrqm w_await wareq-sz     d/s     dMB/s   drqm/s  %drqm d_await dareq-sz     f/s f_await  aqu-sz  %util
loop0            0.00      0.00     0.00   0.00    0.00     0.00    0.00      0.00     0.00   0.00    0.00     0.00    0.00      0.00     0.00   0.00    0.00     0.00    0.00    0.00    0.00   0.00
nvme0n1       12758.00    199.34     0.00   0.00    0.17    16.00 7011.00    134.31  1564.00  18.24    0.04    19.62    0.00      0.00     0.00   0.00    0.00     0.00    0.00    0.00    2.37  93.10
sda              0.00      0.00     0.00   0.00    0.00     0.00   33.00      0.27    35.00  51.47    0.12     8.48    0.00      0.00     0.00   0.00    0.00     0.00    2.00    0.00    0.00   0.00


Device            r/s     rMB/s   rrqm/s  %rrqm r_await rareq-sz     w/s     wMB/s   wrqm/s  %wrqm w_await wareq-sz     d/s     dMB/s   drqm/s  %drqm d_await dareq-sz     f/s f_await  aqu-sz  %util
loop0            0.00      0.00     0.00   0.00    0.00     0.00    0.00      0.00     0.00   0.00    0.00     0.00    0.00      0.00     0.00   0.00    0.00     0.00    0.00    0.00    0.00   0.00
nvme0n1       12830.00    200.47     0.00   0.00    0.17    16.00 7149.00    136.90  1565.00  17.96    0.04    19.61    0.00      0.00     0.00   0.00    0.00     0.00    0.00    0.00    2.40  94.50
sda              0.00      0.00     0.00   0.00    0.00     0.00    0.00      0.00     0.00   0.00    0.00     0.00    0.00      0.00     0.00   0.00    0.00     0.00    0.00    0.00    0.00   0.00


Device            r/s     rMB/s   rrqm/s  %rrqm r_await rareq-sz     w/s     wMB/s   wrqm/s  %wrqm w_await wareq-sz     d/s     dMB/s   drqm/s  %drqm d_await dareq-sz     f/s f_await  aqu-sz  %util
loop0            0.00      0.00     0.00   0.00    0.00     0.00    0.00      0.00     0.00   0.00    0.00     0.00    0.00      0.00     0.00   0.00    0.00     0.00    0.00    0.00    0.00   0.00
nvme0n1       12767.00    199.48     0.00   0.00    0.17    16.00 7050.00    134.13  1539.00  17.92    0.04    19.48    0.00      0.00     0.00   0.00    0.00     0.00    0.00    0.00    2.38  94.30
sda              0.00      0.00     0.00   0.00    0.00     0.00    0.00      0.00     0.00   0.00    0.00     0.00    0.00      0.00     0.00   0.00    0.00     0.00    0.00    0.00    0.00   0.00


Device            r/s     rMB/s   rrqm/s  %rrqm r_await rareq-sz     w/s     wMB/s   wrqm/s  %wrqm w_await wareq-sz     d/s     dMB/s   drqm/s  %drqm d_await dareq-sz     f/s f_await  aqu-sz  %util
loop0            0.00      0.00     0.00   0.00    0.00     0.00    0.00      0.00     0.00   0.00    0.00     0.00    0.00      0.00     0.00   0.00    0.00     0.00    0.00    0.00    0.00   0.00
nvme0n1       12838.00    200.59     0.00   0.00    0.17    16.00 7087.00    135.77  1541.00  17.86    0.04    19.62    0.00      0.00     0.00   0.00    0.00     0.00    0.00    0.00    2.40  94.60
sda              0.00      0.00     0.00   0.00    0.00     0.00   28.00      0.33    12.00  30.00    0.21    12.14    0.00      0.00     0.00   0.00    0.00     0.00    0.00    0.00    0.01   0.00


Device            r/s     rMB/s   rrqm/s  %rrqm r_await rareq-sz     w/s     wMB/s   wrqm/s  %wrqm w_await wareq-sz     d/s     dMB/s   drqm/s  %drqm d_await dareq-sz     f/s f_await  aqu-sz  %util
loop0            0.00      0.00     0.00   0.00    0.00     0.00    0.00      0.00     0.00   0.00    0.00     0.00    0.00      0.00     0.00   0.00    0.00     0.00    0.00    0.00    0.00   0.00
nvme0n1       12828.00    200.44     0.00   0.00    0.17    16.00 6964.00    132.14  1562.00  18.32    0.04    19.43    0.00      0.00     0.00   0.00    0.00     0.00    0.00    0.00    2.39  94.10
sda              0.00      0.00     0.00   0.00    0.00     0.00    0.00      0.00     0.00   0.00    0.00     0.00    0.00      0.00     0.00   0.00    0.00     0.00    0.00    0.00    0.00   0.00


Device            r/s     rMB/s   rrqm/s  %rrqm r_await rareq-sz     w/s     wMB/s   wrqm/s  %wrqm w_await wareq-sz     d/s     dMB/s   drqm/s  %drqm d_await dareq-sz     f/s f_await  aqu-sz  %util
loop0            0.00      0.00     0.00   0.00    0.00     0.00    0.00      0.00     0.00   0.00    0.00     0.00    0.00      0.00     0.00   0.00    0.00     0.00    0.00    0.00    0.00   0.00
nvme0n1       12830.00    200.47     0.00   0.00    0.17    16.00 6990.00    132.28  1571.00  18.35    0.04    19.38    0.00      0.00     0.00   0.00    0.00     0.00    0.00    0.00    2.38  94.90
sda              0.00      0.00     0.00   0.00    0.00     0.00    2.00      0.16    40.00  95.24    0.00    84.00    0.00      0.00     0.00   0.00    0.00     0.00    2.00    0.00    0.00   0.00


Device            r/s     rMB/s   rrqm/s  %rrqm r_await rareq-sz     w/s     wMB/s   wrqm/s  %wrqm w_await wareq-sz     d/s     dMB/s   drqm/s  %drqm d_await dareq-sz     f/s f_await  aqu-sz  %util
loop0            0.00      0.00     0.00   0.00    0.00     0.00    0.00      0.00     0.00   0.00    0.00     0.00    0.00      0.00     0.00   0.00    0.00     0.00    0.00    0.00    0.00   0.00
nvme0n1       12831.00    200.50     0.00   0.00    0.17    16.00 6987.00    132.10  1562.00  18.27    0.04    19.36    0.00      0.00     0.00   0.00    0.00     0.00    0.00    0.00    2.38  93.30
sda              0.00      0.00     0.00   0.00    0.00     0.00    0.00      0.00     0.00   0.00    0.00     0.00    0.00      0.00     0.00   0.00    0.00     0.00    0.00    0.00    0.00   0.00


Device            r/s     rMB/s   rrqm/s  %rrqm r_await rareq-sz     w/s     wMB/s   wrqm/s  %wrqm w_await wareq-sz     d/s     dMB/s   drqm/s  %drqm d_await dareq-sz     f/s f_await  aqu-sz  %util
loop0            0.00      0.00     0.00   0.00    0.00     0.00    0.00      0.00     0.00   0.00    0.00     0.00    0.00      0.00     0.00   0.00    0.00     0.00    0.00    0.00    0.00   0.00
nvme0n1       12874.00    201.14     0.00   0.00    0.17    16.00 6867.00    129.66  1537.00  18.29    0.04    19.34    0.00      0.00     0.00   0.00    0.00     0.00    0.00    0.00    2.38  93.70
sda              0.00      0.00     0.00   0.00    0.00     0.00    0.00      0.00     0.00   0.00    0.00     0.00    0.00      0.00     0.00   0.00    0.00     0.00    0.00    0.00    0.00   0.00


Device            r/s     rMB/s   rrqm/s  %rrqm r_await rareq-sz     w/s     wMB/s   wrqm/s  %wrqm w_await wareq-sz     d/s     dMB/s   drqm/s  %drqm d_await dareq-sz     f/s f_await  aqu-sz  %util
loop0            0.00      0.00     0.00   0.00    0.00     0.00    0.00      0.00     0.00   0.00    0.00     0.00    0.00      0.00     0.00   0.00    0.00     0.00    0.00    0.00    0.00   0.00
nvme0n1       12715.00    198.67     0.00   0.00    0.17    16.00 7003.00    135.05  1545.00  18.07    0.04    19.75    0.00      0.00     0.00   0.00    0.00     0.00    0.00    0.00    2.38  94.70
sda              0.00      0.00     0.00   0.00    0.00     0.00   26.00      0.33    12.00  31.58    0.27    13.08    0.00      0.00     0.00   0.00    0.00     0.00    0.00    0.00    0.01   0.10


Device            r/s     rMB/s   rrqm/s  %rrqm r_await rareq-sz     w/s     wMB/s   wrqm/s  %wrqm w_await wareq-sz     d/s     dMB/s   drqm/s  %drqm d_await dareq-sz     f/s f_await  aqu-sz  %util
loop0            0.00      0.00     0.00   0.00    0.00     0.00    0.00      0.00     0.00   0.00    0.00     0.00    0.00      0.00     0.00   0.00    0.00     0.00    0.00    0.00    0.00   0.00
nvme0n1       12794.00    199.92     0.00   0.00    0.17    16.00 6911.00    130.46  1574.00  18.55    0.04    19.33    0.00      0.00     0.00   0.00    0.00     0.00    0.00    0.00    2.38  94.30
sda              0.00      0.00     0.00   0.00    0.00     0.00    0.00      0.00     0.00   0.00    0.00     0.00    0.00      0.00     0.00   0.00    0.00     0.00    0.00    0.00    0.00   0.00


Device            r/s     rMB/s   rrqm/s  %rrqm r_await rareq-sz     w/s     wMB/s   wrqm/s  %wrqm w_await wareq-sz     d/s     dMB/s   drqm/s  %drqm d_await dareq-sz     f/s f_await  aqu-sz  %util
loop0            0.00      0.00     0.00   0.00    0.00     0.00    0.00      0.00     0.00   0.00    0.00     0.00    0.00      0.00     0.00   0.00    0.00     0.00    0.00    0.00    0.00   0.00
nvme0n1       12780.00    199.67     0.00   0.00    0.17    16.00 7113.00    136.62  1535.00  17.75    0.04    19.67    0.00      0.00     0.00   0.00    0.00     0.00    0.00    0.00    2.39  95.30
sda              0.00      0.00     0.00   0.00    0.00     0.00   50.00      0.37    44.00  46.81    0.30     7.52    0.00      0.00     0.00   0.00    0.00     0.00    2.00    0.00    0.01   0.10


Device            r/s     rMB/s   rrqm/s  %rrqm r_await rareq-sz     w/s     wMB/s   wrqm/s  %wrqm w_await wareq-sz     d/s     dMB/s   drqm/s  %drqm d_await dareq-sz     f/s f_await  aqu-sz  %util
loop0            0.00      0.00     0.00   0.00    0.00     0.00    0.00      0.00     0.00   0.00    0.00     0.00    0.00      0.00     0.00   0.00    0.00     0.00    0.00    0.00    0.00   0.00
nvme0n1       12664.00    197.88     0.00   0.00    0.17    16.00 6855.00    130.90  1529.00  18.24    0.04    19.55    0.00      0.00     0.00   0.00    0.00     0.00    0.00    0.00    2.36  93.10
sda              0.00      0.00     0.00   0.00    0.00     0.00    0.00      0.00     0.00   0.00    0.00     0.00    0.00      0.00     0.00   0.00    0.00     0.00    0.00    0.00    0.00   0.00


Device            r/s     rMB/s   rrqm/s  %rrqm r_await rareq-sz     w/s     wMB/s   wrqm/s  %wrqm w_await wareq-sz     d/s     dMB/s   drqm/s  %drqm d_await dareq-sz     f/s f_await  aqu-sz  %util
loop0            0.00      0.00     0.00   0.00    0.00     0.00    0.00      0.00     0.00   0.00    0.00     0.00    0.00      0.00     0.00   0.00    0.00     0.00    0.00    0.00    0.00   0.00
nvme0n1       12885.00    201.33     0.00   0.00    0.17    16.00 6882.00    129.33  1585.00  18.72    0.04    19.24    0.00      0.00     0.00   0.00    0.00     0.00    0.00    0.00    2.40  94.50
sda              0.00      0.00     0.00   0.00    0.00     0.00    0.00      0.00     0.00   0.00    0.00     0.00    0.00      0.00     0.00   0.00    0.00     0.00    0.00    0.00    0.00   0.00


Device            r/s     rMB/s   rrqm/s  %rrqm r_await rareq-sz     w/s     wMB/s   wrqm/s  %wrqm w_await wareq-sz     d/s     dMB/s   drqm/s  %drqm d_await dareq-sz     f/s f_await  aqu-sz  %util
loop0            0.00      0.00     0.00   0.00    0.00     0.00    0.00      0.00     0.00   0.00    0.00     0.00    0.00      0.00     0.00   0.00    0.00     0.00    0.00    0.00    0.00   0.00
nvme0n1       12680.00    198.12     0.00   0.00    0.17    16.00 7322.00    141.61  1547.00  17.44    0.04    19.80    0.00      0.00     0.00   0.00    0.00     0.00    0.00    0.00    2.41  94.50
sda              0.00      0.00     0.00   0.00    0.00     0.00   26.00      0.32    11.00  29.73    0.23    12.77    0.00      0.00     0.00   0.00    0.00     0.00    0.00    0.00    0.01   0.10


Device            r/s     rMB/s   rrqm/s  %rrqm r_await rareq-sz     w/s     wMB/s   wrqm/s  %wrqm w_await wareq-sz     d/s     dMB/s   drqm/s  %drqm d_await dareq-sz     f/s f_await  aqu-sz  %util
loop0            0.00      0.00     0.00   0.00    0.00     0.00    0.00      0.00     0.00   0.00    0.00     0.00    0.00      0.00     0.00   0.00    0.00     0.00    0.00    0.00    0.00   0.00
nvme0n1       12829.00    200.45     0.00   0.00    0.17    16.00 6910.00    130.75  1571.00  18.52    0.04    19.38    0.00      0.00     0.00   0.00    0.00     0.00    0.00    0.00    2.38  94.40
sda              0.00      0.00     0.00   0.00    0.00     0.00    0.00      0.00     0.00   0.00    0.00     0.00    0.00      0.00     0.00   0.00    0.00     0.00    0.00    0.00    0.00   0.00


Device            r/s     rMB/s   rrqm/s  %rrqm r_await rareq-sz     w/s     wMB/s   wrqm/s  %wrqm w_await wareq-sz     d/s     dMB/s   drqm/s  %drqm d_await dareq-sz     f/s f_await  aqu-sz  %util
loop0            0.00      0.00     0.00   0.00    0.00     0.00    0.00      0.00     0.00   0.00    0.00     0.00    0.00      0.00     0.00   0.00    0.00     0.00    0.00    0.00    0.00   0.00
nvme0n1       12718.00    198.72     0.00   0.00    0.17    16.00 7087.00    136.10  1578.00  18.21    0.04    19.67    0.00      0.00     0.00   0.00    0.00     0.00    0.00    0.00    2.38  93.10
sda              0.00      0.00     0.00   0.00    0.00     0.00    2.00      0.14    34.00  94.44    0.00    72.00    0.00      0.00     0.00   0.00    0.00     0.00    2.00    0.00    0.00   0.00


Device            r/s     rMB/s   rrqm/s  %rrqm r_await rareq-sz     w/s     wMB/s   wrqm/s  %wrqm w_await wareq-sz     d/s     dMB/s   drqm/s  %drqm d_await dareq-sz     f/s f_await  aqu-sz  %util
loop0            0.00      0.00     0.00   0.00    0.00     0.00    0.00      0.00     0.00   0.00    0.00     0.00    0.00      0.00     0.00   0.00    0.00     0.00    0.00    0.00    0.00   0.00
nvme0n1       12789.00    199.83     0.00   0.00    0.17    16.00 6871.00    130.38  1545.00  18.36    0.04    19.43    0.00      0.00     0.00   0.00    0.00     0.00    0.00    0.00    2.38  92.80
sda              0.00      0.00     0.00   0.00    0.00     0.00    1.00      0.00     0.00   0.00    0.00     4.00    0.00      0.00     0.00   0.00    0.00     0.00    0.00    0.00    0.00   0.00


Device            r/s     rMB/s   rrqm/s  %rrqm r_await rareq-sz     w/s     wMB/s   wrqm/s  %wrqm w_await wareq-sz     d/s     dMB/s   drqm/s  %drqm d_await dareq-sz     f/s f_await  aqu-sz  %util
loop0            0.00      0.00     0.00   0.00    0.00     0.00    0.00      0.00     0.00   0.00    0.00     0.00    0.00      0.00     0.00   0.00    0.00     0.00    0.00    0.00    0.00   0.00
nvme0n1       12672.00    198.00     0.00   0.00    0.17    16.00 6825.00    130.09  1555.00  18.56    0.04    19.52    0.00      0.00     0.00   0.00    0.00     0.00    0.00    0.00    2.36  93.90
sda              0.00      0.00     0.00   0.00    0.00     0.00    0.00      0.00     0.00   0.00    0.00     0.00    0.00      0.00     0.00   0.00    0.00     0.00    0.00    0.00    0.00   0.00


Device            r/s     rMB/s   rrqm/s  %rrqm r_await rareq-sz     w/s     wMB/s   wrqm/s  %wrqm w_await wareq-sz     d/s     dMB/s   drqm/s  %drqm d_await dareq-sz     f/s f_await  aqu-sz  %util
loop0            0.00      0.00     0.00   0.00    0.00     0.00    0.00      0.00     0.00   0.00    0.00     0.00    0.00      0.00     0.00   0.00    0.00     0.00    0.00    0.00    0.00   0.00
nvme0n1       12639.00    197.50     0.00   0.00    0.17    16.00 7027.00    135.17  1575.00  18.31    0.04    19.70    0.00      0.00     0.00   0.00    0.00     0.00    0.00    0.00    2.38  93.20
sda              0.00      0.00     0.00   0.00    0.00     0.00   25.00      0.34    13.00  34.21    0.28    13.92    0.00      0.00     0.00   0.00    0.00     0.00    0.00    0.00    0.01   0.00


Device            r/s     rMB/s   rrqm/s  %rrqm r_await rareq-sz     w/s     wMB/s   wrqm/s  %wrqm w_await wareq-sz     d/s     dMB/s   drqm/s  %drqm d_await dareq-sz     f/s f_await  aqu-sz  %util
loop0            0.00      0.00     0.00   0.00    0.00     0.00    0.00      0.00     0.00   0.00    0.00     0.00    0.00      0.00     0.00   0.00    0.00     0.00    0.00    0.00    0.00   0.00
nvme0n1       12699.00    198.42     0.00   0.00    0.17    16.00 6944.00    134.38  1533.00  18.08    0.04    19.82    0.00      0.00     0.00   0.00    0.00     0.00    0.00    0.00    2.38  94.10
sda              0.00      0.00     0.00   0.00    0.00     0.00    0.00      0.00     0.00   0.00    0.00     0.00    0.00      0.00     0.00   0.00    0.00     0.00    0.00    0.00    0.00   0.00


Device            r/s     rMB/s   rrqm/s  %rrqm r_await rareq-sz     w/s     wMB/s   wrqm/s  %wrqm w_await wareq-sz     d/s     dMB/s   drqm/s  %drqm d_await dareq-sz     f/s f_await  aqu-sz  %util
loop0            0.00      0.00     0.00   0.00    0.00     0.00    0.00      0.00     0.00   0.00    0.00     0.00    0.00      0.00     0.00   0.00    0.00     0.00    0.00    0.00    0.00   0.00
nvme0n1       12775.00    199.59     0.00   0.00    0.17    16.00 7020.00    135.35  1525.00  17.85    0.04    19.74    0.00      0.00     0.00   0.00    0.00     0.00    0.00    0.00    2.38  93.40
sda              0.00      0.00     0.00   0.00    0.00     0.00    3.00      0.16    39.00  92.86    0.33    56.00    0.00      0.00     0.00   0.00    0.00     0.00    2.00    0.00    0.00   0.00


Device            r/s     rMB/s   rrqm/s  %rrqm r_await rareq-sz     w/s     wMB/s   wrqm/s  %wrqm w_await wareq-sz     d/s     dMB/s   drqm/s  %drqm d_await dareq-sz     f/s f_await  aqu-sz  %util
loop0            0.00      0.00     0.00   0.00    0.00     0.00    0.00      0.00     0.00   0.00    0.00     0.00    0.00      0.00     0.00   0.00    0.00     0.00    0.00    0.00    0.00   0.00
nvme0n1       12865.00    201.02     0.00   0.00    0.17    16.00 6741.00    128.79  1541.00  18.61    0.04    19.56    0.00      0.00     0.00   0.00    0.00     0.00    0.00    0.00    2.39  94.40
sda              0.00      0.00     0.00   0.00    0.00     0.00    0.00      0.00     0.00   0.00    0.00     0.00    0.00      0.00     0.00   0.00    0.00     0.00    0.00    0.00    0.00   0.00


Device            r/s     rMB/s   rrqm/s  %rrqm r_await rareq-sz     w/s     wMB/s   wrqm/s  %wrqm w_await wareq-sz     d/s     dMB/s   drqm/s  %drqm d_await dareq-sz     f/s f_await  aqu-sz  %util
loop0            0.00      0.00     0.00   0.00    0.00     0.00    0.00      0.00     0.00   0.00    0.00     0.00    0.00      0.00     0.00   0.00    0.00     0.00    0.00    0.00    0.00   0.00
nvme0n1       12705.00    198.52     0.00   0.00    0.17    16.00 6975.00    134.98  1526.00  17.95    0.04    19.82    0.00      0.00     0.00   0.00    0.00     0.00    0.00    0.00    2.37  94.10
sda              0.00      0.00     0.00   0.00    0.00     0.00    1.00      0.00     0.00   0.00    0.00     4.00    0.00      0.00     0.00   0.00    0.00     0.00    0.00    0.00    0.00   0.00


Device            r/s     rMB/s   rrqm/s  %rrqm r_await rareq-sz     w/s     wMB/s   wrqm/s  %wrqm w_await wareq-sz     d/s     dMB/s   drqm/s  %drqm d_await dareq-sz     f/s f_await  aqu-sz  %util
loop0            0.00      0.00     0.00   0.00    0.00     0.00    0.00      0.00     0.00   0.00    0.00     0.00    0.00      0.00     0.00   0.00    0.00     0.00    0.00    0.00    0.00   0.00
nvme0n1       12711.00    198.61     0.00   0.00    0.17    16.00 6878.00    133.01  1537.00  18.27    0.04    19.80    0.00      0.00     0.00   0.00    0.00     0.00    0.00    0.00    2.37  94.30
sda              0.00      0.00     0.00   0.00    0.00     0.00   25.00      0.33    13.00  34.21    0.24    13.44    0.00      0.00     0.00   0.00    0.00     0.00    0.00    0.00    0.01   0.00


Device            r/s     rMB/s   rrqm/s  %rrqm r_await rareq-sz     w/s     wMB/s   wrqm/s  %wrqm w_await wareq-sz     d/s     dMB/s   drqm/s  %drqm d_await dareq-sz     f/s f_await  aqu-sz  %util
loop0            0.00      0.00     0.00   0.00    0.00     0.00    0.00      0.00     0.00   0.00    0.00     0.00    0.00      0.00     0.00   0.00    0.00     0.00    0.00    0.00    0.00   0.00
nvme0n1       12783.00    199.73     0.00   0.00    0.17    16.00 6835.00    129.97  1567.00  18.65    0.04    19.47    0.00      0.00     0.00   0.00    0.00     0.00    0.00    0.00    2.38  94.50
sda              0.00      0.00     0.00   0.00    0.00     0.00    0.00      0.00     0.00   0.00    0.00     0.00    0.00      0.00     0.00   0.00    0.00     0.00    0.00    0.00    0.00   0.00


Device            r/s     rMB/s   rrqm/s  %rrqm r_await rareq-sz     w/s     wMB/s   wrqm/s  %wrqm w_await wareq-sz     d/s     dMB/s   drqm/s  %drqm d_await dareq-sz     f/s f_await  aqu-sz  %util
loop0            0.00      0.00     0.00   0.00    0.00     0.00    0.00      0.00     0.00   0.00    0.00     0.00    0.00      0.00     0.00   0.00    0.00     0.00    0.00    0.00    0.00   0.00
nvme0n1       12723.00    198.80     0.00   0.00    0.17    16.00 7017.00    135.80  1550.00  18.09    0.04    19.82    0.00      0.00     0.00   0.00    0.00     0.00    0.00    0.00    2.39  94.00
sda              0.00      0.00     0.00   0.00    0.00     0.00    2.00      0.15    37.00  94.87    0.00    78.00    0.00      0.00     0.00   0.00    0.00     0.00    2.00    0.00    0.00   0.00


Device            r/s     rMB/s   rrqm/s  %rrqm r_await rareq-sz     w/s     wMB/s   wrqm/s  %wrqm w_await wareq-sz     d/s     dMB/s   drqm/s  %drqm d_await dareq-sz     f/s f_await  aqu-sz  %util
loop0            0.00      0.00     0.00   0.00    0.00     0.00    0.00      0.00     0.00   0.00    0.00     0.00    0.00      0.00     0.00   0.00    0.00     0.00    0.00    0.00    0.00   0.00
nvme0n1       12588.00    196.69     0.00   0.00    0.17    16.00 6775.00    128.18  1569.00  18.80    0.04    19.37    0.00      0.00     0.00   0.00    0.00     0.00    0.00    0.00    2.35  93.90
sda              0.00      0.00     0.00   0.00    0.00     0.00    0.00      0.00     0.00   0.00    0.00     0.00    0.00      0.00     0.00   0.00    0.00     0.00    0.00    0.00    0.00   0.00


Device            r/s     rMB/s   rrqm/s  %rrqm r_await rareq-sz     w/s     wMB/s   wrqm/s  %wrqm w_await wareq-sz     d/s     dMB/s   drqm/s  %drqm d_await dareq-sz     f/s f_await  aqu-sz  %util
loop0            0.00      0.00     0.00   0.00    0.00     0.00    0.00      0.00     0.00   0.00    0.00     0.00    0.00      0.00     0.00   0.00    0.00     0.00    0.00    0.00    0.00   0.00
nvme0n1       12685.00    198.20     0.00   0.00    0.17    16.00 6966.00    133.17  1592.00  18.60    0.04    19.58    0.00      0.00     0.00   0.00    0.00     0.00    0.00    0.00    2.35  93.00
sda              0.00      0.00     0.00   0.00    0.00     0.00    0.00      0.00     0.00   0.00    0.00     0.00    0.00      0.00     0.00   0.00    0.00     0.00    0.00    0.00    0.00   0.00


Device            r/s     rMB/s   rrqm/s  %rrqm r_await rareq-sz     w/s     wMB/s   wrqm/s  %wrqm w_await wareq-sz     d/s     dMB/s   drqm/s  %drqm d_await dareq-sz     f/s f_await  aqu-sz  %util
loop0            0.00      0.00     0.00   0.00    0.00     0.00    0.00      0.00     0.00   0.00    0.00     0.00    0.00      0.00     0.00   0.00    0.00     0.00    0.00    0.00    0.00   0.00
nvme0n1       12738.00    199.03     0.00   0.00    0.17    16.00 7014.00    134.20  1570.00  18.29    0.04    19.59    0.00      0.00     0.00   0.00    0.00     0.00    0.00    0.00    2.39  93.50
sda              0.00      0.00     0.00   0.00    0.00     0.00    1.00      0.00     0.00   0.00    0.00     4.00    0.00      0.00     0.00   0.00    0.00     0.00    0.00    0.00    0.00   0.00


Device            r/s     rMB/s   rrqm/s  %rrqm r_await rareq-sz     w/s     wMB/s   wrqm/s  %wrqm w_await wareq-sz     d/s     dMB/s   drqm/s  %drqm d_await dareq-sz     f/s f_await  aqu-sz  %util
loop0            0.00      0.00     0.00   0.00    0.00     0.00    0.00      0.00     0.00   0.00    0.00     0.00    0.00      0.00     0.00   0.00    0.00     0.00    0.00    0.00    0.00   0.00
nvme0n1       12677.00    198.08     0.00   0.00    0.17    16.00 6897.00    131.00  1541.00  18.26    0.04    19.45    0.00      0.00     0.00   0.00    0.00     0.00    0.00    0.00    2.36  94.60
sda              0.00      0.00     0.00   0.00    0.00     0.00   25.00      0.33    12.00  32.43    0.24    13.44    0.00      0.00     0.00   0.00    0.00     0.00    0.00    0.00    0.01   0.00


Device            r/s     rMB/s   rrqm/s  %rrqm r_await rareq-sz     w/s     wMB/s   wrqm/s  %wrqm w_await wareq-sz     d/s     dMB/s   drqm/s  %drqm d_await dareq-sz     f/s f_await  aqu-sz  %util
loop0            0.00      0.00     0.00   0.00    0.00     0.00    0.00      0.00     0.00   0.00    0.00     0.00    0.00      0.00     0.00   0.00    0.00     0.00    0.00    0.00    0.00   0.00
nvme0n1       12811.00    200.17     0.00   0.00    0.17    16.00 6984.00    132.48  1555.00  18.21    0.04    19.42    0.00      0.00     0.00   0.00    0.00     0.00    0.00    0.00    2.38  93.30
sda              0.00      0.00     0.00   0.00    0.00     0.00    2.00      0.16    38.00  95.00    0.00    80.00    0.00      0.00     0.00   0.00    0.00     0.00    2.00    0.00    0.00   0.00


Device            r/s     rMB/s   rrqm/s  %rrqm r_await rareq-sz     w/s     wMB/s   wrqm/s  %wrqm w_await wareq-sz     d/s     dMB/s   drqm/s  %drqm d_await dareq-sz     f/s f_await  aqu-sz  %util
loop0            0.00      0.00     0.00   0.00    0.00     0.00    0.00      0.00     0.00   0.00    0.00     0.00    0.00      0.00     0.00   0.00    0.00     0.00    0.00    0.00    0.00   0.00
nvme0n1       12922.00    201.91     0.00   0.00    0.17    16.00 6811.00    128.62  1531.00  18.35    0.04    19.34    0.00      0.00     0.00   0.00    0.00     0.00    0.00    0.00    2.39  94.60
sda              0.00      0.00     0.00   0.00    0.00     0.00    1.00      0.07     1.00  50.00    1.00    72.00    0.00      0.00     0.00   0.00    0.00     0.00    0.00    0.00    0.00   0.00


Device            r/s     rMB/s   rrqm/s  %rrqm r_await rareq-sz     w/s     wMB/s   wrqm/s  %wrqm w_await wareq-sz     d/s     dMB/s   drqm/s  %drqm d_await dareq-sz     f/s f_await  aqu-sz  %util
loop0            0.00      0.00     0.00   0.00    0.00     0.00    0.00      0.00     0.00   0.00    0.00     0.00    0.00      0.00     0.00   0.00    0.00     0.00    0.00    0.00    0.00   0.00
nvme0n1       12827.00    200.42     0.00   0.00    0.17    16.00 6850.00    129.77  1515.00  18.11    0.04    19.40    0.00      0.00     0.00   0.00    0.00     0.00    0.00    0.00    2.39  94.40
sda              0.00      0.00     0.00   0.00    0.00     0.00    0.00      0.00     0.00   0.00    0.00     0.00    0.00      0.00     0.00   0.00    0.00     0.00    0.00    0.00    0.00   0.00


Device            r/s     rMB/s   rrqm/s  %rrqm r_await rareq-sz     w/s     wMB/s   wrqm/s  %wrqm w_await wareq-sz     d/s     dMB/s   drqm/s  %drqm d_await dareq-sz     f/s f_await  aqu-sz  %util
loop0            0.00      0.00     0.00   0.00    0.00     0.00    0.00      0.00     0.00   0.00    0.00     0.00    0.00      0.00     0.00   0.00    0.00     0.00    0.00    0.00    0.00   0.00
nvme0n1       12717.00    198.70     0.00   0.00    0.17    16.00 6979.00    134.32  1538.00  18.06    0.04    19.71    0.00      0.00     0.00   0.00    0.00     0.00    0.00    0.00    2.36  93.90
sda              0.00      0.00     0.00   0.00    0.00     0.00    0.00      0.00     0.00   0.00    0.00     0.00    0.00      0.00     0.00   0.00    0.00     0.00    0.00    0.00    0.00   0.00


Device            r/s     rMB/s   rrqm/s  %rrqm r_await rareq-sz     w/s     wMB/s   wrqm/s  %wrqm w_await wareq-sz     d/s     dMB/s   drqm/s  %drqm d_await dareq-sz     f/s f_await  aqu-sz  %util
loop0            0.00      0.00     0.00   0.00    0.00     0.00    0.00      0.00     0.00   0.00    0.00     0.00    0.00      0.00     0.00   0.00    0.00     0.00    0.00    0.00    0.00   0.00
nvme0n1       12728.00    198.88     0.00   0.00    0.17    16.00 7018.00    135.23  1568.00  18.26    0.04    19.73    0.00      0.00     0.00   0.00    0.00     0.00    0.00    0.00    2.37  95.00
sda              0.00      0.00     0.00   0.00    0.00     0.00   28.00      0.34    12.00  30.00    0.18    12.29    0.00      0.00     0.00   0.00    0.00     0.00    0.00    0.00    0.01   0.10


Device            r/s     rMB/s   rrqm/s  %rrqm r_await rareq-sz     w/s     wMB/s   wrqm/s  %wrqm w_await wareq-sz     d/s     dMB/s   drqm/s  %drqm d_await dareq-sz     f/s f_await  aqu-sz  %util
loop0            0.00      0.00     0.00   0.00    0.00     0.00    0.00      0.00     0.00   0.00    0.00     0.00    0.00      0.00     0.00   0.00    0.00     0.00    0.00    0.00    0.00   0.00
nvme0n1       12767.00    199.48     0.00   0.00    0.17    16.00 7109.00    136.84  1589.00  18.27    0.04    19.71    0.00      0.00     0.00   0.00    0.00     0.00    0.00    0.00    2.38  94.00
sda              0.00      0.00     0.00   0.00    0.00     0.00    2.00      0.18    43.00  95.56    0.50    90.00    0.00      0.00     0.00   0.00    0.00     0.00    2.00    0.00    0.00   0.00


Device            r/s     rMB/s   rrqm/s  %rrqm r_await rareq-sz     w/s     wMB/s   wrqm/s  %wrqm w_await wareq-sz     d/s     dMB/s   drqm/s  %drqm d_await dareq-sz     f/s f_await  aqu-sz  %util
loop0            0.00      0.00     0.00   0.00    0.00     0.00    0.00      0.00     0.00   0.00    0.00     0.00    0.00      0.00     0.00   0.00    0.00     0.00    0.00    0.00    0.00   0.00
nvme0n1       12787.00    199.80     0.00   0.00    0.17    16.00 7043.00    135.26  1535.00  17.89    0.04    19.67    0.00      0.00     0.00   0.00    0.00     0.00    0.00    0.00    2.39  93.50
sda              0.00      0.00     0.00   0.00    0.00     0.00    0.00      0.00     0.00   0.00    0.00     0.00    0.00      0.00     0.00   0.00    0.00     0.00    0.00    0.00    0.00   0.00


Device            r/s     rMB/s   rrqm/s  %rrqm r_await rareq-sz     w/s     wMB/s   wrqm/s  %wrqm w_await wareq-sz     d/s     dMB/s   drqm/s  %drqm d_await dareq-sz     f/s f_await  aqu-sz  %util
loop0            0.00      0.00     0.00   0.00    0.00     0.00    0.00      0.00     0.00   0.00    0.00     0.00    0.00      0.00     0.00   0.00    0.00     0.00    0.00    0.00    0.00   0.00
nvme0n1       12814.00    200.22     0.00   0.00    0.17    16.00 6920.00    132.78  1501.00  17.82    0.04    19.65    0.00      0.00     0.00   0.00    0.00     0.00    0.00    0.00    2.38  93.60
sda              0.00      0.00     0.00   0.00    0.00     0.00    0.00      0.00     0.00   0.00    0.00     0.00    0.00      0.00     0.00   0.00    0.00     0.00    0.00    0.00    0.00   0.00


Device            r/s     rMB/s   rrqm/s  %rrqm r_await rareq-sz     w/s     wMB/s   wrqm/s  %wrqm w_await wareq-sz     d/s     dMB/s   drqm/s  %drqm d_await dareq-sz     f/s f_await  aqu-sz  %util
loop0            0.00      0.00     0.00   0.00    0.00     0.00    0.00      0.00     0.00   0.00    0.00     0.00    0.00      0.00     0.00   0.00    0.00     0.00    0.00    0.00    0.00   0.00
nvme0n1       12863.00    200.98     0.00   0.00    0.17    16.00 6776.00    127.38  1557.00  18.68    0.04    19.25    0.00      0.00     0.00   0.00    0.00     0.00    0.00    0.00    2.37  94.50
sda              0.00      0.00     0.00   0.00    0.00     0.00    0.00      0.00     0.00   0.00    0.00     0.00    0.00      0.00     0.00   0.00    0.00     0.00    0.00    0.00    0.00   0.00


Device            r/s     rMB/s   rrqm/s  %rrqm r_await rareq-sz     w/s     wMB/s   wrqm/s  %wrqm w_await wareq-sz     d/s     dMB/s   drqm/s  %drqm d_await dareq-sz     f/s f_await  aqu-sz  %util
loop0            0.00      0.00     0.00   0.00    0.00     0.00    0.00      0.00     0.00   0.00    0.00     0.00    0.00      0.00     0.00   0.00    0.00     0.00    0.00    0.00    0.00   0.00
nvme0n1       12746.00    199.16     0.00   0.00    0.17    16.00 7099.00    136.66  1544.00  17.86    0.04    19.71    0.00      0.00     0.00   0.00    0.00     0.00    0.00    0.00    2.37  92.30
sda              0.00      0.00     0.00   0.00    0.00     0.00   28.00      0.33    13.00  31.71    0.25    12.00    0.00      0.00     0.00   0.00    0.00     0.00    0.00    0.00    0.01   0.00


Device            r/s     rMB/s   rrqm/s  %rrqm r_await rareq-sz     w/s     wMB/s   wrqm/s  %wrqm w_await wareq-sz     d/s     dMB/s   drqm/s  %drqm d_await dareq-sz     f/s f_await  aqu-sz  %util
loop0            0.00      0.00     0.00   0.00    0.00     0.00    0.00      0.00     0.00   0.00    0.00     0.00    0.00      0.00     0.00   0.00    0.00     0.00    0.00    0.00    0.00   0.00
nvme0n1       12843.00    200.67     0.00   0.00    0.17    16.00 6993.00    134.04  1562.00  18.26    0.04    19.63    0.00      0.00     0.00   0.00    0.00     0.00    0.00    0.00    2.40  94.20
sda              0.00      0.00     0.00   0.00    0.00     0.00    3.00      0.16    39.00  92.86    0.33    56.00    0.00      0.00     0.00   0.00    0.00     0.00    2.00    0.50    0.00   0.10


Device            r/s     rMB/s   rrqm/s  %rrqm r_await rareq-sz     w/s     wMB/s   wrqm/s  %wrqm w_await wareq-sz     d/s     dMB/s   drqm/s  %drqm d_await dareq-sz     f/s f_await  aqu-sz  %util
loop0            0.00      0.00     0.00   0.00    0.00     0.00    0.00      0.00     0.00   0.00    0.00     0.00    0.00      0.00     0.00   0.00    0.00     0.00    0.00    0.00    0.00   0.00
nvme0n1       12809.00    200.14     0.00   0.00    0.17    16.00 7129.00    136.58  1575.00  18.10    0.04    19.62    0.00      0.00     0.00   0.00    0.00     0.00    0.00    0.00    2.39  93.20
sda              0.00      0.00     0.00   0.00    0.00     0.00    0.00      0.00     0.00   0.00    0.00     0.00    0.00      0.00     0.00   0.00    0.00     0.00    0.00    0.00    0.00   0.00


Device            r/s     rMB/s   rrqm/s  %rrqm r_await rareq-sz     w/s     wMB/s   wrqm/s  %wrqm w_await wareq-sz     d/s     dMB/s   drqm/s  %drqm d_await dareq-sz     f/s f_await  aqu-sz  %util
loop0            0.00      0.00     0.00   0.00    0.00     0.00    0.00      0.00     0.00   0.00    0.00     0.00    0.00      0.00     0.00   0.00    0.00     0.00    0.00    0.00    0.00   0.00
nvme0n1       12846.00    200.72     0.00   0.00    0.17    16.00 6902.00    131.46  1544.00  18.28    0.04    19.50    0.00      0.00     0.00   0.00    0.00     0.00    0.00    0.00    2.38  94.30
sda              0.00      0.00     0.00   0.00    0.00     0.00    0.00      0.00     0.00   0.00    0.00     0.00    0.00      0.00     0.00   0.00    0.00     0.00    0.00    0.00    0.00   0.00


Device            r/s     rMB/s   rrqm/s  %rrqm r_await rareq-sz     w/s     wMB/s   wrqm/s  %wrqm w_await wareq-sz     d/s     dMB/s   drqm/s  %drqm d_await dareq-sz     f/s f_await  aqu-sz  %util
loop0            0.00      0.00     0.00   0.00    0.00     0.00    0.00      0.00     0.00   0.00    0.00     0.00    0.00      0.00     0.00   0.00    0.00     0.00    0.00    0.00    0.00   0.00
nvme0n1       12752.00    199.25     0.00   0.00    0.17    16.00 6853.00    130.22  1545.00  18.40    0.04    19.46    0.00      0.00     0.00   0.00    0.00     0.00    0.00    0.00    2.38  94.90
sda              0.00      0.00     0.00   0.00    0.00     0.00    0.00      0.00     0.00   0.00    0.00     0.00    0.00      0.00     0.00   0.00    0.00     0.00    0.00    0.00    0.00   0.00


Device            r/s     rMB/s   rrqm/s  %rrqm r_await rareq-sz     w/s     wMB/s   wrqm/s  %wrqm w_await wareq-sz     d/s     dMB/s   drqm/s  %drqm d_await dareq-sz     f/s f_await  aqu-sz  %util
loop0            0.00      0.00     0.00   0.00    0.00     0.00    0.00      0.00     0.00   0.00    0.00     0.00    0.00      0.00     0.00   0.00    0.00     0.00    0.00    0.00    0.00   0.00
nvme0n1       12743.00    199.11     0.00   0.00    0.17    16.00 7164.00    137.07  1579.00  18.06    0.04    19.59    0.00      0.00     0.00   0.00    0.00     0.00    0.00    0.00    2.39  94.40
sda              0.00      0.00     0.00   0.00    0.00     0.00   24.00      0.32    12.00  33.33    0.25    13.67    0.00      0.00     0.00   0.00    0.00     0.00    0.00    0.00    0.01   0.00


Device            r/s     rMB/s   rrqm/s  %rrqm r_await rareq-sz     w/s     wMB/s   wrqm/s  %wrqm w_await wareq-sz     d/s     dMB/s   drqm/s  %drqm d_await dareq-sz     f/s f_await  aqu-sz  %util
loop0            0.00      0.00     0.00   0.00    0.00     0.00    0.00      0.00     0.00   0.00    0.00     0.00    0.00      0.00     0.00   0.00    0.00     0.00    0.00    0.00    0.00   0.00
nvme0n1       12873.00    201.14     0.00   0.00    0.17    16.00 7075.00    135.03  1562.00  18.08    0.04    19.54    0.00      0.00     0.00   0.00    0.00     0.00    0.00    0.00    2.40  93.40
sda              0.00      0.00     0.00   0.00    0.00     0.00   49.00      0.34    37.00  43.02    0.16     7.02    0.00      0.00     0.00   0.00    0.00     0.00    2.00    0.00    0.01   0.10


Device            r/s     rMB/s   rrqm/s  %rrqm r_await rareq-sz     w/s     wMB/s   wrqm/s  %wrqm w_await wareq-sz     d/s     dMB/s   drqm/s  %drqm d_await dareq-sz     f/s f_await  aqu-sz  %util
loop0            0.00      0.00     0.00   0.00    0.00     0.00    0.00      0.00     0.00   0.00    0.00     0.00    0.00      0.00     0.00   0.00    0.00     0.00    0.00    0.00    0.00   0.00
nvme0n1       12818.00    200.28     0.00   0.00    0.17    16.00 6826.00    129.36  1576.00  18.76    0.04    19.41    0.00      0.00     0.00   0.00    0.00     0.00    0.00    0.00    2.37  94.20
sda              0.00      0.00     0.00   0.00    0.00     0.00    0.00      0.00     0.00   0.00    0.00     0.00    0.00      0.00     0.00   0.00    0.00     0.00    0.00    0.00    0.00   0.00


Device            r/s     rMB/s   rrqm/s  %rrqm r_await rareq-sz     w/s     wMB/s   wrqm/s  %wrqm w_await wareq-sz     d/s     dMB/s   drqm/s  %drqm d_await dareq-sz     f/s f_await  aqu-sz  %util
loop0            0.00      0.00     0.00   0.00    0.00     0.00    0.00      0.00     0.00   0.00    0.00     0.00    0.00      0.00     0.00   0.00    0.00     0.00    0.00    0.00    0.00   0.00
nvme0n1       12710.00    198.59     0.00   0.00    0.17    16.00 6987.00    133.28  1587.00  18.51    0.04    19.53    0.00      0.00     0.00   0.00    0.00     0.00    0.00    0.00    2.36  93.30
sda              0.00      0.00     0.00   0.00    0.00     0.00    0.00      0.00     0.00   0.00    0.00     0.00    0.00      0.00     0.00   0.00    0.00     0.00    0.00    0.00    0.00   0.00


Device            r/s     rMB/s   rrqm/s  %rrqm r_await rareq-sz     w/s     wMB/s   wrqm/s  %wrqm w_await wareq-sz     d/s     dMB/s   drqm/s  %drqm d_await dareq-sz     f/s f_await  aqu-sz  %util
loop0            0.00      0.00     0.00   0.00    0.00     0.00    0.00      0.00     0.00   0.00    0.00     0.00    0.00      0.00     0.00   0.00    0.00     0.00    0.00    0.00    0.00   0.00
nvme0n1       12729.00    198.89     0.00   0.00    0.17    16.00 6920.00    132.45  1536.00  18.16    0.04    19.60    0.00      0.00     0.00   0.00    0.00     0.00    0.00    0.00    2.37  93.90
sda              0.00      0.00     0.00   0.00    0.00     0.00    0.00      0.00     0.00   0.00    0.00     0.00    0.00      0.00     0.00   0.00    0.00     0.00    0.00    0.00    0.00   0.00


Device            r/s     rMB/s   rrqm/s  %rrqm r_await rareq-sz     w/s     wMB/s   wrqm/s  %wrqm w_await wareq-sz     d/s     dMB/s   drqm/s  %drqm d_await dareq-sz     f/s f_await  aqu-sz  %util
loop0            0.00      0.00     0.00   0.00    0.00     0.00    0.00      0.00     0.00   0.00    0.00     0.00    0.00      0.00     0.00   0.00    0.00     0.00    0.00    0.00    0.00   0.00
nvme0n1       12802.00    200.03     0.00   0.00    0.17    16.00 6867.00    131.64  1538.00  18.30    0.04    19.63    0.00      0.00     0.00   0.00    0.00     0.00    0.00    0.00    2.38  94.30
sda              0.00      0.00     0.00   0.00    0.00     0.00   25.00      0.33    13.00  34.21    0.28    13.60    0.00      0.00     0.00   0.00    0.00     0.00    0.00    0.00    0.01   0.10


Device            r/s     rMB/s   rrqm/s  %rrqm r_await rareq-sz     w/s     wMB/s   wrqm/s  %wrqm w_await wareq-sz     d/s     dMB/s   drqm/s  %drqm d_await dareq-sz     f/s f_await  aqu-sz  %util
loop0            0.00      0.00     0.00   0.00    0.00     0.00    0.00      0.00     0.00   0.00    0.00     0.00    0.00      0.00     0.00   0.00    0.00     0.00    0.00    0.00    0.00   0.00
nvme0n1       12784.00    199.75     0.00   0.00    0.17    16.00 6924.00    132.51  1542.00  18.21    0.04    19.60    0.00      0.00     0.00   0.00    0.00     0.00    0.00    0.00    2.38  93.10
sda              0.00      0.00     0.00   0.00    0.00     0.00    2.00      0.15    36.00  94.74    0.50    76.00    0.00      0.00     0.00   0.00    0.00     0.00    2.00    0.00    0.00   0.00


Device            r/s     rMB/s   rrqm/s  %rrqm r_await rareq-sz     w/s     wMB/s   wrqm/s  %wrqm w_await wareq-sz     d/s     dMB/s   drqm/s  %drqm d_await dareq-sz     f/s f_await  aqu-sz  %util
loop0            0.00      0.00     0.00   0.00    0.00     0.00    0.00      0.00     0.00   0.00    0.00     0.00    0.00      0.00     0.00   0.00    0.00     0.00    0.00    0.00    0.00   0.00
nvme0n1       12612.00    197.06     0.00   0.00    0.17    16.00 6981.00    133.34  1532.00  18.00    0.04    19.56    0.00      0.00     0.00   0.00    0.00     0.00    0.00    0.00    2.35  93.00
sda              0.00      0.00     0.00   0.00    0.00     0.00    1.00      0.00     0.00   0.00    0.00     4.00    0.00      0.00     0.00   0.00    0.00     0.00    0.00    0.00    0.00   0.00


Device            r/s     rMB/s   rrqm/s  %rrqm r_await rareq-sz     w/s     wMB/s   wrqm/s  %wrqm w_await wareq-sz     d/s     dMB/s   drqm/s  %drqm d_await dareq-sz     f/s f_await  aqu-sz  %util
loop0            0.00      0.00     0.00   0.00    0.00     0.00    0.00      0.00     0.00   0.00    0.00     0.00    0.00      0.00     0.00   0.00    0.00     0.00    0.00    0.00    0.00   0.00
nvme0n1       12680.00    198.12     0.00   0.00    0.17    16.00 6786.00    127.98  1569.00  18.78    0.04    19.31    0.00      0.00     0.00   0.00    0.00     0.00    0.00    0.00    2.36  93.20
sda              0.00      0.00     0.00   0.00    0.00     0.00    0.00      0.00     0.00   0.00    0.00     0.00    0.00      0.00     0.00   0.00    0.00     0.00    0.00    0.00    0.00   0.00


Device            r/s     rMB/s   rrqm/s  %rrqm r_await rareq-sz     w/s     wMB/s   wrqm/s  %wrqm w_await wareq-sz     d/s     dMB/s   drqm/s  %drqm d_await dareq-sz     f/s f_await  aqu-sz  %util
loop0            0.00      0.00     0.00   0.00    0.00     0.00    0.00      0.00     0.00   0.00    0.00     0.00    0.00      0.00     0.00   0.00    0.00     0.00    0.00    0.00    0.00   0.00
nvme0n1       12629.00    197.33     0.00   0.00    0.17    16.00 7012.00    135.39  1536.00  17.97    0.04    19.77    0.00      0.00     0.00   0.00    0.00     0.00    0.00    0.00    2.37  93.60
sda              0.00      0.00     0.00   0.00    0.00     0.00    0.00      0.00     0.00   0.00    0.00     0.00    0.00      0.00     0.00   0.00    0.00     0.00    0.00    0.00    0.00   0.00


Device            r/s     rMB/s   rrqm/s  %rrqm r_await rareq-sz     w/s     wMB/s   wrqm/s  %wrqm w_await wareq-sz     d/s     dMB/s   drqm/s  %drqm d_await dareq-sz     f/s f_await  aqu-sz  %util
loop0            0.00      0.00     0.00   0.00    0.00     0.00    0.00      0.00     0.00   0.00    0.00     0.00    0.00      0.00     0.00   0.00    0.00     0.00    0.00    0.00    0.00   0.00
nvme0n1       12826.00    200.41     0.00   0.00    0.17    16.00 6878.00    130.15  1591.00  18.79    0.04    19.38    0.00      0.00     0.00   0.00    0.00     0.00    0.00    0.00    2.38  93.90
sda              0.00      0.00     0.00   0.00    0.00     0.00   25.00      0.32    13.00  34.21    0.24    13.28    0.00      0.00     0.00   0.00    0.00     0.00    0.00    0.00    0.01   0.10


Device            r/s     rMB/s   rrqm/s  %rrqm r_await rareq-sz     w/s     wMB/s   wrqm/s  %wrqm w_await wareq-sz     d/s     dMB/s   drqm/s  %drqm d_await dareq-sz     f/s f_await  aqu-sz  %util
loop0            0.00      0.00     0.00   0.00    0.00     0.00    0.00      0.00     0.00   0.00    0.00     0.00    0.00      0.00     0.00   0.00    0.00     0.00    0.00    0.00    0.00   0.00
nvme0n1       12786.00    199.78     0.00   0.00    0.17    16.00 6920.00    132.20  1564.00  18.43    0.04    19.56    0.00      0.00     0.00   0.00    0.00     0.00    0.00    0.00    2.37  92.50
sda              0.00      0.00     0.00   0.00    0.00     0.00    2.00      0.15    37.00  94.87    0.50    78.00    0.00      0.00     0.00   0.00    0.00     0.00    2.00    0.00    0.00   0.00


Device            r/s     rMB/s   rrqm/s  %rrqm r_await rareq-sz     w/s     wMB/s   wrqm/s  %wrqm w_await wareq-sz     d/s     dMB/s   drqm/s  %drqm d_await dareq-sz     f/s f_await  aqu-sz  %util
loop0            0.00      0.00     0.00   0.00    0.00     0.00    0.00      0.00     0.00   0.00    0.00     0.00    0.00      0.00     0.00   0.00    0.00     0.00    0.00    0.00    0.00   0.00
nvme0n1       12508.00    195.44     0.00   0.00    0.17    16.00 7171.00    140.12  1531.00  17.59    0.04    20.01    0.00      0.00     0.00   0.00    0.00     0.00    0.00    0.00    2.34  92.50
sda              0.00      0.00     0.00   0.00    0.00     0.00    0.00      0.00     0.00   0.00    0.00     0.00    0.00      0.00     0.00   0.00    0.00     0.00    0.00    0.00    0.00   0.00


Device            r/s     rMB/s   rrqm/s  %rrqm r_await rareq-sz     w/s     wMB/s   wrqm/s  %wrqm w_await wareq-sz     d/s     dMB/s   drqm/s  %drqm d_await dareq-sz     f/s f_await  aqu-sz  %util
loop0            0.00      0.00     0.00   0.00    0.00     0.00    0.00      0.00     0.00   0.00    0.00     0.00    0.00      0.00     0.00   0.00    0.00     0.00    0.00    0.00    0.00   0.00
nvme0n1       12766.00    199.47     0.00   0.00    0.17    16.00 6658.00    125.82  1506.00  18.45    0.04    19.35    0.00      0.00     0.00   0.00    0.00     0.00    0.00    0.00    2.35  92.40
sda              0.00      0.00     0.00   0.00    0.00     0.00    1.00      0.00     0.00   0.00    0.00     4.00    0.00      0.00     0.00   0.00    0.00     0.00    0.00    0.00    0.00   0.00


Device            r/s     rMB/s   rrqm/s  %rrqm r_await rareq-sz     w/s     wMB/s   wrqm/s  %wrqm w_await wareq-sz     d/s     dMB/s   drqm/s  %drqm d_await dareq-sz     f/s f_await  aqu-sz  %util
loop0            0.00      0.00     0.00   0.00    0.00     0.00    0.00      0.00     0.00   0.00    0.00     0.00    0.00      0.00     0.00   0.00    0.00     0.00    0.00    0.00    0.00   0.00
nvme0n1       12757.00    199.33     0.00   0.00    0.17    16.00 6877.00    130.44  1549.00  18.38    0.04    19.42    0.00      0.00     0.00   0.00    0.00     0.00    0.00    0.00    2.37  93.50
sda              0.00      0.00     0.00   0.00    0.00     0.00    0.00      0.00     0.00   0.00    0.00     0.00    0.00      0.00     0.00   0.00    0.00     0.00    0.00    0.00    0.00   0.00


Device            r/s     rMB/s   rrqm/s  %rrqm r_await rareq-sz     w/s     wMB/s   wrqm/s  %wrqm w_await wareq-sz     d/s     dMB/s   drqm/s  %drqm d_await dareq-sz     f/s f_await  aqu-sz  %util
loop0            0.00      0.00     0.00   0.00    0.00     0.00    0.00      0.00     0.00   0.00    0.00     0.00    0.00      0.00     0.00   0.00    0.00     0.00    0.00    0.00    0.00   0.00
nvme0n1       12702.00    198.47     0.00   0.00    0.17    16.00 6834.00    130.38  1533.00  18.32    0.04    19.54    0.00      0.00     0.00   0.00    0.00     0.00    0.00    0.00    2.38  94.40
sda              0.00      0.00     0.00   0.00    0.00     0.00   25.00      0.34    14.00  35.90    0.24    14.08    0.00      0.00     0.00   0.00    0.00     0.00    0.00    0.00    0.01   0.10


Device            r/s     rMB/s   rrqm/s  %rrqm r_await rareq-sz     w/s     wMB/s   wrqm/s  %wrqm w_await wareq-sz     d/s     dMB/s   drqm/s  %drqm d_await dareq-sz     f/s f_await  aqu-sz  %util
loop0            0.00      0.00     0.00   0.00    0.00     0.00    0.00      0.00     0.00   0.00    0.00     0.00    0.00      0.00     0.00   0.00    0.00     0.00    0.00    0.00    0.00   0.00
nvme0n1       12811.00    200.17     0.00   0.00    0.17    16.00 7045.00    134.55  1586.00  18.38    0.04    19.56    0.00      0.00     0.00   0.00    0.00     0.00    0.00    0.00    2.40  93.80
sda              0.00      0.00     0.00   0.00    0.00     0.00   33.00      0.29    40.00  54.79    0.12     9.09    0.00      0.00     0.00   0.00    0.00     0.00    2.00    0.00    0.00   0.00


Device            r/s     rMB/s   rrqm/s  %rrqm r_await rareq-sz     w/s     wMB/s   wrqm/s  %wrqm w_await wareq-sz     d/s     dMB/s   drqm/s  %drqm d_await dareq-sz     f/s f_await  aqu-sz  %util
loop0            0.00      0.00     0.00   0.00    0.00     0.00    0.00      0.00     0.00   0.00    0.00     0.00    0.00      0.00     0.00   0.00    0.00     0.00    0.00    0.00    0.00   0.00
nvme0n1       12832.00    200.50     0.00   0.00    0.17    16.00 6905.00    131.57  1557.00  18.40    0.04    19.51    0.00      0.00     0.00   0.00    0.00     0.00    0.00    0.00    2.39  94.60
sda              0.00      0.00     0.00   0.00    0.00     0.00    0.00      0.00     0.00   0.00    0.00     0.00    0.00      0.00     0.00   0.00    0.00     0.00    0.00    0.00    0.00   0.00


Device            r/s     rMB/s   rrqm/s  %rrqm r_await rareq-sz     w/s     wMB/s   wrqm/s  %wrqm w_await wareq-sz     d/s     dMB/s   drqm/s  %drqm d_await dareq-sz     f/s f_await  aqu-sz  %util
loop0            0.00      0.00     0.00   0.00    0.00     0.00    0.00      0.00     0.00   0.00    0.00     0.00    0.00      0.00     0.00   0.00    0.00     0.00    0.00    0.00    0.00   0.00
nvme0n1       12678.00    198.09     0.00   0.00    0.17    16.00 7005.00    133.82  1559.00  18.20    0.04    19.56    0.00      0.00     0.00   0.00    0.00     0.00    0.00    0.00    2.37  93.40
sda              0.00      0.00     0.00   0.00    0.00     0.00    0.00      0.00     0.00   0.00    0.00     0.00    0.00      0.00     0.00   0.00    0.00     0.00    0.00    0.00    0.00   0.00


Device            r/s     rMB/s   rrqm/s  %rrqm r_await rareq-sz     w/s     wMB/s   wrqm/s  %wrqm w_await wareq-sz     d/s     dMB/s   drqm/s  %drqm d_await dareq-sz     f/s f_await  aqu-sz  %util
loop0            0.00      0.00     0.00   0.00    0.00     0.00    0.00      0.00     0.00   0.00    0.00     0.00    0.00      0.00     0.00   0.00    0.00     0.00    0.00    0.00    0.00   0.00
nvme0n1       12804.00    200.06     0.00   0.00    0.17    16.00 7040.00    133.76  1577.00  18.30    0.04    19.46    0.00      0.00     0.00   0.00    0.00     0.00    0.00    0.00    2.39  93.50
sda              0.00      0.00     0.00   0.00    0.00     0.00    1.00      0.00     0.00   0.00    0.00     4.00    0.00      0.00     0.00   0.00    0.00     0.00    0.00    0.00    0.00   0.00


Device            r/s     rMB/s   rrqm/s  %rrqm r_await rareq-sz     w/s     wMB/s   wrqm/s  %wrqm w_await wareq-sz     d/s     dMB/s   drqm/s  %drqm d_await dareq-sz     f/s f_await  aqu-sz  %util
loop0            0.00      0.00     0.00   0.00    0.00     0.00    0.00      0.00     0.00   0.00    0.00     0.00    0.00      0.00     0.00   0.00    0.00     0.00    0.00    0.00    0.00   0.00
nvme0n1       12768.00    199.50     0.00   0.00    0.17    16.00 6977.00    132.36  1569.00  18.36    0.04    19.43    0.00      0.00     0.00   0.00    0.00     0.00    0.00    0.00    2.37  94.20
sda              0.00      0.00     0.00   0.00    0.00     0.00   25.00      0.32    12.00  32.43    0.24    13.12    0.00      0.00     0.00   0.00    0.00     0.00    0.00    0.00    0.01   0.10


Device            r/s     rMB/s   rrqm/s  %rrqm r_await rareq-sz     w/s     wMB/s   wrqm/s  %wrqm w_await wareq-sz     d/s     dMB/s   drqm/s  %drqm d_await dareq-sz     f/s f_await  aqu-sz  %util
loop0            0.00      0.00     0.00   0.00    0.00     0.00    0.00      0.00     0.00   0.00    0.00     0.00    0.00      0.00     0.00   0.00    0.00     0.00    0.00    0.00    0.00   0.00
nvme0n1       12768.00    199.50     0.00   0.00    0.17    16.00 7160.00    137.51  1593.00  18.20    0.04    19.67    0.00      0.00     0.00   0.00    0.00     0.00    0.00    0.00    2.39  94.50
sda              0.00      0.00     0.00   0.00    0.00     0.00    2.00      0.15    37.00  94.87    0.50    78.00    0.00      0.00     0.00   0.00    0.00     0.00    2.00    0.00    0.00   0.00


Device            r/s     rMB/s   rrqm/s  %rrqm r_await rareq-sz     w/s     wMB/s   wrqm/s  %wrqm w_await wareq-sz     d/s     dMB/s   drqm/s  %drqm d_await dareq-sz     f/s f_await  aqu-sz  %util
loop0            0.00      0.00     0.00   0.00    0.00     0.00    0.00      0.00     0.00   0.00    0.00     0.00    0.00      0.00     0.00   0.00    0.00     0.00    0.00    0.00    0.00   0.00
nvme0n1       12744.00    199.12     0.00   0.00    0.17    16.00 7277.00    140.34  1573.00  17.77    0.04    19.75    0.00      0.00     0.00   0.00    0.00     0.00    0.00    0.00    2.39  93.00
sda              0.00      0.00     0.00   0.00    0.00     0.00    0.00      0.00     0.00   0.00    0.00     0.00    0.00      0.00     0.00   0.00    0.00     0.00    0.00    0.00    0.00   0.00


Device            r/s     rMB/s   rrqm/s  %rrqm r_await rareq-sz     w/s     wMB/s   wrqm/s  %wrqm w_await wareq-sz     d/s     dMB/s   drqm/s  %drqm d_await dareq-sz     f/s f_await  aqu-sz  %util
loop0            0.00      0.00     0.00   0.00    0.00     0.00    0.00      0.00     0.00   0.00    0.00     0.00    0.00      0.00     0.00   0.00    0.00     0.00    0.00    0.00    0.00   0.00
nvme0n1       12817.00    200.27     0.00   0.00    0.17    16.00 6924.00    130.57  1581.00  18.59    0.04    19.31    0.00      0.00     0.00   0.00    0.00     0.00    0.00    0.00    2.38  94.20
sda              0.00      0.00     0.00   0.00    0.00     0.00    0.00      0.00     0.00   0.00    0.00     0.00    0.00      0.00     0.00   0.00    0.00     0.00    0.00    0.00    0.00   0.00


Device            r/s     rMB/s   rrqm/s  %rrqm r_await rareq-sz     w/s     wMB/s   wrqm/s  %wrqm w_await wareq-sz     d/s     dMB/s   drqm/s  %drqm d_await dareq-sz     f/s f_await  aqu-sz  %util
loop0            0.00      0.00     0.00   0.00    0.00     0.00    0.00      0.00     0.00   0.00    0.00     0.00    0.00      0.00     0.00   0.00    0.00     0.00    0.00    0.00    0.00   0.00
nvme0n1       12709.00    198.58     0.00   0.00    0.17    16.00 6929.00    132.88  1555.00  18.33    0.04    19.64    0.00      0.00     0.00   0.00    0.00     0.00    0.00    0.00    2.37  94.00
sda              0.00      0.00     0.00   0.00    0.00     0.00    1.00      0.00     0.00   0.00    0.00     4.00    0.00      0.00     0.00   0.00    0.00     0.00    0.00    0.00    0.00   0.00


Device            r/s     rMB/s   rrqm/s  %rrqm r_await rareq-sz     w/s     wMB/s   wrqm/s  %wrqm w_await wareq-sz     d/s     dMB/s   drqm/s  %drqm d_await dareq-sz     f/s f_await  aqu-sz  %util
loop0            0.00      0.00     0.00   0.00    0.00     0.00    0.00      0.00     0.00   0.00    0.00     0.00    0.00      0.00     0.00   0.00    0.00     0.00    0.00    0.00    0.00   0.00
nvme0n1       12877.00    201.20     0.00   0.00    0.17    16.00 7061.00    133.84  1571.00  18.20    0.04    19.41    0.00      0.00     0.00   0.00    0.00     0.00    0.00    0.00    2.40  94.40
sda              0.00      0.00     0.00   0.00    0.00     0.00    0.00      0.00     0.00   0.00    0.00     0.00    0.00      0.00     0.00   0.00    0.00     0.00    0.00    0.00    0.00   0.00


Device            r/s     rMB/s   rrqm/s  %rrqm r_await rareq-sz     w/s     wMB/s   wrqm/s  %wrqm w_await wareq-sz     d/s     dMB/s   drqm/s  %drqm d_await dareq-sz     f/s f_await  aqu-sz  %util
loop0            0.00      0.00     0.00   0.00    0.00     0.00    0.00      0.00     0.00   0.00    0.00     0.00    0.00      0.00     0.00   0.00    0.00     0.00    0.00    0.00    0.00   0.00
nvme0n1       12944.00    202.25     0.00   0.00    0.17    16.00 6728.00    125.56  1541.00  18.64    0.04    19.11    0.00      0.00     0.00   0.00    0.00     0.00    0.00    0.00    2.40  95.00
sda              0.00      0.00     0.00   0.00    0.00     0.00   28.00      0.48    47.00  62.67    0.25    17.71    0.00      0.00     0.00   0.00    0.00     0.00    2.00    0.00    0.01   0.10


Device            r/s     rMB/s   rrqm/s  %rrqm r_await rareq-sz     w/s     wMB/s   wrqm/s  %wrqm w_await wareq-sz     d/s     dMB/s   drqm/s  %drqm d_await dareq-sz     f/s f_await  aqu-sz  %util
loop0            0.00      0.00     0.00   0.00    0.00     0.00    0.00      0.00     0.00   0.00    0.00     0.00    0.00      0.00     0.00   0.00    0.00     0.00    0.00    0.00    0.00   0.00
nvme0n1       12642.00    197.53     0.00   0.00    0.17    16.00 7114.00    136.43  1566.00  18.04    0.04    19.64    0.00      0.00     0.00   0.00    0.00     0.00    0.00    0.00    2.37  94.10
sda              0.00      0.00     0.00   0.00    0.00     0.00    0.00      0.00     0.00   0.00    0.00     0.00    0.00      0.00     0.00   0.00    0.00     0.00    0.00    0.00    0.00   0.00


Device            r/s     rMB/s   rrqm/s  %rrqm r_await rareq-sz     w/s     wMB/s   wrqm/s  %wrqm w_await wareq-sz     d/s     dMB/s   drqm/s  %drqm d_await dareq-sz     f/s f_await  aqu-sz  %util
loop0            0.00      0.00     0.00   0.00    0.00     0.00    0.00      0.00     0.00   0.00    0.00     0.00    0.00      0.00     0.00   0.00    0.00     0.00    0.00    0.00    0.00   0.00
nvme0n1       12749.00    199.20     0.00   0.00    0.17    16.00 6966.00    132.53  1545.00  18.15    0.04    19.48    0.00      0.00     0.00   0.00    0.00     0.00    0.00    0.00    2.37  93.40
sda              0.00      0.00     0.00   0.00    0.00     0.00    0.00      0.00     0.00   0.00    0.00     0.00    0.00      0.00     0.00   0.00    0.00     0.00    0.00    0.00    0.00   0.00


Device            r/s     rMB/s   rrqm/s  %rrqm r_await rareq-sz     w/s     wMB/s   wrqm/s  %wrqm w_await wareq-sz     d/s     dMB/s   drqm/s  %drqm d_await dareq-sz     f/s f_await  aqu-sz  %util
loop0            0.00      0.00     0.00   0.00    0.00     0.00    0.00      0.00     0.00   0.00    0.00     0.00    0.00      0.00     0.00   0.00    0.00     0.00    0.00    0.00    0.00   0.00
nvme0n1       12748.00    199.19     0.00   0.00    0.17    16.00 6892.00    131.95  1520.00  18.07    0.04    19.61    0.00      0.00     0.00   0.00    0.00     0.00    0.00    0.00    2.38  95.30
sda              0.00      0.00     0.00   0.00    0.00     0.00    0.00      0.00     0.00   0.00    0.00     0.00    0.00      0.00     0.00   0.00    0.00     0.00    0.00    0.00    0.00   0.00


Device            r/s     rMB/s   rrqm/s  %rrqm r_await rareq-sz     w/s     wMB/s   wrqm/s  %wrqm w_await wareq-sz     d/s     dMB/s   drqm/s  %drqm d_await dareq-sz     f/s f_await  aqu-sz  %util
loop0            0.00      0.00     0.00   0.00    0.00     0.00    0.00      0.00     0.00   0.00    0.00     0.00    0.00      0.00     0.00   0.00    0.00     0.00    0.00    0.00    0.00   0.00
nvme0n1       12705.00    198.52     0.00   0.00    0.17    16.00 6964.00    132.85  1532.00  18.03    0.04    19.53    0.00      0.00     0.00   0.00    0.00     0.00    0.00    0.00    2.37  92.80
sda              0.00      0.00     0.00   0.00    0.00     0.00    0.00      0.00     0.00   0.00    0.00     0.00    0.00      0.00     0.00   0.00    0.00     0.00    0.00    0.00    0.00   0.00


Device            r/s     rMB/s   rrqm/s  %rrqm r_await rareq-sz     w/s     wMB/s   wrqm/s  %wrqm w_await wareq-sz     d/s     dMB/s   drqm/s  %drqm d_await dareq-sz     f/s f_await  aqu-sz  %util
loop0            0.00      0.00     0.00   0.00    0.00     0.00    0.00      0.00     0.00   0.00    0.00     0.00    0.00      0.00     0.00   0.00    0.00     0.00    0.00    0.00    0.00   0.00
nvme0n1       12783.00    199.73     0.00   0.00    0.17    16.00 6879.00    131.43  1522.00  18.12    0.04    19.56    0.00      0.00     0.00   0.00    0.00     0.00    0.00    0.00    2.37  94.70
sda              0.00      0.00     0.00   0.00    0.00     0.00   29.00      0.49    52.00  64.20    0.24    17.24    0.00      0.00     0.00   0.00    0.00     0.00    2.00    0.00    0.01   0.20


Device            r/s     rMB/s   rrqm/s  %rrqm r_await rareq-sz     w/s     wMB/s   wrqm/s  %wrqm w_await wareq-sz     d/s     dMB/s   drqm/s  %drqm d_await dareq-sz     f/s f_await  aqu-sz  %util
loop0            0.00      0.00     0.00   0.00    0.00     0.00    0.00      0.00     0.00   0.00    0.00     0.00    0.00      0.00     0.00   0.00    0.00     0.00    0.00    0.00    0.00   0.00
nvme0n1       12697.00    198.39     0.00   0.00    0.17    16.00 7029.00    133.99  1557.00  18.13    0.04    19.52    0.00      0.00     0.00   0.00    0.00     0.00    0.00    0.00    2.38  94.10
sda              0.00      0.00     0.00   0.00    0.00     0.00    0.00      0.00     0.00   0.00    0.00     0.00    0.00      0.00     0.00   0.00    0.00     0.00    0.00    0.00    0.00   0.00


Device            r/s     rMB/s   rrqm/s  %rrqm r_await rareq-sz     w/s     wMB/s   wrqm/s  %wrqm w_await wareq-sz     d/s     dMB/s   drqm/s  %drqm d_await dareq-sz     f/s f_await  aqu-sz  %util
loop0            0.00      0.00     0.00   0.00    0.00     0.00    0.00      0.00     0.00   0.00    0.00     0.00    0.00      0.00     0.00   0.00    0.00     0.00    0.00    0.00    0.00   0.00
nvme0n1       12537.00    195.89     0.00   0.00    0.17    16.00 6934.00    133.64  1502.00  17.80    0.04    19.74    0.00      0.00     0.00   0.00    0.00     0.00    0.00    0.00    2.34  92.90
sda              0.00      0.00     0.00   0.00    0.00     0.00    0.00      0.00     0.00   0.00    0.00     0.00    0.00      0.00     0.00   0.00    0.00     0.00    0.00    0.00    0.00   0.00


Device            r/s     rMB/s   rrqm/s  %rrqm r_await rareq-sz     w/s     wMB/s   wrqm/s  %wrqm w_await wareq-sz     d/s     dMB/s   drqm/s  %drqm d_await dareq-sz     f/s f_await  aqu-sz  %util
loop0            0.00      0.00     0.00   0.00    0.00     0.00    0.00      0.00     0.00   0.00    0.00     0.00    0.00      0.00     0.00   0.00    0.00     0.00    0.00    0.00    0.00   0.00
nvme0n1       12782.00    199.72     0.00   0.00    0.17    16.00 6925.00    130.04  1578.00  18.56    0.04    19.23    0.00      0.00     0.00   0.00    0.00     0.00    0.00    0.00    2.39  95.30
sda              0.00      0.00     0.00   0.00    0.00     0.00    0.00      0.00     0.00   0.00    0.00     0.00    0.00      0.00     0.00   0.00    0.00     0.00    0.00    0.00    0.00   0.00


Device            r/s     rMB/s   rrqm/s  %rrqm r_await rareq-sz     w/s     wMB/s   wrqm/s  %wrqm w_await wareq-sz     d/s     dMB/s   drqm/s  %drqm d_await dareq-sz     f/s f_await  aqu-sz  %util
loop0            0.00      0.00     0.00   0.00    0.00     0.00    0.00      0.00     0.00   0.00    0.00     0.00    0.00      0.00     0.00   0.00    0.00     0.00    0.00    0.00    0.00   0.00
nvme0n1       12695.00    198.36     0.00   0.00    0.17    16.00 7049.00    134.40  1583.00  18.34    0.04    19.52    0.00      0.00     0.00   0.00    0.00     0.00    0.00    0.00    2.38  94.20
sda              0.00      0.00     0.00   0.00    0.00     0.00    0.00      0.00     0.00   0.00    0.00     0.00    0.00      0.00     0.00   0.00    0.00     0.00    0.00    0.00    0.00   0.00


Device            r/s     rMB/s   rrqm/s  %rrqm r_await rareq-sz     w/s     wMB/s   wrqm/s  %wrqm w_await wareq-sz     d/s     dMB/s   drqm/s  %drqm d_await dareq-sz     f/s f_await  aqu-sz  %util
loop0            0.00      0.00     0.00   0.00    0.00     0.00    0.00      0.00     0.00   0.00    0.00     0.00    0.00      0.00     0.00   0.00    0.00     0.00    0.00    0.00    0.00   0.00
nvme0n1       12703.00    198.48     0.00   0.00    0.17    16.00 6953.00    132.66  1553.00  18.26    0.04    19.54    0.00      0.00     0.00   0.00    0.00     0.00    0.00    0.00    2.37  92.80
sda              0.00      0.00     0.00   0.00    0.00     0.00   29.00      0.50    52.00  64.20    0.24    17.52    0.00      0.00     0.00   0.00    0.00     0.00    2.00    0.00    0.01   0.10


Device            r/s     rMB/s   rrqm/s  %rrqm r_await rareq-sz     w/s     wMB/s   wrqm/s  %wrqm w_await wareq-sz     d/s     dMB/s   drqm/s  %drqm d_await dareq-sz     f/s f_await  aqu-sz  %util
loop0            0.00      0.00     0.00   0.00    0.00     0.00    0.00      0.00     0.00   0.00    0.00     0.00    0.00      0.00     0.00   0.00    0.00     0.00    0.00    0.00    0.00   0.00
nvme0n1       12933.00    202.08     0.00   0.00    0.17    16.00 6871.00    130.25  1573.00  18.63    0.04    19.41    0.00      0.00     0.00   0.00    0.00     0.00    0.00    0.00    2.41  94.00
sda              0.00      0.00     0.00   0.00    0.00     0.00   44.00      0.19     5.00  10.20    0.16     4.45    0.00      0.00     0.00   0.00    0.00     0.00    0.00    0.00    0.01   0.00


Device            r/s     rMB/s   rrqm/s  %rrqm r_await rareq-sz     w/s     wMB/s   wrqm/s  %wrqm w_await wareq-sz     d/s     dMB/s   drqm/s  %drqm d_await dareq-sz     f/s f_await  aqu-sz  %util
loop0            0.00      0.00     0.00   0.00    0.00     0.00    0.00      0.00     0.00   0.00    0.00     0.00    0.00      0.00     0.00   0.00    0.00     0.00    0.00    0.00    0.00   0.00
nvme0n1       12916.00    201.81     0.00   0.00    0.16    16.00 6945.00    130.87  1595.00  18.68    0.04    19.30    0.00      0.00     0.00   0.00    0.00     0.00    0.00    0.00    2.38  94.30
sda              0.00      0.00     0.00   0.00    0.00     0.00    0.00      0.00     0.00   0.00    0.00     0.00    0.00      0.00     0.00   0.00    0.00     0.00    0.00    0.00    0.00   0.00


Device            r/s     rMB/s   rrqm/s  %rrqm r_await rareq-sz     w/s     wMB/s   wrqm/s  %wrqm w_await wareq-sz     d/s     dMB/s   drqm/s  %drqm d_await dareq-sz     f/s f_await  aqu-sz  %util
loop0            0.00      0.00     0.00   0.00    0.00     0.00    0.00      0.00     0.00   0.00    0.00     0.00    0.00      0.00     0.00   0.00    0.00     0.00    0.00    0.00    0.00   0.00
nvme0n1       12784.00    199.75     0.00   0.00    0.17    16.00 6903.00    130.96  1553.00  18.37    0.04    19.43    0.00      0.00     0.00   0.00    0.00     0.00    0.00    0.00    2.38  95.10
sda              0.00      0.00     0.00   0.00    0.00     0.00    0.00      0.00     0.00   0.00    0.00     0.00    0.00      0.00     0.00   0.00    0.00     0.00    0.00    0.00    0.00   0.00


Device            r/s     rMB/s   rrqm/s  %rrqm r_await rareq-sz     w/s     wMB/s   wrqm/s  %wrqm w_await wareq-sz     d/s     dMB/s   drqm/s  %drqm d_await dareq-sz     f/s f_await  aqu-sz  %util
loop0            0.00      0.00     0.00   0.00    0.00     0.00    0.00      0.00     0.00   0.00    0.00     0.00    0.00      0.00     0.00   0.00    0.00     0.00    0.00    0.00    0.00   0.00
nvme0n1       12708.00    198.56     0.00   0.00    0.17    16.00 6918.00    130.69  1567.00  18.47    0.04    19.34    0.00      0.00     0.00   0.00    0.00     0.00    0.00    0.00    2.38  93.70
sda              0.00      0.00     0.00   0.00    0.00     0.00    0.00      0.00     0.00   0.00    0.00     0.00    0.00      0.00     0.00   0.00    0.00     0.00    0.00    0.00    0.00   0.00


Device            r/s     rMB/s   rrqm/s  %rrqm r_await rareq-sz     w/s     wMB/s   wrqm/s  %wrqm w_await wareq-sz     d/s     dMB/s   drqm/s  %drqm d_await dareq-sz     f/s f_await  aqu-sz  %util
loop0            0.00      0.00     0.00   0.00    0.00     0.00    0.00      0.00     0.00   0.00    0.00     0.00    0.00      0.00     0.00   0.00    0.00     0.00    0.00    0.00    0.00   0.00
nvme0n1       12887.00    201.36     0.00   0.00    0.17    16.00 7001.00    132.82  1596.00  18.56    0.04    19.43    0.00      0.00     0.00   0.00    0.00     0.00    0.00    0.00    2.40  94.80
sda              0.00      0.00     0.00   0.00    0.00     0.00   27.00      0.47    50.00  64.94    0.30    17.93    0.00      0.00     0.00   0.00    0.00     0.00    2.00    0.00    0.01   0.10


Device            r/s     rMB/s   rrqm/s  %rrqm r_await rareq-sz     w/s     wMB/s   wrqm/s  %wrqm w_await wareq-sz     d/s     dMB/s   drqm/s  %drqm d_await dareq-sz     f/s f_await  aqu-sz  %util
loop0            0.00      0.00     0.00   0.00    0.00     0.00    0.00      0.00     0.00   0.00    0.00     0.00    0.00      0.00     0.00   0.00    0.00     0.00    0.00    0.00    0.00   0.00
nvme0n1       12792.00    199.88     0.00   0.00    0.17    16.00 7056.00    134.51  1567.00  18.17    0.04    19.52    0.00      0.00     0.00   0.00    0.00     0.00    0.00    0.00    2.40  93.10
sda              0.00      0.00     0.00   0.00    0.00     0.00    0.00      0.00     0.00   0.00    0.00     0.00    0.00      0.00     0.00   0.00    0.00     0.00    0.00    0.00    0.00   0.00


Device            r/s     rMB/s   rrqm/s  %rrqm r_await rareq-sz     w/s     wMB/s   wrqm/s  %wrqm w_await wareq-sz     d/s     dMB/s   drqm/s  %drqm d_await dareq-sz     f/s f_await  aqu-sz  %util
loop0            0.00      0.00     0.00   0.00    0.00     0.00    0.00      0.00     0.00   0.00    0.00     0.00    0.00      0.00     0.00   0.00    0.00     0.00    0.00    0.00    0.00   0.00
nvme0n1       12829.00    200.45     0.00   0.00    0.17    16.00 7019.00    133.16  1541.00  18.00    0.04    19.43    0.00      0.00     0.00   0.00    0.00     0.00    0.00    0.00    2.40  94.70
sda              0.00      0.00     0.00   0.00    0.00     0.00    1.00      0.00     0.00   0.00    0.00     4.00    0.00      0.00     0.00   0.00    0.00     0.00    0.00    0.00    0.00   0.00


Device            r/s     rMB/s   rrqm/s  %rrqm r_await rareq-sz     w/s     wMB/s   wrqm/s  %wrqm w_await wareq-sz     d/s     dMB/s   drqm/s  %drqm d_await dareq-sz     f/s f_await  aqu-sz  %util
loop0            0.00      0.00     0.00   0.00    0.00     0.00    0.00      0.00     0.00   0.00    0.00     0.00    0.00      0.00     0.00   0.00    0.00     0.00    0.00    0.00    0.00   0.00
nvme0n1       12825.00    200.39     0.00   0.00    0.17    16.00 6989.00    132.29  1612.00  18.74    0.04    19.38    0.00      0.00     0.00   0.00    0.00     0.00    0.00    0.00    2.38  94.20
sda              0.00      0.00     0.00   0.00    0.00     0.00    0.00      0.00     0.00   0.00    0.00     0.00    0.00      0.00     0.00   0.00    0.00     0.00    0.00    0.00    0.00   0.00


Device            r/s     rMB/s   rrqm/s  %rrqm r_await rareq-sz     w/s     wMB/s   wrqm/s  %wrqm w_await wareq-sz     d/s     dMB/s   drqm/s  %drqm d_await dareq-sz     f/s f_await  aqu-sz  %util
loop0            0.00      0.00     0.00   0.00    0.00     0.00    0.00      0.00     0.00   0.00    0.00     0.00    0.00      0.00     0.00   0.00    0.00     0.00    0.00    0.00    0.00   0.00
nvme0n1       12742.00    199.09     0.00   0.00    0.17    16.00 7010.00    133.11  1588.00  18.47    0.04    19.44    0.00      0.00     0.00   0.00    0.00     0.00    0.00    0.00    2.39  93.60
sda              0.00      0.00     0.00   0.00    0.00     0.00    0.00      0.00     0.00   0.00    0.00     0.00    0.00      0.00     0.00   0.00    0.00     0.00    0.00    0.00    0.00   0.00


Device            r/s     rMB/s   rrqm/s  %rrqm r_await rareq-sz     w/s     wMB/s   wrqm/s  %wrqm w_await wareq-sz     d/s     dMB/s   drqm/s  %drqm d_await dareq-sz     f/s f_await  aqu-sz  %util
loop0            0.00      0.00     0.00   0.00    0.00     0.00    0.00      0.00     0.00   0.00    0.00     0.00    0.00      0.00     0.00   0.00    0.00     0.00    0.00    0.00    0.00   0.00
nvme0n1       12685.00    198.20     0.00   0.00    0.17    16.00 7177.00    140.32  1536.00  17.63    0.04    20.02    0.00      0.00     0.00   0.00    0.00     0.00    0.00    0.00    2.37  93.70
sda              0.00      0.00     0.00   0.00    0.00     0.00   27.00      0.41    31.00  53.45    0.26    15.70    0.00      0.00     0.00   0.00    0.00     0.00    2.00    0.00    0.01   0.10


Device            r/s     rMB/s   rrqm/s  %rrqm r_await rareq-sz     w/s     wMB/s   wrqm/s  %wrqm w_await wareq-sz     d/s     dMB/s   drqm/s  %drqm d_await dareq-sz     f/s f_await  aqu-sz  %util
loop0            0.00      0.00     0.00   0.00    0.00     0.00    0.00      0.00     0.00   0.00    0.00     0.00    0.00      0.00     0.00   0.00    0.00     0.00    0.00    0.00    0.00   0.00
nvme0n1       12775.00    199.61     0.00   0.00    0.17    16.00 7058.00    135.11  1551.00  18.02    0.04    19.60    0.00      0.00     0.00   0.00    0.00     0.00    0.00    0.00    2.38  93.90
sda              0.00      0.00     0.00   0.00    0.00     0.00    2.00      0.07     1.00  33.33    0.00    38.00    0.00      0.00     0.00   0.00    0.00     0.00    0.00    0.00    0.00   0.00


Device            r/s     rMB/s   rrqm/s  %rrqm r_await rareq-sz     w/s     wMB/s   wrqm/s  %wrqm w_await wareq-sz     d/s     dMB/s   drqm/s  %drqm d_await dareq-sz     f/s f_await  aqu-sz  %util
loop0            0.00      0.00     0.00   0.00    0.00     0.00    0.00      0.00     0.00   0.00    0.00     0.00    0.00      0.00     0.00   0.00    0.00     0.00    0.00    0.00    0.00   0.00
nvme0n1       12797.00    199.95     0.00   0.00    0.17    16.00 6739.00    125.90  1586.00  19.05    0.04    19.13    0.00      0.00     0.00   0.00    0.00     0.00    0.00    0.00    2.37  93.80
sda              0.00      0.00     0.00   0.00    0.00     0.00    0.00      0.00     0.00   0.00    0.00     0.00    0.00      0.00     0.00   0.00    0.00     0.00    0.00    0.00    0.00   0.00


Device            r/s     rMB/s   rrqm/s  %rrqm r_await rareq-sz     w/s     wMB/s   wrqm/s  %wrqm w_await wareq-sz     d/s     dMB/s   drqm/s  %drqm d_await dareq-sz     f/s f_await  aqu-sz  %util
loop0            0.00      0.00     0.00   0.00    0.00     0.00    0.00      0.00     0.00   0.00    0.00     0.00    0.00      0.00     0.00   0.00    0.00     0.00    0.00    0.00    0.00   0.00
nvme0n1       12742.00    199.09     0.00   0.00    0.17    16.00 7061.00    134.38  1576.00  18.25    0.04    19.49    0.00      0.00     0.00   0.00    0.00     0.00    0.00    0.00    2.37  93.50
sda              0.00      0.00     0.00   0.00    0.00     0.00    1.00      0.00     0.00   0.00    0.00     4.00    0.00      0.00     0.00   0.00    0.00     0.00    0.00    0.00    0.00   0.00


Device            r/s     rMB/s   rrqm/s  %rrqm r_await rareq-sz     w/s     wMB/s   wrqm/s  %wrqm w_await wareq-sz     d/s     dMB/s   drqm/s  %drqm d_await dareq-sz     f/s f_await  aqu-sz  %util
loop0            0.00      0.00     0.00   0.00    0.00     0.00    0.00      0.00     0.00   0.00    0.00     0.00    0.00      0.00     0.00   0.00    0.00     0.00    0.00    0.00    0.00   0.00
nvme0n1       12700.00    198.44     0.00   0.00    0.17    16.00 6866.00    130.43  1541.00  18.33    0.04    19.45    0.00      0.00     0.00   0.00    0.00     0.00    0.00    0.00    2.37  94.40
sda              0.00      0.00     0.00   0.00    0.00     0.00    0.00      0.00     0.00   0.00    0.00     0.00    0.00      0.00     0.00   0.00    0.00     0.00    0.00    0.00    0.00   0.00


Device            r/s     rMB/s   rrqm/s  %rrqm r_await rareq-sz     w/s     wMB/s   wrqm/s  %wrqm w_await wareq-sz     d/s     dMB/s   drqm/s  %drqm d_await dareq-sz     f/s f_await  aqu-sz  %util
loop0            0.00      0.00     0.00   0.00    0.00     0.00    0.00      0.00     0.00   0.00    0.00     0.00    0.00      0.00     0.00   0.00    0.00     0.00    0.00    0.00    0.00   0.00
nvme0n1       12766.00    199.47     0.00   0.00    0.17    16.00 6918.00    133.68  1501.00  17.83    0.04    19.79    0.00      0.00     0.00   0.00    0.00     0.00    0.00    0.00    2.38  93.40
sda              0.00      0.00     0.00   0.00    0.00     0.00   28.00      0.49    52.00  65.00    0.25    17.86    0.00      0.00     0.00   0.00    0.00     0.00    2.00    0.00    0.01   0.00


Device            r/s     rMB/s   rrqm/s  %rrqm r_await rareq-sz     w/s     wMB/s   wrqm/s  %wrqm w_await wareq-sz     d/s     dMB/s   drqm/s  %drqm d_await dareq-sz     f/s f_await  aqu-sz  %util
loop0            0.00      0.00     0.00   0.00    0.00     0.00    0.00      0.00     0.00   0.00    0.00     0.00    0.00      0.00     0.00   0.00    0.00     0.00    0.00    0.00    0.00   0.00
nvme0n1       12764.00    199.44     0.00   0.00    0.17    16.00 6967.00    132.40  1590.00  18.58    0.04    19.46    0.00      0.00     0.00   0.00    0.00     0.00    0.00    0.00    2.36  92.40
sda              0.00      0.00     0.00   0.00    0.00     0.00    0.00      0.00     0.00   0.00    0.00     0.00    0.00      0.00     0.00   0.00    0.00     0.00    0.00    0.00    0.00   0.00


Device            r/s     rMB/s   rrqm/s  %rrqm r_await rareq-sz     w/s     wMB/s   wrqm/s  %wrqm w_await wareq-sz     d/s     dMB/s   drqm/s  %drqm d_await dareq-sz     f/s f_await  aqu-sz  %util
loop0            0.00      0.00     0.00   0.00    0.00     0.00    0.00      0.00     0.00   0.00    0.00     0.00    0.00      0.00     0.00   0.00    0.00     0.00    0.00    0.00    0.00   0.00
nvme0n1       12809.00    200.14     0.00   0.00    0.17    16.00 6894.00    131.36  1541.00  18.27    0.04    19.51    0.00      0.00     0.00   0.00    0.00     0.00    0.00    0.00    2.36  94.10
sda              0.00      0.00     0.00   0.00    0.00     0.00    0.00      0.00     0.00   0.00    0.00     0.00    0.00      0.00     0.00   0.00    0.00     0.00    0.00    0.00    0.00   0.00


Device            r/s     rMB/s   rrqm/s  %rrqm r_await rareq-sz     w/s     wMB/s   wrqm/s  %wrqm w_await wareq-sz     d/s     dMB/s   drqm/s  %drqm d_await dareq-sz     f/s f_await  aqu-sz  %util
loop0            0.00      0.00     0.00   0.00    0.00     0.00    0.00      0.00     0.00   0.00    0.00     0.00    0.00      0.00     0.00   0.00    0.00     0.00    0.00    0.00    0.00   0.00
nvme0n1       12891.00    201.42     0.00   0.00    0.17    16.00 6889.00    131.44  1560.00  18.46    0.04    19.54    0.00      0.00     0.00   0.00    0.00     0.00    0.00    0.00    2.39  92.90
sda              0.00      0.00     0.00   0.00    0.00     0.00    0.00      0.00     0.00   0.00    0.00     0.00    0.00      0.00     0.00   0.00    0.00     0.00    0.00    0.00    0.00   0.00


Device            r/s     rMB/s   rrqm/s  %rrqm r_await rareq-sz     w/s     wMB/s   wrqm/s  %wrqm w_await wareq-sz     d/s     dMB/s   drqm/s  %drqm d_await dareq-sz     f/s f_await  aqu-sz  %util
loop0            0.00      0.00     0.00   0.00    0.00     0.00    0.00      0.00     0.00   0.00    0.00     0.00    0.00      0.00     0.00   0.00    0.00     0.00    0.00    0.00    0.00   0.00
nvme0n1       12782.00    199.72     0.00   0.00    0.17    16.00 6887.00    130.82  1559.00  18.46    0.04    19.45    0.00      0.00     0.00   0.00    0.00     0.00    0.00    0.00    2.37  93.00
sda              0.00      0.00     0.00   0.00    0.00     0.00    1.00      0.00     0.00   0.00    0.00     4.00    0.00      0.00     0.00   0.00    0.00     0.00    0.00    0.00    0.00   0.00


Device            r/s     rMB/s   rrqm/s  %rrqm r_await rareq-sz     w/s     wMB/s   wrqm/s  %wrqm w_await wareq-sz     d/s     dMB/s   drqm/s  %drqm d_await dareq-sz     f/s f_await  aqu-sz  %util
loop0            0.00      0.00     0.00   0.00    0.00     0.00    0.00      0.00     0.00   0.00    0.00     0.00    0.00      0.00     0.00   0.00    0.00     0.00    0.00    0.00    0.00   0.00
nvme0n1       12724.00    198.81     0.00   0.00    0.17    16.00 7010.00    132.72  1569.00  18.29    0.04    19.39    0.00      0.00     0.00   0.00    0.00     0.00    0.00    0.00    2.36  94.80
sda              0.00      0.00     0.00   0.00    0.00     0.00   27.00      0.47    47.00  63.51    0.26    17.78    0.00      0.00     0.00   0.00    0.00     0.00    2.00    0.00    0.01   0.10


Device            r/s     rMB/s   rrqm/s  %rrqm r_await rareq-sz     w/s     wMB/s   wrqm/s  %wrqm w_await wareq-sz     d/s     dMB/s   drqm/s  %drqm d_await dareq-sz     f/s f_await  aqu-sz  %util
loop0            0.00      0.00     0.00   0.00    0.00     0.00    0.00      0.00     0.00   0.00    0.00     0.00    0.00      0.00     0.00   0.00    0.00     0.00    0.00    0.00    0.00   0.00
nvme0n1       12655.00    197.73     0.00   0.00    0.17    16.00 6979.00    133.59  1575.00  18.41    0.04    19.60    0.00      0.00     0.00   0.00    0.00     0.00    0.00    0.00    2.35  93.90
sda              0.00      0.00     0.00   0.00    0.00     0.00    0.00      0.00     0.00   0.00    0.00     0.00    0.00      0.00     0.00   0.00    0.00     0.00    0.00    0.00    0.00   0.00


Device            r/s     rMB/s   rrqm/s  %rrqm r_await rareq-sz     w/s     wMB/s   wrqm/s  %wrqm w_await wareq-sz     d/s     dMB/s   drqm/s  %drqm d_await dareq-sz     f/s f_await  aqu-sz  %util
loop0            0.00      0.00     0.00   0.00    0.00     0.00    0.00      0.00     0.00   0.00    0.00     0.00    0.00      0.00     0.00   0.00    0.00     0.00    0.00    0.00    0.00   0.00
nvme0n1       12764.00    199.44     0.00   0.00    0.17    16.00 6801.00    129.11  1536.00  18.42    0.04    19.44    0.00      0.00     0.00   0.00    0.00     0.00    0.00    0.00    2.35  93.00
sda              0.00      0.00     0.00   0.00    0.00     0.00    0.00      0.00     0.00   0.00    0.00     0.00    0.00      0.00     0.00   0.00    0.00     0.00    0.00    0.00    0.00   0.00


Device            r/s     rMB/s   rrqm/s  %rrqm r_await rareq-sz     w/s     wMB/s   wrqm/s  %wrqm w_await wareq-sz     d/s     dMB/s   drqm/s  %drqm d_await dareq-sz     f/s f_await  aqu-sz  %util
loop0            0.00      0.00     0.00   0.00    0.00     0.00    0.00      0.00     0.00   0.00    0.00     0.00    0.00      0.00     0.00   0.00    0.00     0.00    0.00    0.00    0.00   0.00
nvme0n1       12693.00    198.33     0.00   0.00    0.17    16.00 6849.00    128.75  1602.00  18.96    0.04    19.25    0.00      0.00     0.00   0.00    0.00     0.00    0.00    0.00    2.35  93.20
sda              0.00      0.00     0.00   0.00    0.00     0.00    0.00      0.00     0.00   0.00    0.00     0.00    0.00      0.00     0.00   0.00    0.00     0.00    0.00    0.00    0.00   0.00


Device            r/s     rMB/s   rrqm/s  %rrqm r_await rareq-sz     w/s     wMB/s   wrqm/s  %wrqm w_await wareq-sz     d/s     dMB/s   drqm/s  %drqm d_await dareq-sz     f/s f_await  aqu-sz  %util
loop0            0.00      0.00     0.00   0.00    0.00     0.00    0.00      0.00     0.00   0.00    0.00     0.00    0.00      0.00     0.00   0.00    0.00     0.00    0.00    0.00    0.00   0.00
nvme0n1       12712.00    198.62     0.00   0.00    0.17    16.00 6950.00    132.18  1557.00  18.30    0.04    19.47    0.00      0.00     0.00   0.00    0.00     0.00    0.00    0.00    2.37  95.10
sda              0.00      0.00     0.00   0.00    0.00     0.00    0.00      0.00     0.00   0.00    0.00     0.00    0.00      0.00     0.00   0.00    0.00     0.00    0.00    0.00    0.00   0.00


Device            r/s     rMB/s   rrqm/s  %rrqm r_await rareq-sz     w/s     wMB/s   wrqm/s  %wrqm w_await wareq-sz     d/s     dMB/s   drqm/s  %drqm d_await dareq-sz     f/s f_await  aqu-sz  %util
loop0            0.00      0.00     0.00   0.00    0.00     0.00    0.00      0.00     0.00   0.00    0.00     0.00    0.00      0.00     0.00   0.00    0.00     0.00    0.00    0.00    0.00   0.00
nvme0n1       12775.00    199.61     0.00   0.00    0.17    16.00 7025.00    133.64  1562.00  18.19    0.04    19.48    0.00      0.00     0.00   0.00    0.00     0.00    0.00    0.00    2.38  94.60
sda              0.00      0.00     0.00   0.00    0.00     0.00   30.00      0.48    46.00  60.53    0.30    16.53    0.00      0.00     0.00   0.00    0.00     0.00    2.00    0.00    0.01   0.10


Device            r/s     rMB/s   rrqm/s  %rrqm r_await rareq-sz     w/s     wMB/s   wrqm/s  %wrqm w_await wareq-sz     d/s     dMB/s   drqm/s  %drqm d_await dareq-sz     f/s f_await  aqu-sz  %util
loop0            0.00      0.00     0.00   0.00    0.00     0.00    0.00      0.00     0.00   0.00    0.00     0.00    0.00      0.00     0.00   0.00    0.00     0.00    0.00    0.00    0.00   0.00
nvme0n1       12739.00    199.05     0.00   0.00    0.17    16.00 6892.00    129.46  1593.00  18.77    0.04    19.24    0.00      0.00     0.00   0.00    0.00     0.00    0.00    0.00    2.36  93.50
sda              0.00      0.00     0.00   0.00    0.00     0.00    0.00      0.00     0.00   0.00    0.00     0.00    0.00      0.00     0.00   0.00    0.00     0.00    0.00    0.00    0.00   0.00


Device            r/s     rMB/s   rrqm/s  %rrqm r_await rareq-sz     w/s     wMB/s   wrqm/s  %wrqm w_await wareq-sz     d/s     dMB/s   drqm/s  %drqm d_await dareq-sz     f/s f_await  aqu-sz  %util
loop0            0.00      0.00     0.00   0.00    0.00     0.00    0.00      0.00     0.00   0.00    0.00     0.00    0.00      0.00     0.00   0.00    0.00     0.00    0.00    0.00    0.00   0.00
nvme0n1       12680.00    198.12     0.00   0.00    0.17    16.00 6847.00    131.06  1557.00  18.53    0.04    19.60    0.00      0.00     0.00   0.00    0.00     0.00    0.00    0.00    2.35  93.50
sda              0.00      0.00     0.00   0.00    0.00     0.00    0.00      0.00     0.00   0.00    0.00     0.00    0.00      0.00     0.00   0.00    0.00     0.00    0.00    0.00    0.00   0.00


Device            r/s     rMB/s   rrqm/s  %rrqm r_await rareq-sz     w/s     wMB/s   wrqm/s  %wrqm w_await wareq-sz     d/s     dMB/s   drqm/s  %drqm d_await dareq-sz     f/s f_await  aqu-sz  %util
loop0            0.00      0.00     0.00   0.00    0.00     0.00    0.00      0.00     0.00   0.00    0.00     0.00    0.00      0.00     0.00   0.00    0.00     0.00    0.00    0.00    0.00   0.00
nvme0n1       12520.79    195.64     0.00   0.00    0.17    16.00 6969.31    133.69  1551.49  18.21    0.04    19.64    0.00      0.00     0.00   0.00    0.00     0.00    0.00    0.00    2.34  93.66
sda              0.00      0.00     0.00   0.00    0.00     0.00    0.00      0.00     0.00   0.00    0.00     0.00    0.00      0.00     0.00   0.00    0.00     0.00    0.00    0.00    0.00   0.00


Device            r/s     rMB/s   rrqm/s  %rrqm r_await rareq-sz     w/s     wMB/s   wrqm/s  %wrqm w_await wareq-sz     d/s     dMB/s   drqm/s  %drqm d_await dareq-sz     f/s f_await  aqu-sz  %util
loop0            0.00      0.00     0.00   0.00    0.00     0.00    0.00      0.00     0.00   0.00    0.00     0.00    0.00      0.00     0.00   0.00    0.00     0.00    0.00    0.00    0.00   0.00
nvme0n1       12600.00    196.88     0.00   0.00    0.17    16.00 6969.00    134.29  1533.00  18.03    0.04    19.73    0.00      0.00     0.00   0.00    0.00     0.00    0.00    0.00    2.36  93.50
sda              0.00      0.00     0.00   0.00    0.00     0.00    0.00      0.00     0.00   0.00    0.00     0.00    0.00      0.00     0.00   0.00    0.00     0.00    0.00    0.00    0.00   0.00


Device            r/s     rMB/s   rrqm/s  %rrqm r_await rareq-sz     w/s     wMB/s   wrqm/s  %wrqm w_await wareq-sz     d/s     dMB/s   drqm/s  %drqm d_await dareq-sz     f/s f_await  aqu-sz  %util
loop0            0.00      0.00     0.00   0.00    0.00     0.00    0.00      0.00     0.00   0.00    0.00     0.00    0.00      0.00     0.00   0.00    0.00     0.00    0.00    0.00    0.00   0.00
nvme0n1       12653.00    197.70     0.00   0.00    0.17    16.00 6857.00    128.91  1567.00  18.60    0.04    19.25    0.00      0.00     0.00   0.00    0.00     0.00    0.00    0.00    2.36  93.20
sda              0.00      0.00     0.00   0.00    0.00     0.00   28.00      0.49    51.00  64.56    0.25    18.00    0.00      0.00     0.00   0.00    0.00     0.00    2.00    0.00    0.01   0.10


Device            r/s     rMB/s   rrqm/s  %rrqm r_await rareq-sz     w/s     wMB/s   wrqm/s  %wrqm w_await wareq-sz     d/s     dMB/s   drqm/s  %drqm d_await dareq-sz     f/s f_await  aqu-sz  %util
loop0            0.00      0.00     0.00   0.00    0.00     0.00    0.00      0.00     0.00   0.00    0.00     0.00    0.00      0.00     0.00   0.00    0.00     0.00    0.00    0.00    0.00   0.00
nvme0n1       12706.00    198.53     0.00   0.00    0.17    16.00 6819.00    128.57  1529.00  18.32    0.04    19.31    0.00      0.00     0.00   0.00    0.00     0.00    0.00    0.00    2.35  93.30
sda              0.00      0.00     0.00   0.00    0.00     0.00    1.00      0.00     0.00   0.00    0.00     4.00    0.00      0.00     0.00   0.00    0.00     0.00    0.00    0.00    0.00   0.00


Device            r/s     rMB/s   rrqm/s  %rrqm r_await rareq-sz     w/s     wMB/s   wrqm/s  %wrqm w_await wareq-sz     d/s     dMB/s   drqm/s  %drqm d_await dareq-sz     f/s f_await  aqu-sz  %util
loop0            0.00      0.00     0.00   0.00    0.00     0.00    0.00      0.00     0.00   0.00    0.00     0.00    0.00      0.00     0.00   0.00    0.00     0.00    0.00    0.00    0.00   0.00
nvme0n1       12748.00    199.19     0.00   0.00    0.17    16.00 6958.00    133.12  1534.00  18.06    0.04    19.59    0.00      0.00     0.00   0.00    0.00     0.00    0.00    0.00    2.38  93.80
sda              0.00      0.00     0.00   0.00    0.00     0.00    0.00      0.00     0.00   0.00    0.00     0.00    0.00      0.00     0.00   0.00    0.00     0.00    0.00    0.00    0.00   0.00


Device            r/s     rMB/s   rrqm/s  %rrqm r_await rareq-sz     w/s     wMB/s   wrqm/s  %wrqm w_await wareq-sz     d/s     dMB/s   drqm/s  %drqm d_await dareq-sz     f/s f_await  aqu-sz  %util
loop0            0.00      0.00     0.00   0.00    0.00     0.00    0.00      0.00     0.00   0.00    0.00     0.00    0.00      0.00     0.00   0.00    0.00     0.00    0.00    0.00    0.00   0.00
nvme0n1       12747.00    199.17     0.00   0.00    0.17    16.00 7024.00    134.12  1550.00  18.08    0.04    19.55    0.00      0.00     0.00   0.00    0.00     0.00    0.00    0.00    2.38  93.80
sda              0.00      0.00     0.00   0.00    0.00     0.00    0.00      0.00     0.00   0.00    0.00     0.00    0.00      0.00     0.00   0.00    0.00     0.00    0.00    0.00    0.00   0.00


Device            r/s     rMB/s   rrqm/s  %rrqm r_await rareq-sz     w/s     wMB/s   wrqm/s  %wrqm w_await wareq-sz     d/s     dMB/s   drqm/s  %drqm d_await dareq-sz     f/s f_await  aqu-sz  %util
loop0            0.00      0.00     0.00   0.00    0.00     0.00    0.00      0.00     0.00   0.00    0.00     0.00    0.00      0.00     0.00   0.00    0.00     0.00    0.00    0.00    0.00   0.00
nvme0n1       12793.00    199.89     0.00   0.00    0.17    16.00 6760.00    127.03  1545.00  18.60    0.04    19.24    0.00      0.00     0.00   0.00    0.00     0.00    0.00    0.00    2.36  94.20
sda              0.00      0.00     0.00   0.00    0.00     0.00    0.00      0.00     0.00   0.00    0.00     0.00    0.00      0.00     0.00   0.00    0.00     0.00    0.00    0.00    0.00   0.00


Device            r/s     rMB/s   rrqm/s  %rrqm r_await rareq-sz     w/s     wMB/s   wrqm/s  %wrqm w_await wareq-sz     d/s     dMB/s   drqm/s  %drqm d_await dareq-sz     f/s f_await  aqu-sz  %util
loop0            0.00      0.00     0.00   0.00    0.00     0.00    0.00      0.00     0.00   0.00    0.00     0.00    0.00      0.00     0.00   0.00    0.00     0.00    0.00    0.00    0.00   0.00
nvme0n1       12626.00    197.28     0.00   0.00    0.17    16.00 7023.00    134.44  1545.00  18.03    0.04    19.60    0.00      0.00     0.00   0.00    0.00     0.00    0.00    0.00    2.36  94.10
sda              0.00      0.00     0.00   0.00    0.00     0.00    2.00      0.13    32.00  94.12    0.00    68.00    0.00      0.00     0.00   0.00    0.00     0.00    2.00    0.00    0.00   0.00


Device            r/s     rMB/s   rrqm/s  %rrqm r_await rareq-sz     w/s     wMB/s   wrqm/s  %wrqm w_await wareq-sz     d/s     dMB/s   drqm/s  %drqm d_await dareq-sz     f/s f_await  aqu-sz  %util
loop0            0.00      0.00     0.00   0.00    0.00     0.00    0.00      0.00     0.00   0.00    0.00     0.00    0.00      0.00     0.00   0.00    0.00     0.00    0.00    0.00    0.00   0.00
nvme0n1       12591.00    196.73     0.00   0.00    0.17    16.00 6860.00    130.88  1522.00  18.16    0.04    19.54    0.00      0.00     0.00   0.00    0.00     0.00    0.00    0.00    2.35  93.00
sda              0.00      0.00     0.00   0.00    0.00     0.00   65.00      0.50    17.00  20.73    0.18     7.88    0.00      0.00     0.00   0.00    0.00     0.00    0.00    0.00    0.01   0.10


Device            r/s     rMB/s   rrqm/s  %rrqm r_await rareq-sz     w/s     wMB/s   wrqm/s  %wrqm w_await wareq-sz     d/s     dMB/s   drqm/s  %drqm d_await dareq-sz     f/s f_await  aqu-sz  %util
loop0            0.00      0.00     0.00   0.00    0.00     0.00    0.00      0.00     0.00   0.00    0.00     0.00    0.00      0.00     0.00   0.00    0.00     0.00    0.00    0.00    0.00   0.00
nvme0n1       12683.00    198.17     0.00   0.00    0.17    16.00 7157.00    137.90  1571.00  18.00    0.04    19.73    0.00      0.00     0.00   0.00    0.00     0.00    0.00    0.00    2.38  93.50
sda              0.00      0.00     0.00   0.00    0.00     0.00    1.00      0.00     0.00   0.00    0.00     4.00    0.00      0.00     0.00   0.00    0.00     0.00    0.00    0.00    0.00   0.00


Device            r/s     rMB/s   rrqm/s  %rrqm r_await rareq-sz     w/s     wMB/s   wrqm/s  %wrqm w_await wareq-sz     d/s     dMB/s   drqm/s  %drqm d_await dareq-sz     f/s f_await  aqu-sz  %util
loop0            0.00      0.00     0.00   0.00    0.00     0.00    0.00      0.00     0.00   0.00    0.00     0.00    0.00      0.00     0.00   0.00    0.00     0.00    0.00    0.00    0.00   0.00
nvme0n1       12522.00    195.66     0.00   0.00    0.17    16.00 6706.00    127.40  1500.00  18.28    0.04    19.45    0.00      0.00     0.00   0.00    0.00     0.00    0.00    0.00    2.32  93.80
sda              0.00      0.00     0.00   0.00    0.00     0.00    0.00      0.00     0.00   0.00    0.00     0.00    0.00      0.00     0.00   0.00    0.00     0.00    0.00    0.00    0.00   0.00


Device            r/s     rMB/s   rrqm/s  %rrqm r_await rareq-sz     w/s     wMB/s   wrqm/s  %wrqm w_await wareq-sz     d/s     dMB/s   drqm/s  %drqm d_await dareq-sz     f/s f_await  aqu-sz  %util
loop0            0.00      0.00     0.00   0.00    0.00     0.00    0.00      0.00     0.00   0.00    0.00     0.00    0.00      0.00     0.00   0.00    0.00     0.00    0.00    0.00    0.00   0.00
nvme0n1       12356.00    193.06     0.00   0.00    0.17    16.00 6902.00    132.88  1508.00  17.93    0.04    19.71    0.00      0.00     0.00   0.00    0.00     0.00    0.00    0.00    2.31  92.10
sda              0.00      0.00     0.00   0.00    0.00     0.00    0.00      0.00     0.00   0.00    0.00     0.00    0.00      0.00     0.00   0.00    0.00     0.00    0.00    0.00    0.00   0.00


Device            r/s     rMB/s   rrqm/s  %rrqm r_await rareq-sz     w/s     wMB/s   wrqm/s  %wrqm w_await wareq-sz     d/s     dMB/s   drqm/s  %drqm d_await dareq-sz     f/s f_await  aqu-sz  %util
loop0            0.00      0.00     0.00   0.00    0.00     0.00    0.00      0.00     0.00   0.00    0.00     0.00    0.00      0.00     0.00   0.00    0.00     0.00    0.00    0.00    0.00   0.00
nvme0n1       12616.00    197.12     0.00   0.00    0.17    16.00 6846.00    130.68  1538.00  18.34    0.04    19.55    0.00      0.00     0.00   0.00    0.00     0.00    0.00    0.00    2.35  93.00
sda              0.00      0.00     0.00   0.00    0.00     0.00   32.00      0.27    36.00  52.94    0.09     8.75    0.00      0.00     0.00   0.00    0.00     0.00    2.00    0.00    0.00   0.10


Device            r/s     rMB/s   rrqm/s  %rrqm r_await rareq-sz     w/s     wMB/s   wrqm/s  %wrqm w_await wareq-sz     d/s     dMB/s   drqm/s  %drqm d_await dareq-sz     f/s f_await  aqu-sz  %util
loop0            0.00      0.00     0.00   0.00    0.00     0.00    0.00      0.00     0.00   0.00    0.00     0.00    0.00      0.00     0.00   0.00    0.00     0.00    0.00    0.00    0.00   0.00
nvme0n1       12605.00    196.95     0.00   0.00    0.17    16.00 7083.00    135.62  1544.00  17.90    0.04    19.61    0.00      0.00     0.00   0.00    0.00     0.00    0.00    0.00    2.36  94.60
sda              0.00      0.00     0.00   0.00    0.00     0.00   27.00      0.34    12.00  30.77    0.33    12.74    0.00      0.00     0.00   0.00    0.00     0.00    0.00    0.00    0.01   0.10


Device            r/s     rMB/s   rrqm/s  %rrqm r_await rareq-sz     w/s     wMB/s   wrqm/s  %wrqm w_await wareq-sz     d/s     dMB/s   drqm/s  %drqm d_await dareq-sz     f/s f_await  aqu-sz  %util
loop0            0.00      0.00     0.00   0.00    0.00     0.00    0.00      0.00     0.00   0.00    0.00     0.00    0.00      0.00     0.00   0.00    0.00     0.00    0.00    0.00    0.00   0.00
nvme0n1       12606.00    196.97     0.00   0.00    0.17    16.00 6917.00    131.14  1510.00  17.92    0.04    19.41    0.00      0.00     0.00   0.00    0.00     0.00    0.00    0.00    2.33  92.80
sda              0.00      0.00     0.00   0.00    0.00     0.00    0.00      0.00     0.00   0.00    0.00     0.00    0.00      0.00     0.00   0.00    0.00     0.00    0.00    0.00    0.00   0.00


Device            r/s     rMB/s   rrqm/s  %rrqm r_await rareq-sz     w/s     wMB/s   wrqm/s  %wrqm w_await wareq-sz     d/s     dMB/s   drqm/s  %drqm d_await dareq-sz     f/s f_await  aqu-sz  %util
loop0            0.00      0.00     0.00   0.00    0.00     0.00    0.00      0.00     0.00   0.00    0.00     0.00    0.00      0.00     0.00   0.00    0.00     0.00    0.00    0.00    0.00   0.00
nvme0n1       12846.00    200.72     0.00   0.00    0.17    16.00 6888.00    129.09  1595.00  18.80    0.04    19.19    0.00      0.00     0.00   0.00    0.00     0.00    0.00    0.00    2.38  94.30
sda              0.00      0.00     0.00   0.00    0.00     0.00    1.00      0.00     0.00   0.00    0.00     4.00    0.00      0.00     0.00   0.00    0.00     0.00    0.00    0.00    0.00   0.00


Device            r/s     rMB/s   rrqm/s  %rrqm r_await rareq-sz     w/s     wMB/s   wrqm/s  %wrqm w_await wareq-sz     d/s     dMB/s   drqm/s  %drqm d_await dareq-sz     f/s f_await  aqu-sz  %util
loop0            0.00      0.00     0.00   0.00    0.00     0.00    0.00      0.00     0.00   0.00    0.00     0.00    0.00      0.00     0.00   0.00    0.00     0.00    0.00    0.00    0.00   0.00
nvme0n1       12579.00    196.55     0.00   0.00    0.16    16.00 7054.00    135.67  1532.00  17.84    0.04    19.69    0.00      0.00     0.00   0.00    0.00     0.00    0.00    0.00    2.32  93.80
sda              0.00      0.00     0.00   0.00    0.00     0.00    0.00      0.00     0.00   0.00    0.00     0.00    0.00      0.00     0.00   0.00    0.00     0.00    0.00    0.00    0.00   0.00


Device            r/s     rMB/s   rrqm/s  %rrqm r_await rareq-sz     w/s     wMB/s   wrqm/s  %wrqm w_await wareq-sz     d/s     dMB/s   drqm/s  %drqm d_await dareq-sz     f/s f_await  aqu-sz  %util
loop0            0.00      0.00     0.00   0.00    0.00     0.00    0.00      0.00     0.00   0.00    0.00     0.00    0.00      0.00     0.00   0.00    0.00     0.00    0.00    0.00    0.00   0.00
nvme0n1       12615.00    197.11     0.00   0.00    0.17    16.00 6803.00    128.45  1545.00  18.51    0.04    19.33    0.00      0.00     0.00   0.00    0.00     0.00    0.00    0.00    2.33  93.40
sda              0.00      0.00     0.00   0.00    0.00     0.00    2.00      0.16    39.00  95.12    0.50    82.00    0.00      0.00     0.00   0.00    0.00     0.00    2.00    0.00    0.00   0.10


Device            r/s     rMB/s   rrqm/s  %rrqm r_await rareq-sz     w/s     wMB/s   wrqm/s  %wrqm w_await wareq-sz     d/s     dMB/s   drqm/s  %drqm d_await dareq-sz     f/s f_await  aqu-sz  %util
loop0            0.00      0.00     0.00   0.00    0.00     0.00    0.00      0.00     0.00   0.00    0.00     0.00    0.00      0.00     0.00   0.00    0.00     0.00    0.00    0.00    0.00   0.00
nvme0n1       12600.00    196.88     0.00   0.00    0.17    16.00 6951.00    131.87  1580.00  18.52    0.04    19.43    0.00      0.00     0.00   0.00    0.00     0.00    0.00    0.00    2.35  93.30
sda              0.00      0.00     0.00   0.00    0.00     0.00   25.00      0.32    14.00  35.90    0.28    13.28    0.00      0.00     0.00   0.00    0.00     0.00    0.00    0.00    0.01   0.00


Device            r/s     rMB/s   rrqm/s  %rrqm r_await rareq-sz     w/s     wMB/s   wrqm/s  %wrqm w_await wareq-sz     d/s     dMB/s   drqm/s  %drqm d_await dareq-sz     f/s f_await  aqu-sz  %util
loop0            0.00      0.00     0.00   0.00    0.00     0.00    0.00      0.00     0.00   0.00    0.00     0.00    0.00      0.00     0.00   0.00    0.00     0.00    0.00    0.00    0.00   0.00
nvme0n1       12621.00    197.22     0.00   0.00    0.17    16.00 6893.00    130.56  1526.00  18.13    0.04    19.40    0.00      0.00     0.00   0.00    0.00     0.00    0.00    0.00    2.35  93.60
sda              0.00      0.00     0.00   0.00    0.00     0.00    0.00      0.00     0.00   0.00    0.00     0.00    0.00      0.00     0.00   0.00    0.00     0.00    0.00    0.00    0.00   0.00


Device            r/s     rMB/s   rrqm/s  %rrqm r_await rareq-sz     w/s     wMB/s   wrqm/s  %wrqm w_await wareq-sz     d/s     dMB/s   drqm/s  %drqm d_await dareq-sz     f/s f_await  aqu-sz  %util
loop0            0.00      0.00     0.00   0.00    0.00     0.00    0.00      0.00     0.00   0.00    0.00     0.00    0.00      0.00     0.00   0.00    0.00     0.00    0.00    0.00    0.00   0.00
nvme0n1       12822.00    200.33     0.00   0.00    0.17    16.00 6877.00    130.30  1577.00  18.65    0.04    19.40    0.00      0.00     0.00   0.00    0.00     0.00    0.00    0.00    2.38  94.30
sda              0.00      0.00     0.00   0.00    0.00     0.00    0.00      0.00     0.00   0.00    0.00     0.00    0.00      0.00     0.00   0.00    0.00     0.00    0.00    0.00    0.00   0.00


Device            r/s     rMB/s   rrqm/s  %rrqm r_await rareq-sz     w/s     wMB/s   wrqm/s  %wrqm w_await wareq-sz     d/s     dMB/s   drqm/s  %drqm d_await dareq-sz     f/s f_await  aqu-sz  %util
loop0            0.00      0.00     0.00   0.00    0.00     0.00    0.00      0.00     0.00   0.00    0.00     0.00    0.00      0.00     0.00   0.00    0.00     0.00    0.00    0.00    0.00   0.00
nvme0n1       12791.00    199.86     0.00   0.00    0.17    16.00 7032.00    134.38  1566.00  18.21    0.04    19.57    0.00      0.00     0.00   0.00    0.00     0.00    0.00    0.00    2.38  92.90
sda              0.00      0.00     0.00   0.00    0.00     0.00    1.00      0.00     0.00   0.00    0.00     4.00    0.00      0.00     0.00   0.00    0.00     0.00    0.00    0.00    0.00   0.00


Device            r/s     rMB/s   rrqm/s  %rrqm r_await rareq-sz     w/s     wMB/s   wrqm/s  %wrqm w_await wareq-sz     d/s     dMB/s   drqm/s  %drqm d_await dareq-sz     f/s f_await  aqu-sz  %util
loop0            0.00      0.00     0.00   0.00    0.00     0.00    0.00      0.00     0.00   0.00    0.00     0.00    0.00      0.00     0.00   0.00    0.00     0.00    0.00    0.00    0.00   0.00
nvme0n1       12789.00    199.83     0.00   0.00    0.17    16.00 7010.00    132.48  1585.00  18.44    0.04    19.35    0.00      0.00     0.00   0.00    0.00     0.00    0.00    0.00    2.38  94.90
sda              0.00      0.00     0.00   0.00    0.00     0.00    2.00      0.16    39.00  95.12    0.50    82.00    0.00      0.00     0.00   0.00    0.00     0.00    2.00    0.00    0.00   0.10


Device            r/s     rMB/s   rrqm/s  %rrqm r_await rareq-sz     w/s     wMB/s   wrqm/s  %wrqm w_await wareq-sz     d/s     dMB/s   drqm/s  %drqm d_await dareq-sz     f/s f_await  aqu-sz  %util
loop0            0.00      0.00     0.00   0.00    0.00     0.00    0.00      0.00     0.00   0.00    0.00     0.00    0.00      0.00     0.00   0.00    0.00     0.00    0.00    0.00    0.00   0.00
nvme0n1       12823.00    200.36     0.00   0.00    0.17    16.00 7056.00    134.41  1591.00  18.40    0.04    19.51    0.00      0.00     0.00   0.00    0.00     0.00    0.00    0.00    2.39  95.60
sda              0.00      0.00     0.00   0.00    0.00     0.00   26.00      0.32    12.00  31.58    0.23    12.77    0.00      0.00     0.00   0.00    0.00     0.00    0.00    0.00    0.01   0.00


Device            r/s     rMB/s   rrqm/s  %rrqm r_await rareq-sz     w/s     wMB/s   wrqm/s  %wrqm w_await wareq-sz     d/s     dMB/s   drqm/s  %drqm d_await dareq-sz     f/s f_await  aqu-sz  %util
loop0            0.00      0.00     0.00   0.00    0.00     0.00    0.00      0.00     0.00   0.00    0.00     0.00    0.00      0.00     0.00   0.00    0.00     0.00    0.00    0.00    0.00   0.00
nvme0n1       12989.00    202.95     0.00   0.00    0.17    16.00 6927.00    129.72  1570.00  18.48    0.04    19.18    0.00      0.00     0.00   0.00    0.00     0.00    0.00    0.00    2.41  96.30
sda              0.00      0.00     0.00   0.00    0.00     0.00    0.00      0.00     0.00   0.00    0.00     0.00    0.00      0.00     0.00   0.00    0.00     0.00    0.00    0.00    0.00   0.00


Device            r/s     rMB/s   rrqm/s  %rrqm r_await rareq-sz     w/s     wMB/s   wrqm/s  %wrqm w_await wareq-sz     d/s     dMB/s   drqm/s  %drqm d_await dareq-sz     f/s f_await  aqu-sz  %util
loop0            0.00      0.00     0.00   0.00    0.00     0.00    0.00      0.00     0.00   0.00    0.00     0.00    0.00      0.00     0.00   0.00    0.00     0.00    0.00    0.00    0.00   0.00
nvme0n1       12703.00    198.48     0.00   0.00    0.17    16.00 7057.00    134.43  1576.00  18.26    0.04    19.51    0.00      0.00     0.00   0.00    0.00     0.00    0.00    0.00    2.37  94.40
sda              0.00      0.00     0.00   0.00    0.00     0.00    0.00      0.00     0.00   0.00    0.00     0.00    0.00      0.00     0.00   0.00    0.00     0.00    0.00    0.00    0.00   0.00


Device            r/s     rMB/s   rrqm/s  %rrqm r_await rareq-sz     w/s     wMB/s   wrqm/s  %wrqm w_await wareq-sz     d/s     dMB/s   drqm/s  %drqm d_await dareq-sz     f/s f_await  aqu-sz  %util
loop0            0.00      0.00     0.00   0.00    0.00     0.00    0.00      0.00     0.00   0.00    0.00     0.00    0.00      0.00     0.00   0.00    0.00     0.00    0.00    0.00    0.00   0.00
nvme0n1       12566.00    196.34     0.00   0.00    0.17    16.00 6622.00    125.38  1540.00  18.87    0.04    19.39    0.00      0.00     0.00   0.00    0.00     0.00    0.00    0.00    2.33  94.20
sda              0.00      0.00     0.00   0.00    0.00     0.00    0.00      0.00     0.00   0.00    0.00     0.00    0.00      0.00     0.00   0.00    0.00     0.00    0.00    0.00    0.00   0.00


Device            r/s     rMB/s   rrqm/s  %rrqm r_await rareq-sz     w/s     wMB/s   wrqm/s  %wrqm w_await wareq-sz     d/s     dMB/s   drqm/s  %drqm d_await dareq-sz     f/s f_await  aqu-sz  %util
loop0            0.00      0.00     0.00   0.00    0.00     0.00    0.00      0.00     0.00   0.00    0.00     0.00    0.00      0.00     0.00   0.00    0.00     0.00    0.00    0.00    0.00   0.00
nvme0n1       12792.00    199.88     0.00   0.00    0.17    16.00 7043.00    133.41  1566.00  18.19    0.04    19.40    0.00      0.00     0.00   0.00    0.00     0.00    0.00    0.00    2.39  94.10
sda              0.00      0.00     0.00   0.00    0.00     0.00    3.00      0.16    37.00  92.50    0.33    53.33    0.00      0.00     0.00   0.00    0.00     0.00    2.00    0.00    0.00   0.00


Device            r/s     rMB/s   rrqm/s  %rrqm r_await rareq-sz     w/s     wMB/s   wrqm/s  %wrqm w_await wareq-sz     d/s     dMB/s   drqm/s  %drqm d_await dareq-sz     f/s f_await  aqu-sz  %util
loop0            0.00      0.00     0.00   0.00    0.00     0.00    0.00      0.00     0.00   0.00    0.00     0.00    0.00      0.00     0.00   0.00    0.00     0.00    0.00    0.00    0.00   0.00
nvme0n1       12833.00    200.53     0.00   0.00    0.17    16.00 6930.00    133.54  1504.00  17.83    0.04    19.73    0.00      0.00     0.00   0.00    0.00     0.00    0.00    0.00    2.38  94.80
sda              0.00      0.00     0.00   0.00    0.00     0.00   25.00      0.33    13.00  34.21    0.28    13.44    0.00      0.00     0.00   0.00    0.00     0.00    0.00    0.00    0.01   0.10


Device            r/s     rMB/s   rrqm/s  %rrqm r_await rareq-sz     w/s     wMB/s   wrqm/s  %wrqm w_await wareq-sz     d/s     dMB/s   drqm/s  %drqm d_await dareq-sz     f/s f_await  aqu-sz  %util
loop0            0.00      0.00     0.00   0.00    0.00     0.00    0.00      0.00     0.00   0.00    0.00     0.00    0.00      0.00     0.00   0.00    0.00     0.00    0.00    0.00    0.00   0.00
nvme0n1       12876.00    201.17     0.00   0.00    0.17    16.00 7038.00    132.31  1604.00  18.56    0.04    19.25    0.00      0.00     0.00   0.00    0.00     0.00    0.00    0.00    2.39  94.20
sda              0.00      0.00     0.00   0.00    0.00     0.00    0.00      0.00     0.00   0.00    0.00     0.00    0.00      0.00     0.00   0.00    0.00     0.00    0.00    0.00    0.00   0.00


Device            r/s     rMB/s   rrqm/s  %rrqm r_await rareq-sz     w/s     wMB/s   wrqm/s  %wrqm w_await wareq-sz     d/s     dMB/s   drqm/s  %drqm d_await dareq-sz     f/s f_await  aqu-sz  %util
loop0            0.00      0.00     0.00   0.00    0.00     0.00    0.00      0.00     0.00   0.00    0.00     0.00    0.00      0.00     0.00   0.00    0.00     0.00    0.00    0.00    0.00   0.00
nvme0n1       12719.00    198.73     0.00   0.00    0.17    16.00 6887.00    129.73  1564.00  18.51    0.04    19.29    0.00      0.00     0.00   0.00    0.00     0.00    0.00    0.00    2.35  93.00
sda              0.00      0.00     0.00   0.00    0.00     0.00    0.00      0.00     0.00   0.00    0.00     0.00    0.00      0.00     0.00   0.00    0.00     0.00    0.00    0.00    0.00   0.00


Device            r/s     rMB/s   rrqm/s  %rrqm r_await rareq-sz     w/s     wMB/s   wrqm/s  %wrqm w_await wareq-sz     d/s     dMB/s   drqm/s  %drqm d_await dareq-sz     f/s f_await  aqu-sz  %util
loop0            0.00      0.00     0.00   0.00    0.00     0.00    0.00      0.00     0.00   0.00    0.00     0.00    0.00      0.00     0.00   0.00    0.00     0.00    0.00    0.00    0.00   0.00
nvme0n1       12806.00    200.09     0.00   0.00    0.17    16.00 7227.00    139.36  1572.00  17.87    0.04    19.75    0.00      0.00     0.00   0.00    0.00     0.00    0.00    0.00    2.39  92.80
sda              0.00      0.00     0.00   0.00    0.00     0.00    0.00      0.00     0.00   0.00    0.00     0.00    0.00      0.00     0.00   0.00    0.00     0.00    0.00    0.00    0.00   0.00


Device            r/s     rMB/s   rrqm/s  %rrqm r_await rareq-sz     w/s     wMB/s   wrqm/s  %wrqm w_await wareq-sz     d/s     dMB/s   drqm/s  %drqm d_await dareq-sz     f/s f_await  aqu-sz  %util
loop0            0.00      0.00     0.00   0.00    0.00     0.00    0.00      0.00     0.00   0.00    0.00     0.00    0.00      0.00     0.00   0.00    0.00     0.00    0.00    0.00    0.00   0.00
nvme0n1       12893.00    201.45     0.00   0.00    0.17    16.00 6896.00    129.37  1568.00  18.53    0.04    19.21    0.00      0.00     0.00   0.00    0.00     0.00    0.00    0.00    2.39  94.20
sda              0.00      0.00     0.00   0.00    0.00     0.00    3.00      0.16    37.00  92.50    0.00    53.33    0.00      0.00     0.00   0.00    0.00     0.00    2.00    0.00    0.00   0.00


Device            r/s     rMB/s   rrqm/s  %rrqm r_await rareq-sz     w/s     wMB/s   wrqm/s  %wrqm w_await wareq-sz     d/s     dMB/s   drqm/s  %drqm d_await dareq-sz     f/s f_await  aqu-sz  %util
loop0            0.00      0.00     0.00   0.00    0.00     0.00    0.00      0.00     0.00   0.00    0.00     0.00    0.00      0.00     0.00   0.00    0.00     0.00    0.00    0.00    0.00   0.00
nvme0n1       12685.00    198.20     0.00   0.00    0.17    16.00 7002.00    133.10  1571.00  18.32    0.04    19.47    0.00      0.00     0.00   0.00    0.00     0.00    0.00    0.00    2.36  94.20
sda              0.00      0.00     0.00   0.00    0.00     0.00   27.00      0.34    12.00  30.77    0.26    12.74    0.00      0.00     0.00   0.00    0.00     0.00    0.00    0.00    0.01   0.10


Device            r/s     rMB/s   rrqm/s  %rrqm r_await rareq-sz     w/s     wMB/s   wrqm/s  %wrqm w_await wareq-sz     d/s     dMB/s   drqm/s  %drqm d_await dareq-sz     f/s f_await  aqu-sz  %util
loop0            0.00      0.00     0.00   0.00    0.00     0.00    0.00      0.00     0.00   0.00    0.00     0.00    0.00      0.00     0.00   0.00    0.00     0.00    0.00    0.00    0.00   0.00
nvme0n1       12925.00    201.95     0.00   0.00    0.17    16.00 6999.00    132.26  1615.00  18.75    0.04    19.35    0.00      0.00     0.00   0.00    0.00     0.00    0.00    0.00    2.40  93.90
sda              0.00      0.00     0.00   0.00    0.00     0.00    0.00      0.00     0.00   0.00    0.00     0.00    0.00      0.00     0.00   0.00    0.00     0.00    0.00    0.00    0.00   0.00


Device            r/s     rMB/s   rrqm/s  %rrqm r_await rareq-sz     w/s     wMB/s   wrqm/s  %wrqm w_await wareq-sz     d/s     dMB/s   drqm/s  %drqm d_await dareq-sz     f/s f_await  aqu-sz  %util
loop0            0.00      0.00     0.00   0.00    0.00     0.00    0.00      0.00     0.00   0.00    0.00     0.00    0.00      0.00     0.00   0.00    0.00     0.00    0.00    0.00    0.00   0.00
nvme0n1       12789.00    199.84     0.00   0.00    0.17    16.00 7077.00    135.55  1573.00  18.18    0.04    19.61    0.00      0.00     0.00   0.00    0.00     0.00    0.00    0.00    2.39  94.70
sda              0.00      0.00     0.00   0.00    0.00     0.00    0.00      0.00     0.00   0.00    0.00     0.00    0.00      0.00     0.00   0.00    0.00     0.00    0.00    0.00    0.00   0.00


Device            r/s     rMB/s   rrqm/s  %rrqm r_await rareq-sz     w/s     wMB/s   wrqm/s  %wrqm w_await wareq-sz     d/s     dMB/s   drqm/s  %drqm d_await dareq-sz     f/s f_await  aqu-sz  %util
loop0            0.00      0.00     0.00   0.00    0.00     0.00    0.00      0.00     0.00   0.00    0.00     0.00    0.00      0.00     0.00   0.00    0.00     0.00    0.00    0.00    0.00   0.00
nvme0n1       12844.00    200.67     0.00   0.00    0.17    16.00 7033.00    134.70  1541.00  17.97    0.04    19.61    0.00      0.00     0.00   0.00    0.00     0.00    0.00    0.00    2.39  94.50
sda              0.00      0.00     0.00   0.00    0.00     0.00    0.00      0.00     0.00   0.00    0.00     0.00    0.00      0.00     0.00   0.00    0.00     0.00    0.00    0.00    0.00   0.00


Device            r/s     rMB/s   rrqm/s  %rrqm r_await rareq-sz     w/s     wMB/s   wrqm/s  %wrqm w_await wareq-sz     d/s     dMB/s   drqm/s  %drqm d_await dareq-sz     f/s f_await  aqu-sz  %util
loop0            0.00      0.00     0.00   0.00    0.00     0.00    0.00      0.00     0.00   0.00    0.00     0.00    0.00      0.00     0.00   0.00    0.00     0.00    0.00    0.00    0.00   0.00
nvme0n1       12954.00    202.42     0.00   0.00    0.17    16.00 7131.00    136.75  1573.00  18.07    0.04    19.64    0.00      0.00     0.00   0.00    0.00     0.00    0.00    0.00    2.41  95.10
sda              0.00      0.00     0.00   0.00    0.00     0.00    2.00      0.16    38.00  95.00    0.50    80.00    0.00      0.00     0.00   0.00    0.00     0.00    2.00    0.00    0.00   0.10


Device            r/s     rMB/s   rrqm/s  %rrqm r_await rareq-sz     w/s     wMB/s   wrqm/s  %wrqm w_await wareq-sz     d/s     dMB/s   drqm/s  %drqm d_await dareq-sz     f/s f_await  aqu-sz  %util
loop0            0.00      0.00     0.00   0.00    0.00     0.00    0.00      0.00     0.00   0.00    0.00     0.00    0.00      0.00     0.00   0.00    0.00     0.00    0.00    0.00    0.00   0.00
nvme0n1       13104.00    204.73     0.00   0.00    0.17    16.00 6815.00    128.95  1571.00  18.73    0.04    19.38    0.00      0.00     0.00   0.00    0.00     0.00    0.00    0.00    2.42  94.00
sda              0.00      0.00     0.00   0.00    0.00     0.00   25.00      0.34    13.00  34.21    0.24    13.92    0.00      0.00     0.00   0.00    0.00     0.00    0.00    0.00    0.01   0.00


Device            r/s     rMB/s   rrqm/s  %rrqm r_await rareq-sz     w/s     wMB/s   wrqm/s  %wrqm w_await wareq-sz     d/s     dMB/s   drqm/s  %drqm d_await dareq-sz     f/s f_await  aqu-sz  %util
loop0            0.00      0.00     0.00   0.00    0.00     0.00    0.00      0.00     0.00   0.00    0.00     0.00    0.00      0.00     0.00   0.00    0.00     0.00    0.00    0.00    0.00   0.00
nvme0n1       12938.00    202.16     0.00   0.00    0.17    16.00 7052.00    135.45  1597.00  18.46    0.04    19.67    0.00      0.00     0.00   0.00    0.00     0.00    0.00    0.00    2.40  94.10
sda              0.00      0.00     0.00   0.00    0.00     0.00    1.00      0.00     0.00   0.00    0.00     4.00    0.00      0.00     0.00   0.00    0.00     0.00    0.00    0.00    0.00   0.00


Device            r/s     rMB/s   rrqm/s  %rrqm r_await rareq-sz     w/s     wMB/s   wrqm/s  %wrqm w_await wareq-sz     d/s     dMB/s   drqm/s  %drqm d_await dareq-sz     f/s f_await  aqu-sz  %util
loop0            0.00      0.00     0.00   0.00    0.00     0.00    0.00      0.00     0.00   0.00    0.00     0.00    0.00      0.00     0.00   0.00    0.00     0.00    0.00    0.00    0.00   0.00
nvme0n1       13088.00    204.50     0.00   0.00    0.17    16.00 6916.00    131.16  1590.00  18.69    0.04    19.42    0.00      0.00     0.00   0.00    0.00     0.00    0.00    0.00    2.43  94.10
sda              0.00      0.00     0.00   0.00    0.00     0.00    0.00      0.00     0.00   0.00    0.00     0.00    0.00      0.00     0.00   0.00    0.00     0.00    0.00    0.00    0.00   0.00


Device            r/s     rMB/s   rrqm/s  %rrqm r_await rareq-sz     w/s     wMB/s   wrqm/s  %wrqm w_await wareq-sz     d/s     dMB/s   drqm/s  %drqm d_await dareq-sz     f/s f_await  aqu-sz  %util
loop0            0.00      0.00     0.00   0.00    0.00     0.00    0.00      0.00     0.00   0.00    0.00     0.00    0.00      0.00     0.00   0.00    0.00     0.00    0.00    0.00    0.00   0.00
nvme0n1       13008.00    203.25     0.00   0.00    0.17    16.00 6961.00    131.85  1591.00  18.60    0.04    19.40    0.00      0.00     0.00   0.00    0.00     0.00    0.00    0.00    2.42  94.00
sda              0.00      0.00     0.00   0.00    0.00     0.00    0.00      0.00     0.00   0.00    0.00     0.00    0.00      0.00     0.00   0.00    0.00     0.00    0.00    0.00    0.00   0.00


Device            r/s     rMB/s   rrqm/s  %rrqm r_await rareq-sz     w/s     wMB/s   wrqm/s  %wrqm w_await wareq-sz     d/s     dMB/s   drqm/s  %drqm d_await dareq-sz     f/s f_await  aqu-sz  %util
loop0            0.00      0.00     0.00   0.00    0.00     0.00    0.00      0.00     0.00   0.00    0.00     0.00    0.00      0.00     0.00   0.00    0.00     0.00    0.00    0.00    0.00   0.00
nvme0n1       12910.00    201.72     0.00   0.00    0.16    16.00 7065.00    135.41  1547.00  17.96    0.04    19.63    0.00      0.00     0.00   0.00    0.00     0.00    0.00    0.00    2.39  94.30
sda              0.00      0.00     0.00   0.00    0.00     0.00    3.00      0.24    44.00  93.62    0.33    82.67    0.00      0.00     0.00   0.00    0.00     0.00    2.00    0.50    0.00   0.10


Device            r/s     rMB/s   rrqm/s  %rrqm r_await rareq-sz     w/s     wMB/s   wrqm/s  %wrqm w_await wareq-sz     d/s     dMB/s   drqm/s  %drqm d_await dareq-sz     f/s f_await  aqu-sz  %util
loop0            0.00      0.00     0.00   0.00    0.00     0.00    0.00      0.00     0.00   0.00    0.00     0.00    0.00      0.00     0.00   0.00    0.00     0.00    0.00    0.00    0.00   0.00
nvme0n1       12952.00    202.38     0.00   0.00    0.17    16.00 7181.00    136.41  1633.00  18.53    0.04    19.45    0.00      0.00     0.00   0.00    0.00     0.00    0.00    0.00    2.41  93.90
sda              0.00      0.00     0.00   0.00    0.00     0.00   74.00      0.54    18.00  19.57    0.26     7.41    0.00      0.00     0.00   0.00    0.00     0.00    0.00    0.00    0.02   0.00


Device            r/s     rMB/s   rrqm/s  %rrqm r_await rareq-sz     w/s     wMB/s   wrqm/s  %wrqm w_await wareq-sz     d/s     dMB/s   drqm/s  %drqm d_await dareq-sz     f/s f_await  aqu-sz  %util
loop0            0.00      0.00     0.00   0.00    0.00     0.00    0.00      0.00     0.00   0.00    0.00     0.00    0.00      0.00     0.00   0.00    0.00     0.00    0.00    0.00    0.00   0.00
nvme0n1       13023.00    203.48     0.00   0.00    0.17    16.00 7091.00    135.36  1578.00  18.20    0.04    19.55    0.00      0.00     0.00   0.00    0.00     0.00    0.00    0.00    2.42  94.80
sda              0.00      0.00     0.00   0.00    0.00     0.00    0.00      0.00     0.00   0.00    0.00     0.00    0.00      0.00     0.00   0.00    0.00     0.00    0.00    0.00    0.00   0.00


Device            r/s     rMB/s   rrqm/s  %rrqm r_await rareq-sz     w/s     wMB/s   wrqm/s  %wrqm w_await wareq-sz     d/s     dMB/s   drqm/s  %drqm d_await dareq-sz     f/s f_await  aqu-sz  %util
loop0            0.00      0.00     0.00   0.00    0.00     0.00    0.00      0.00     0.00   0.00    0.00     0.00    0.00      0.00     0.00   0.00    0.00     0.00    0.00    0.00    0.00   0.00
nvme0n1       13184.00    206.02     0.00   0.00    0.17    16.00 6811.00    126.89  1622.00  19.23    0.04    19.08    0.00      0.00     0.00   0.00    0.00     0.00    0.00    0.00    2.43  95.60
sda              0.00      0.00     0.00   0.00    0.00     0.00    1.00      0.00     0.00   0.00    0.00     4.00    0.00      0.00     0.00   0.00    0.00     0.00    0.00    0.00    0.00   0.00


Device            r/s     rMB/s   rrqm/s  %rrqm r_await rareq-sz     w/s     wMB/s   wrqm/s  %wrqm w_await wareq-sz     d/s     dMB/s   drqm/s  %drqm d_await dareq-sz     f/s f_await  aqu-sz  %util
loop0            0.00      0.00     0.00   0.00    0.00     0.00    0.00      0.00     0.00   0.00    0.00     0.00    0.00      0.00     0.00   0.00    0.00     0.00    0.00    0.00    0.00   0.00
nvme0n1       12978.00    202.77     0.00   0.00    0.17    16.00 7265.00    139.14  1620.00  18.23    0.04    19.61    0.00      0.00     0.00   0.00    0.00     0.00    0.00    0.00    2.42  94.30
sda              0.00      0.00     0.00   0.00    0.00     0.00    0.00      0.00     0.00   0.00    0.00     0.00    0.00      0.00     0.00   0.00    0.00     0.00    0.00    0.00    0.00   0.00


Device            r/s     rMB/s   rrqm/s  %rrqm r_await rareq-sz     w/s     wMB/s   wrqm/s  %wrqm w_await wareq-sz     d/s     dMB/s   drqm/s  %drqm d_await dareq-sz     f/s f_await  aqu-sz  %util
loop0            0.00      0.00     0.00   0.00    0.00     0.00    0.00      0.00     0.00   0.00    0.00     0.00    0.00      0.00     0.00   0.00    0.00     0.00    0.00    0.00    0.00   0.00
nvme0n1       13109.00    204.83     0.00   0.00    0.17    16.00 6825.00    127.14  1617.00  19.15    0.04    19.08    0.00      0.00     0.00   0.00    0.00     0.00    0.00    0.00    2.41  94.70
sda              0.00      0.00     0.00   0.00    0.00     0.00    2.00      0.16    39.00  95.12    0.50    82.00    0.00      0.00     0.00   0.00    0.00     0.00    2.00    0.00    0.00   0.10


Device            r/s     rMB/s   rrqm/s  %rrqm r_await rareq-sz     w/s     wMB/s   wrqm/s  %wrqm w_await wareq-sz     d/s     dMB/s   drqm/s  %drqm d_await dareq-sz     f/s f_await  aqu-sz  %util
loop0            0.00      0.00     0.00   0.00    0.00     0.00    0.00      0.00     0.00   0.00    0.00     0.00    0.00      0.00     0.00   0.00    0.00     0.00    0.00    0.00    0.00   0.00
nvme0n1       13017.00    203.39     0.00   0.00    0.17    16.00 7031.00    132.89  1619.00  18.72    0.04    19.35    0.00      0.00     0.00   0.00    0.00     0.00    0.00    0.00    2.41  94.70
sda              0.00      0.00     0.00   0.00    0.00     0.00    0.00      0.00     0.00   0.00    0.00     0.00    0.00      0.00     0.00   0.00    0.00     0.00    0.00    0.00    0.00   0.00


Device            r/s     rMB/s   rrqm/s  %rrqm r_await rareq-sz     w/s     wMB/s   wrqm/s  %wrqm w_await wareq-sz     d/s     dMB/s   drqm/s  %drqm d_await dareq-sz     f/s f_await  aqu-sz  %util
loop0            0.00      0.00     0.00   0.00    0.00     0.00    0.00      0.00     0.00   0.00    0.00     0.00    0.00      0.00     0.00   0.00    0.00     0.00    0.00    0.00    0.00   0.00
nvme0n1       12935.00    202.11     0.00   0.00    0.17    16.00 7089.00    136.39  1597.00  18.39    0.04    19.70    0.00      0.00     0.00   0.00    0.00     0.00    0.00    0.00    2.40  93.50
sda              0.00      0.00     0.00   0.00    0.00     0.00   26.00      0.34    12.00  31.58    0.19    13.38    0.00      0.00     0.00   0.00    0.00     0.00    0.00    0.00    0.01   0.10


Device            r/s     rMB/s   rrqm/s  %rrqm r_await rareq-sz     w/s     wMB/s   wrqm/s  %wrqm w_await wareq-sz     d/s     dMB/s   drqm/s  %drqm d_await dareq-sz     f/s f_await  aqu-sz  %util
loop0            0.00      0.00     0.00   0.00    0.00     0.00    0.00      0.00     0.00   0.00    0.00     0.00    0.00      0.00     0.00   0.00    0.00     0.00    0.00    0.00    0.00   0.00
nvme0n1       13028.00    203.56     0.00   0.00    0.17    16.00 6938.00    131.86  1563.00  18.39    0.04    19.46    0.00      0.00     0.00   0.00    0.00     0.00    0.00    0.00    2.41  93.90
sda              0.00      0.00     0.00   0.00    0.00     0.00    0.00      0.00     0.00   0.00    0.00     0.00    0.00      0.00     0.00   0.00    0.00     0.00    0.00    0.00    0.00   0.00


Device            r/s     rMB/s   rrqm/s  %rrqm r_await rareq-sz     w/s     wMB/s   wrqm/s  %wrqm w_await wareq-sz     d/s     dMB/s   drqm/s  %drqm d_await dareq-sz     f/s f_await  aqu-sz  %util
loop0            0.00      0.00     0.00   0.00    0.00     0.00    0.00      0.00     0.00   0.00    0.00     0.00    0.00      0.00     0.00   0.00    0.00     0.00    0.00    0.00    0.00   0.00
nvme0n1       12901.00    201.58     0.00   0.00    0.17    16.00 7012.00    135.83  1523.00  17.84    0.04    19.84    0.00      0.00     0.00   0.00    0.00     0.00    0.00    0.00    2.39  92.60
sda              0.00      0.00     0.00   0.00    0.00     0.00    1.00      0.00     0.00   0.00    0.00     4.00    0.00      0.00     0.00   0.00    0.00     0.00    0.00    0.00    0.00   0.00


Device            r/s     rMB/s   rrqm/s  %rrqm r_await rareq-sz     w/s     wMB/s   wrqm/s  %wrqm w_await wareq-sz     d/s     dMB/s   drqm/s  %drqm d_await dareq-sz     f/s f_await  aqu-sz  %util
loop0            0.00      0.00     0.00   0.00    0.00     0.00    0.00      0.00     0.00   0.00    0.00     0.00    0.00      0.00     0.00   0.00    0.00     0.00    0.00    0.00    0.00   0.00
nvme0n1       12794.00    199.91     0.00   0.00    0.17    16.00 7015.00    133.40  1554.00  18.14    0.04    19.47    0.00      0.00     0.00   0.00    0.00     0.00    0.00    0.00    2.39  94.70
sda              0.00      0.00     0.00   0.00    0.00     0.00    2.00      0.15    37.00  94.87    0.50    78.00    0.00      0.00     0.00   0.00    0.00     0.00    2.00    0.00    0.00   0.00


Device            r/s     rMB/s   rrqm/s  %rrqm r_await rareq-sz     w/s     wMB/s   wrqm/s  %wrqm w_await wareq-sz     d/s     dMB/s   drqm/s  %drqm d_await dareq-sz     f/s f_await  aqu-sz  %util
loop0            0.00      0.00     0.00   0.00    0.00     0.00    0.00      0.00     0.00   0.00    0.00     0.00    0.00      0.00     0.00   0.00    0.00     0.00    0.00    0.00    0.00   0.00
nvme0n1       12862.00    200.97     0.00   0.00    0.17    16.00 6799.00    127.54  1553.00  18.59    0.04    19.21    0.00      0.00     0.00   0.00    0.00     0.00    0.00    0.00    2.38  94.70
sda              0.00      0.00     0.00   0.00    0.00     0.00    0.00      0.00     0.00   0.00    0.00     0.00    0.00      0.00     0.00   0.00    0.00     0.00    0.00    0.00    0.00   0.00


Device            r/s     rMB/s   rrqm/s  %rrqm r_await rareq-sz     w/s     wMB/s   wrqm/s  %wrqm w_await wareq-sz     d/s     dMB/s   drqm/s  %drqm d_await dareq-sz     f/s f_await  aqu-sz  %util
loop0            0.00      0.00     0.00   0.00    0.00     0.00    0.00      0.00     0.00   0.00    0.00     0.00    0.00      0.00     0.00   0.00    0.00     0.00    0.00    0.00    0.00   0.00
nvme0n1       12808.00    200.13     0.00   0.00    0.16    16.00 7081.00    135.38  1560.00  18.05    0.04    19.58    0.00      0.00     0.00   0.00    0.00     0.00    0.00    0.00    2.36  94.60
sda              0.00      0.00     0.00   0.00    0.00     0.00   26.00      0.32    13.00  33.33    0.23    12.77    0.00      0.00     0.00   0.00    0.00     0.00    0.00    0.00    0.01   0.10


Device            r/s     rMB/s   rrqm/s  %rrqm r_await rareq-sz     w/s     wMB/s   wrqm/s  %wrqm w_await wareq-sz     d/s     dMB/s   drqm/s  %drqm d_await dareq-sz     f/s f_await  aqu-sz  %util
loop0            0.00      0.00     0.00   0.00    0.00     0.00    0.00      0.00     0.00   0.00    0.00     0.00    0.00      0.00     0.00   0.00    0.00     0.00    0.00    0.00    0.00   0.00
nvme0n1       12895.00    201.48     0.00   0.00    0.17    16.00 6947.00    131.69  1567.00  18.40    0.04    19.41    0.00      0.00     0.00   0.00    0.00     0.00    0.00    0.00    2.40  93.80
sda              0.00      0.00     0.00   0.00    0.00     0.00    0.00      0.00     0.00   0.00    0.00     0.00    0.00      0.00     0.00   0.00    0.00     0.00    0.00    0.00    0.00   0.00


Device            r/s     rMB/s   rrqm/s  %rrqm r_await rareq-sz     w/s     wMB/s   wrqm/s  %wrqm w_await wareq-sz     d/s     dMB/s   drqm/s  %drqm d_await dareq-sz     f/s f_await  aqu-sz  %util
loop0            0.00      0.00     0.00   0.00    0.00     0.00    0.00      0.00     0.00   0.00    0.00     0.00    0.00      0.00     0.00   0.00    0.00     0.00    0.00    0.00    0.00   0.00
nvme0n1       12846.00    200.72     0.00   0.00    0.17    16.00 6941.00    132.09  1571.00  18.46    0.04    19.49    0.00      0.00     0.00   0.00    0.00     0.00    0.00    0.00    2.39  95.30
sda              0.00      0.00     0.00   0.00    0.00     0.00    0.00      0.00     0.00   0.00    0.00     0.00    0.00      0.00     0.00   0.00    0.00     0.00    0.00    0.00    0.00   0.00


Device            r/s     rMB/s   rrqm/s  %rrqm r_await rareq-sz     w/s     wMB/s   wrqm/s  %wrqm w_await wareq-sz     d/s     dMB/s   drqm/s  %drqm d_await dareq-sz     f/s f_await  aqu-sz  %util
loop0            0.00      0.00     0.00   0.00    0.00     0.00    0.00      0.00     0.00   0.00    0.00     0.00    0.00      0.00     0.00   0.00    0.00     0.00    0.00    0.00    0.00   0.00
nvme0n1       12708.00    198.58     0.00   0.00    0.17    16.00 7070.00    134.70  1583.00  18.29    0.04    19.51    0.00      0.00     0.00   0.00    0.00     0.00    0.00    0.00    2.36  94.10
sda              0.00      0.00     0.00   0.00    0.00     0.00    3.00      0.16    38.00  92.68    0.33    54.67    0.00      0.00     0.00   0.00    0.00     0.00    2.00    0.00    0.00   0.00


Device            r/s     rMB/s   rrqm/s  %rrqm r_await rareq-sz     w/s     wMB/s   wrqm/s  %wrqm w_await wareq-sz     d/s     dMB/s   drqm/s  %drqm d_await dareq-sz     f/s f_await  aqu-sz  %util
loop0            0.00      0.00     0.00   0.00    0.00     0.00    0.00      0.00     0.00   0.00    0.00     0.00    0.00      0.00     0.00   0.00    0.00     0.00    0.00    0.00    0.00   0.00
nvme0n1       12802.00    200.02     0.00   0.00    0.17    16.00 6882.00    129.78  1520.00  18.09    0.04    19.31    0.00      0.00     0.00   0.00    0.00     0.00    0.00    0.00    2.38  94.00
sda              0.00      0.00     0.00   0.00    0.00     0.00    0.00      0.00     0.00   0.00    0.00     0.00    0.00      0.00     0.00   0.00    0.00     0.00    0.00    0.00    0.00   0.00


Device            r/s     rMB/s   rrqm/s  %rrqm r_await rareq-sz     w/s     wMB/s   wrqm/s  %wrqm w_await wareq-sz     d/s     dMB/s   drqm/s  %drqm d_await dareq-sz     f/s f_await  aqu-sz  %util
loop0            0.00      0.00     0.00   0.00    0.00     0.00    0.00      0.00     0.00   0.00    0.00     0.00    0.00      0.00     0.00   0.00    0.00     0.00    0.00    0.00    0.00   0.00
nvme0n1       12698.00    198.41     0.00   0.00    0.17    16.00 7029.00    134.29  1576.00  18.31    0.04    19.56    0.00      0.00     0.00   0.00    0.00     0.00    0.00    0.00    2.38  93.20
sda              0.00      0.00     0.00   0.00    0.00     0.00   27.00      0.32    11.00  28.95    0.22    12.15    0.00      0.00     0.00   0.00    0.00     0.00    0.00    0.00    0.01   0.00


Device            r/s     rMB/s   rrqm/s  %rrqm r_await rareq-sz     w/s     wMB/s   wrqm/s  %wrqm w_await wareq-sz     d/s     dMB/s   drqm/s  %drqm d_await dareq-sz     f/s f_await  aqu-sz  %util
loop0            0.00      0.00     0.00   0.00    0.00     0.00    0.00      0.00     0.00   0.00    0.00     0.00    0.00      0.00     0.00   0.00    0.00     0.00    0.00    0.00    0.00   0.00
nvme0n1       12636.00    197.44     0.00   0.00    0.17    16.00 6997.00    135.08  1513.00  17.78    0.04    19.77    0.00      0.00     0.00   0.00    0.00     0.00    0.00    0.00    2.35  94.70
sda              0.00      0.00     0.00   0.00    0.00     0.00    0.00      0.00     0.00   0.00    0.00     0.00    0.00      0.00     0.00   0.00    0.00     0.00    0.00    0.00    0.00   0.00


Device            r/s     rMB/s   rrqm/s  %rrqm r_await rareq-sz     w/s     wMB/s   wrqm/s  %wrqm w_await wareq-sz     d/s     dMB/s   drqm/s  %drqm d_await dareq-sz     f/s f_await  aqu-sz  %util
loop0            0.00      0.00     0.00   0.00    0.00     0.00    0.00      0.00     0.00   0.00    0.00     0.00    0.00      0.00     0.00   0.00    0.00     0.00    0.00    0.00    0.00   0.00
nvme0n1       12688.00    198.25     0.00   0.00    0.17    16.00 6769.00    127.58  1558.00  18.71    0.04    19.30    0.00      0.00     0.00   0.00    0.00     0.00    0.00    0.00    2.36  94.00
sda              0.00      0.00     0.00   0.00    0.00     0.00    0.00      0.00     0.00   0.00    0.00     0.00    0.00      0.00     0.00   0.00    0.00     0.00    0.00    0.00    0.00   0.00


Device            r/s     rMB/s   rrqm/s  %rrqm r_await rareq-sz     w/s     wMB/s   wrqm/s  %wrqm w_await wareq-sz     d/s     dMB/s   drqm/s  %drqm d_await dareq-sz     f/s f_await  aqu-sz  %util
loop0            0.00      0.00     0.00   0.00    0.00     0.00    0.00      0.00     0.00   0.00    0.00     0.00    0.00      0.00     0.00   0.00    0.00     0.00    0.00    0.00    0.00   0.00
nvme0n1       12703.00    198.48     0.00   0.00    0.17    16.00 6926.00    131.21  1598.00  18.75    0.04    19.40    0.00      0.00     0.00   0.00    0.00     0.00    0.00    0.00    2.36  94.50
sda              0.00      0.00     0.00   0.00    0.00     0.00    2.00      0.15    36.00  94.74    0.50    76.00    0.00      0.00     0.00   0.00    0.00     0.00    2.00    0.00    0.00   0.10


Device            r/s     rMB/s   rrqm/s  %rrqm r_await rareq-sz     w/s     wMB/s   wrqm/s  %wrqm w_await wareq-sz     d/s     dMB/s   drqm/s  %drqm d_await dareq-sz     f/s f_await  aqu-sz  %util
loop0            0.00      0.00     0.00   0.00    0.00     0.00    0.00      0.00     0.00   0.00    0.00     0.00    0.00      0.00     0.00   0.00    0.00     0.00    0.00    0.00    0.00   0.00
nvme0n1       12685.00    198.20     0.00   0.00    0.17    16.00 7071.00    135.04  1575.00  18.22    0.04    19.56    0.00      0.00     0.00   0.00    0.00     0.00    0.00    0.00    2.38  94.80
sda              0.00      0.00     0.00   0.00    0.00     0.00    1.00      0.00     0.00   0.00    0.00     4.00    0.00      0.00     0.00   0.00    0.00     0.00    0.00    0.00    0.00   0.00


Device            r/s     rMB/s   rrqm/s  %rrqm r_await rareq-sz     w/s     wMB/s   wrqm/s  %wrqm w_await wareq-sz     d/s     dMB/s   drqm/s  %drqm d_await dareq-sz     f/s f_await  aqu-sz  %util
loop0            0.00      0.00     0.00   0.00    0.00     0.00    0.00      0.00     0.00   0.00    0.00     0.00    0.00      0.00     0.00   0.00    0.00     0.00    0.00    0.00    0.00   0.00
nvme0n1       12830.00    200.47     0.00   0.00    0.17    16.00 6911.00    131.19  1552.00  18.34    0.04    19.44    0.00      0.00     0.00   0.00    0.00     0.00    0.00    0.00    2.40  94.90
sda              0.00      0.00     0.00   0.00    0.00     0.00   26.00      0.36    13.00  33.33    0.27    14.00    0.00      0.00     0.00   0.00    0.00     0.00    0.00    0.00    0.01   0.10


Device            r/s     rMB/s   rrqm/s  %rrqm r_await rareq-sz     w/s     wMB/s   wrqm/s  %wrqm w_await wareq-sz     d/s     dMB/s   drqm/s  %drqm d_await dareq-sz     f/s f_await  aqu-sz  %util
loop0            0.00      0.00     0.00   0.00    0.00     0.00    0.00      0.00     0.00   0.00    0.00     0.00    0.00      0.00     0.00   0.00    0.00     0.00    0.00    0.00    0.00   0.00
nvme0n1       12409.00    193.89     0.00   0.00    0.17    16.00 6816.00    130.10  1506.00  18.10    0.04    19.55    0.00      0.00     0.00   0.00    0.00     0.00    0.00    0.00    2.31  92.90
sda              0.00      0.00     0.00   0.00    0.00     0.00    0.00      0.00     0.00   0.00    0.00     0.00    0.00      0.00     0.00   0.00    0.00     0.00    0.00    0.00    0.00   0.00


Device            r/s     rMB/s   rrqm/s  %rrqm r_await rareq-sz     w/s     wMB/s   wrqm/s  %wrqm w_await wareq-sz     d/s     dMB/s   drqm/s  %drqm d_await dareq-sz     f/s f_await  aqu-sz  %util
loop0            0.00      0.00     0.00   0.00    0.00     0.00    0.00      0.00     0.00   0.00    0.00     0.00    0.00      0.00     0.00   0.00    0.00     0.00    0.00    0.00    0.00   0.00
nvme0n1       12486.00    195.09     0.00   0.00    0.17    16.00 6858.00    131.09  1537.00  18.31    0.04    19.57    0.00      0.00     0.00   0.00    0.00     0.00    0.00    0.00    2.33  93.90
sda              0.00      0.00     0.00   0.00    0.00     0.00    0.00      0.00     0.00   0.00    0.00     0.00    0.00      0.00     0.00   0.00    0.00     0.00    0.00    0.00    0.00   0.00


Device            r/s     rMB/s   rrqm/s  %rrqm r_await rareq-sz     w/s     wMB/s   wrqm/s  %wrqm w_await wareq-sz     d/s     dMB/s   drqm/s  %drqm d_await dareq-sz     f/s f_await  aqu-sz  %util
loop0            0.00      0.00     0.00   0.00    0.00     0.00    0.00      0.00     0.00   0.00    0.00     0.00    0.00      0.00     0.00   0.00    0.00     0.00    0.00    0.00    0.00   0.00
nvme0n1       12548.00    196.06     0.00   0.00    0.17    16.00 6810.00    129.72  1516.00  18.21    0.04    19.51    0.00      0.00     0.00   0.00    0.00     0.00    0.00    0.00    2.34  93.50
sda              0.00      0.00     0.00   0.00    0.00     0.00    2.00      0.16    38.00  95.00    0.50    80.00    0.00      0.00     0.00   0.00    0.00     0.00    2.00    0.00    0.00   0.10


Device            r/s     rMB/s   rrqm/s  %rrqm r_await rareq-sz     w/s     wMB/s   wrqm/s  %wrqm w_await wareq-sz     d/s     dMB/s   drqm/s  %drqm d_await dareq-sz     f/s f_await  aqu-sz  %util
loop0            0.00      0.00     0.00   0.00    0.00     0.00    0.00      0.00     0.00   0.00    0.00     0.00    0.00      0.00     0.00   0.00    0.00     0.00    0.00    0.00    0.00   0.00
nvme0n1       12745.00    199.14     0.00   0.00    0.17    16.00 6929.00    130.60  1596.00  18.72    0.04    19.30    0.00      0.00     0.00   0.00    0.00     0.00    0.00    0.00    2.36  94.10
sda              0.00      0.00     0.00   0.00    0.00     0.00    0.00      0.00     0.00   0.00    0.00     0.00    0.00      0.00     0.00   0.00    0.00     0.00    0.00    0.00    0.00   0.00


Device            r/s     rMB/s   rrqm/s  %rrqm r_await rareq-sz     w/s     wMB/s   wrqm/s  %wrqm w_await wareq-sz     d/s     dMB/s   drqm/s  %drqm d_await dareq-sz     f/s f_await  aqu-sz  %util
loop0            0.00      0.00     0.00   0.00    0.00     0.00    0.00      0.00     0.00   0.00    0.00     0.00    0.00      0.00     0.00   0.00    0.00     0.00    0.00    0.00    0.00   0.00
nvme0n1       12741.00    199.08     0.00   0.00    0.17    16.00 6912.00    129.93  1572.00  18.53    0.04    19.25    0.00      0.00     0.00   0.00    0.00     0.00    0.00    0.00    2.37  94.70
sda              0.00      0.00     0.00   0.00    0.00     0.00    1.00      0.00     0.00   0.00    0.00     4.00    0.00      0.00     0.00   0.00    0.00     0.00    0.00    0.00    0.00   0.00


Device            r/s     rMB/s   rrqm/s  %rrqm r_await rareq-sz     w/s     wMB/s   wrqm/s  %wrqm w_await wareq-sz     d/s     dMB/s   drqm/s  %drqm d_await dareq-sz     f/s f_await  aqu-sz  %util
loop0            0.00      0.00     0.00   0.00    0.00     0.00    0.00      0.00     0.00   0.00    0.00     0.00    0.00      0.00     0.00   0.00    0.00     0.00    0.00    0.00    0.00   0.00
nvme0n1       12691.00    198.30     0.00   0.00    0.17    16.00 6886.00    130.17  1577.00  18.63    0.04    19.36    0.00      0.00     0.00   0.00    0.00     0.00    0.00    0.00    2.37  94.20
sda              0.00      0.00     0.00   0.00    0.00     0.00   24.00      0.33    12.00  33.33    0.33    14.17    0.00      0.00     0.00   0.00    0.00     0.00    0.00    0.00    0.01   0.10


Device            r/s     rMB/s   rrqm/s  %rrqm r_await rareq-sz     w/s     wMB/s   wrqm/s  %wrqm w_await wareq-sz     d/s     dMB/s   drqm/s  %drqm d_await dareq-sz     f/s f_await  aqu-sz  %util
loop0            0.00      0.00     0.00   0.00    0.00     0.00    0.00      0.00     0.00   0.00    0.00     0.00    0.00      0.00     0.00   0.00    0.00     0.00    0.00    0.00    0.00   0.00
nvme0n1       12740.00    199.06     0.00   0.00    0.17    16.00 7015.00    135.65  1544.00  18.04    0.04    19.80    0.00      0.00     0.00   0.00    0.00     0.00    0.00    0.00    2.38  93.30
sda              0.00      0.00     0.00   0.00    0.00     0.00    0.00      0.00     0.00   0.00    0.00     0.00    0.00      0.00     0.00   0.00    0.00     0.00    0.00    0.00    0.00   0.00


Device            r/s     rMB/s   rrqm/s  %rrqm r_await rareq-sz     w/s     wMB/s   wrqm/s  %wrqm w_await wareq-sz     d/s     dMB/s   drqm/s  %drqm d_await dareq-sz     f/s f_await  aqu-sz  %util
loop0            0.00      0.00     0.00   0.00    0.00     0.00    0.00      0.00     0.00   0.00    0.00     0.00    0.00      0.00     0.00   0.00    0.00     0.00    0.00    0.00    0.00   0.00
nvme0n1       12792.00    199.88     0.00   0.00    0.17    16.00 7033.00    132.70  1580.00  18.34    0.04    19.32    0.00      0.00     0.00   0.00    0.00     0.00    0.00    0.00    2.37  93.90
sda              0.00      0.00     0.00   0.00    0.00     0.00   65.00      0.40    32.00  32.99    0.11     6.28    0.00      0.00     0.00   0.00    0.00     0.00    2.00    0.00    0.01   0.10


Device            r/s     rMB/s   rrqm/s  %rrqm r_await rareq-sz     w/s     wMB/s   wrqm/s  %wrqm w_await wareq-sz     d/s     dMB/s   drqm/s  %drqm d_await dareq-sz     f/s f_await  aqu-sz  %util
loop0            0.00      0.00     0.00   0.00    0.00     0.00    0.00      0.00     0.00   0.00    0.00     0.00    0.00      0.00     0.00   0.00    0.00     0.00    0.00    0.00    0.00   0.00
nvme0n1       12858.00    200.91     0.00   0.00    0.17    16.00 6809.00    128.15  1551.00  18.55    0.04    19.27    0.00      0.00     0.00   0.00    0.00     0.00    0.00    0.00    2.38  94.90
sda              0.00      0.00     0.00   0.00    0.00     0.00    0.00      0.00     0.00   0.00    0.00     0.00    0.00      0.00     0.00   0.00    0.00     0.00    0.00    0.00    0.00   0.00


Device            r/s     rMB/s   rrqm/s  %rrqm r_await rareq-sz     w/s     wMB/s   wrqm/s  %wrqm w_await wareq-sz     d/s     dMB/s   drqm/s  %drqm d_await dareq-sz     f/s f_await  aqu-sz  %util
loop0            0.00      0.00     0.00   0.00    0.00     0.00    0.00      0.00     0.00   0.00    0.00     0.00    0.00      0.00     0.00   0.00    0.00     0.00    0.00    0.00    0.00   0.00
nvme0n1       12748.00    199.19     0.00   0.00    0.17    16.00 7099.00    134.86  1590.00  18.30    0.04    19.45    0.00      0.00     0.00   0.00    0.00     0.00    0.00    0.00    2.37  94.10
sda              0.00      0.00     0.00   0.00    0.00     0.00    0.00      0.00     0.00   0.00    0.00     0.00    0.00      0.00     0.00   0.00    0.00     0.00    0.00    0.00    0.00   0.00


Device            r/s     rMB/s   rrqm/s  %rrqm r_await rareq-sz     w/s     wMB/s   wrqm/s  %wrqm w_await wareq-sz     d/s     dMB/s   drqm/s  %drqm d_await dareq-sz     f/s f_await  aqu-sz  %util
loop0            0.00      0.00     0.00   0.00    0.00     0.00    0.00      0.00     0.00   0.00    0.00     0.00    0.00      0.00     0.00   0.00    0.00     0.00    0.00    0.00    0.00   0.00
nvme0n1       12909.00    201.70     0.00   0.00    0.17    16.00 6769.00    126.62  1545.00  18.58    0.04    19.15    0.00      0.00     0.00   0.00    0.00     0.00    0.00    0.00    2.38  94.30
sda              0.00      0.00     0.00   0.00    0.00     0.00   27.00      0.34    15.00  35.71    0.22    12.89    0.00      0.00     0.00   0.00    0.00     0.00    0.00    0.00    0.01   0.10


Device            r/s     rMB/s   rrqm/s  %rrqm r_await rareq-sz     w/s     wMB/s   wrqm/s  %wrqm w_await wareq-sz     d/s     dMB/s   drqm/s  %drqm d_await dareq-sz     f/s f_await  aqu-sz  %util
loop0            0.00      0.00     0.00   0.00    0.00     0.00    0.00      0.00     0.00   0.00    0.00     0.00    0.00      0.00     0.00   0.00    0.00     0.00    0.00    0.00    0.00   0.00
nvme0n1       12729.00    198.89     0.00   0.00    0.17    16.00 6998.00    132.00  1598.00  18.59    0.04    19.32    0.00      0.00     0.00   0.00    0.00     0.00    0.00    0.00    2.36  92.80
sda              0.00      0.00     0.00   0.00    0.00     0.00    0.00      0.00     0.00   0.00    0.00     0.00    0.00      0.00     0.00   0.00    0.00     0.00    0.00    0.00    0.00   0.00


Device            r/s     rMB/s   rrqm/s  %rrqm r_await rareq-sz     w/s     wMB/s   wrqm/s  %wrqm w_await wareq-sz     d/s     dMB/s   drqm/s  %drqm d_await dareq-sz     f/s f_await  aqu-sz  %util
loop0            0.00      0.00     0.00   0.00    0.00     0.00    0.00      0.00     0.00   0.00    0.00     0.00    0.00      0.00     0.00   0.00    0.00     0.00    0.00    0.00    0.00   0.00
nvme0n1       12607.00    196.98     0.00   0.00    0.17    16.00 7034.00    133.88  1584.00  18.38    0.04    19.49    0.00      0.00     0.00   0.00    0.00     0.00    0.00    0.00    2.35  93.50
sda              0.00      0.00     0.00   0.00    0.00     0.00    2.00      0.16    40.00  95.24    0.50    84.00    0.00      0.00     0.00   0.00    0.00     0.00    2.00    0.00    0.00   0.00


Device            r/s     rMB/s   rrqm/s  %rrqm r_await rareq-sz     w/s     wMB/s   wrqm/s  %wrqm w_await wareq-sz     d/s     dMB/s   drqm/s  %drqm d_await dareq-sz     f/s f_await  aqu-sz  %util
loop0            0.00      0.00     0.00   0.00    0.00     0.00    0.00      0.00     0.00   0.00    0.00     0.00    0.00      0.00     0.00   0.00    0.00     0.00    0.00    0.00    0.00   0.00
nvme0n1       12707.00    198.55     0.00   0.00    0.17    16.00 6831.00    129.18  1548.00  18.47    0.04    19.36    0.00      0.00     0.00   0.00    0.00     0.00    0.00    0.00    2.37  93.50
sda              0.00      0.00     0.00   0.00    0.00     0.00   50.00      0.22     6.00  10.71    0.18     4.48    0.00      0.00     0.00   0.00    0.00     0.00    0.00    0.00    0.01   0.10


Device            r/s     rMB/s   rrqm/s  %rrqm r_await rareq-sz     w/s     wMB/s   wrqm/s  %wrqm w_await wareq-sz     d/s     dMB/s   drqm/s  %drqm d_await dareq-sz     f/s f_await  aqu-sz  %util
loop0            0.00      0.00     0.00   0.00    0.00     0.00    0.00      0.00     0.00   0.00    0.00     0.00    0.00      0.00     0.00   0.00    0.00     0.00    0.00    0.00    0.00   0.00
nvme0n1       12843.00    200.67     0.00   0.00    0.17    16.00 6924.00    132.21  1553.00  18.32    0.04    19.55    0.00      0.00     0.00   0.00    0.00     0.00    0.00    0.00    2.39  95.60
sda              0.00      0.00     0.00   0.00    0.00     0.00    0.00      0.00     0.00   0.00    0.00     0.00    0.00      0.00     0.00   0.00    0.00     0.00    0.00    0.00    0.00   0.00


Device            r/s     rMB/s   rrqm/s  %rrqm r_await rareq-sz     w/s     wMB/s   wrqm/s  %wrqm w_await wareq-sz     d/s     dMB/s   drqm/s  %drqm d_await dareq-sz     f/s f_await  aqu-sz  %util
loop0            0.00      0.00     0.00   0.00    0.00     0.00    0.00      0.00     0.00   0.00    0.00     0.00    0.00      0.00     0.00   0.00    0.00     0.00    0.00    0.00    0.00   0.00
nvme0n1       12752.00    199.25     0.00   0.00    0.17    16.00 7004.00    133.32  1539.00  18.01    0.04    19.49    0.00      0.00     0.00   0.00    0.00     0.00    0.00    0.00    2.38  94.20
sda              0.00      0.00     0.00   0.00    0.00     0.00   26.00      0.32    12.00  31.58    0.19    12.77    0.00      0.00     0.00   0.00    0.00     0.00    0.00    0.00    0.01   0.10


Device            r/s     rMB/s   rrqm/s  %rrqm r_await rareq-sz     w/s     wMB/s   wrqm/s  %wrqm w_await wareq-sz     d/s     dMB/s   drqm/s  %drqm d_await dareq-sz     f/s f_await  aqu-sz  %util
loop0            0.00      0.00     0.00   0.00    0.00     0.00    0.00      0.00     0.00   0.00    0.00     0.00    0.00      0.00     0.00   0.00    0.00     0.00    0.00    0.00    0.00   0.00
nvme0n1       12861.00    200.95     0.00   0.00    0.17    16.00 6989.00    133.82  1580.00  18.44    0.04    19.61    0.00      0.00     0.00   0.00    0.00     0.00    0.00    0.00    2.38  93.10
sda              0.00      0.00     0.00   0.00    0.00     0.00    1.00      0.00     0.00   0.00    0.00     4.00    0.00      0.00     0.00   0.00    0.00     0.00    0.00    0.00    0.00   0.00


Device            r/s     rMB/s   rrqm/s  %rrqm r_await rareq-sz     w/s     wMB/s   wrqm/s  %wrqm w_await wareq-sz     d/s     dMB/s   drqm/s  %drqm d_await dareq-sz     f/s f_await  aqu-sz  %util
loop0            0.00      0.00     0.00   0.00    0.00     0.00    0.00      0.00     0.00   0.00    0.00     0.00    0.00      0.00     0.00   0.00    0.00     0.00    0.00    0.00    0.00   0.00
nvme0n1       12740.00    199.06     0.00   0.00    0.17    16.00 7093.00    135.31  1578.00  18.20    0.04    19.53    0.00      0.00     0.00   0.00    0.00     0.00    0.00    0.00    2.37  94.00
sda              0.00      0.00     0.00   0.00    0.00     0.00    1.00      0.15    37.00  97.37    1.00   152.00    0.00      0.00     0.00   0.00    0.00     0.00    1.00    0.00    0.00   0.00


Device            r/s     rMB/s   rrqm/s  %rrqm r_await rareq-sz     w/s     wMB/s   wrqm/s  %wrqm w_await wareq-sz     d/s     dMB/s   drqm/s  %drqm d_await dareq-sz     f/s f_await  aqu-sz  %util
loop0            0.00      0.00     0.00   0.00    0.00     0.00    0.00      0.00     0.00   0.00    0.00     0.00    0.00      0.00     0.00   0.00    0.00     0.00    0.00    0.00    0.00   0.00
nvme0n1       12574.00    196.47     0.00   0.00    0.17    16.00 6818.00    129.52  1549.00  18.51    0.04    19.45    0.00      0.00     0.00   0.00    0.00     0.00    0.00    0.00    2.33  91.90
sda              0.00      0.00     0.00   0.00    0.00     0.00    1.00      0.00     0.00   0.00    0.00     4.00    0.00      0.00     0.00   0.00    0.00     0.00    1.00    0.00    0.00   0.00


Device            r/s     rMB/s   rrqm/s  %rrqm r_await rareq-sz     w/s     wMB/s   wrqm/s  %wrqm w_await wareq-sz     d/s     dMB/s   drqm/s  %drqm d_await dareq-sz     f/s f_await  aqu-sz  %util
loop0            0.00      0.00     0.00   0.00    0.00     0.00    0.00      0.00     0.00   0.00    0.00     0.00    0.00      0.00     0.00   0.00    0.00     0.00    0.00    0.00    0.00   0.00
nvme0n1       12597.00    196.83     0.00   0.00    0.17    16.00 6901.00    131.00  1567.00  18.50    0.04    19.44    0.00      0.00     0.00   0.00    0.00     0.00    0.00    0.00    2.35  93.90
sda              0.00      0.00     0.00   0.00    0.00     0.00    0.00      0.00     0.00   0.00    0.00     0.00    0.00      0.00     0.00   0.00    0.00     0.00    0.00    0.00    0.00   0.00


Device            r/s     rMB/s   rrqm/s  %rrqm r_await rareq-sz     w/s     wMB/s   wrqm/s  %wrqm w_await wareq-sz     d/s     dMB/s   drqm/s  %drqm d_await dareq-sz     f/s f_await  aqu-sz  %util
loop0            0.00      0.00     0.00   0.00    0.00     0.00    0.00      0.00     0.00   0.00    0.00     0.00    0.00      0.00     0.00   0.00    0.00     0.00    0.00    0.00    0.00   0.00
nvme0n1       12692.00    198.31     0.00   0.00    0.16    16.00 7120.00    139.04  1530.00  17.69    0.04    20.00    0.00      0.00     0.00   0.00    0.00     0.00    0.00    0.00    2.36  93.80
sda              0.00      0.00     0.00   0.00    0.00     0.00   25.00      0.35    13.00  34.21    0.24    14.24    0.00      0.00     0.00   0.00    0.00     0.00    0.00    0.00    0.01   0.00


Device            r/s     rMB/s   rrqm/s  %rrqm r_await rareq-sz     w/s     wMB/s   wrqm/s  %wrqm w_await wareq-sz     d/s     dMB/s   drqm/s  %drqm d_await dareq-sz     f/s f_await  aqu-sz  %util
loop0            0.00      0.00     0.00   0.00    0.00     0.00    0.00      0.00     0.00   0.00    0.00     0.00    0.00      0.00     0.00   0.00    0.00     0.00    0.00    0.00    0.00   0.00
nvme0n1       12882.00    201.28     0.00   0.00    0.16    16.00 6897.00    131.36  1553.00  18.38    0.04    19.50    0.00      0.00     0.00   0.00    0.00     0.00    0.00    0.00    2.37  92.10
sda              0.00      0.00     0.00   0.00    0.00     0.00    0.00      0.00     0.00   0.00    0.00     0.00    0.00      0.00     0.00   0.00    0.00     0.00    0.00    0.00    0.00   0.00


Device            r/s     rMB/s   rrqm/s  %rrqm r_await rareq-sz     w/s     wMB/s   wrqm/s  %wrqm w_await wareq-sz     d/s     dMB/s   drqm/s  %drqm d_await dareq-sz     f/s f_await  aqu-sz  %util
loop0            0.00      0.00     0.00   0.00    0.00     0.00    0.00      0.00     0.00   0.00    0.00     0.00    0.00      0.00     0.00   0.00    0.00     0.00    0.00    0.00    0.00   0.00
nvme0n1       12807.00    200.11     0.00   0.00    0.17    16.00 6773.00    126.73  1557.00  18.69    0.04    19.16    0.00      0.00     0.00   0.00    0.00     0.00    0.00    0.00    2.37  95.10
sda              0.00      0.00     0.00   0.00    0.00     0.00    1.00      0.00     0.00   0.00    1.00     4.00    0.00      0.00     0.00   0.00    0.00     0.00    0.00    0.00    0.00   0.00


Device            r/s     rMB/s   rrqm/s  %rrqm r_await rareq-sz     w/s     wMB/s   wrqm/s  %wrqm w_await wareq-sz     d/s     dMB/s   drqm/s  %drqm d_await dareq-sz     f/s f_await  aqu-sz  %util
loop0            0.00      0.00     0.00   0.00    0.00     0.00    0.00      0.00     0.00   0.00    0.00     0.00    0.00      0.00     0.00   0.00    0.00     0.00    0.00    0.00    0.00   0.00
nvme0n1       12715.00    198.67     0.00   0.00    0.17    16.00 6832.00    127.99  1574.00  18.72    0.04    19.18    0.00      0.00     0.00   0.00    0.00     0.00    0.00    0.00    2.37  94.80
sda              0.00      0.00     0.00   0.00    0.00     0.00    2.00      0.15    36.00  94.74    0.00    76.00    0.00      0.00     0.00   0.00    0.00     0.00    2.00    0.00    0.00   0.00


Device            r/s     rMB/s   rrqm/s  %rrqm r_await rareq-sz     w/s     wMB/s   wrqm/s  %wrqm w_await wareq-sz     d/s     dMB/s   drqm/s  %drqm d_await dareq-sz     f/s f_await  aqu-sz  %util
loop0            0.00      0.00     0.00   0.00    0.00     0.00    0.00      0.00     0.00   0.00    0.00     0.00    0.00      0.00     0.00   0.00    0.00     0.00    0.00    0.00    0.00   0.00
nvme0n1       12545.00    196.02     0.00   0.00    0.17    16.00 6956.00    132.20  1534.00  18.07    0.04    19.46    0.00      0.00     0.00   0.00    0.00     0.00    0.00    0.00    2.34  94.00
sda              0.00      0.00     0.00   0.00    0.00     0.00    0.00      0.00     0.00   0.00    0.00     0.00    0.00      0.00     0.00   0.00    0.00     0.00    0.00    0.00    0.00   0.00


Device            r/s     rMB/s   rrqm/s  %rrqm r_await rareq-sz     w/s     wMB/s   wrqm/s  %wrqm w_await wareq-sz     d/s     dMB/s   drqm/s  %drqm d_await dareq-sz     f/s f_await  aqu-sz  %util
loop0            0.00      0.00     0.00   0.00    0.00     0.00    0.00      0.00     0.00   0.00    0.00     0.00    0.00      0.00     0.00   0.00    0.00     0.00    0.00    0.00    0.00   0.00
nvme0n1       12650.00    197.66     0.00   0.00    0.17    16.00 6875.00    130.24  1545.00  18.35    0.04    19.40    0.00      0.00     0.00   0.00    0.00     0.00    0.00    0.00    2.36  94.90
sda              0.00      0.00     0.00   0.00    0.00     0.00    0.00      0.00     0.00   0.00    0.00     0.00    0.00      0.00     0.00   0.00    0.00     0.00    0.00    0.00    0.00   0.00


Device            r/s     rMB/s   rrqm/s  %rrqm r_await rareq-sz     w/s     wMB/s   wrqm/s  %wrqm w_await wareq-sz     d/s     dMB/s   drqm/s  %drqm d_await dareq-sz     f/s f_await  aqu-sz  %util
loop0            0.00      0.00     0.00   0.00    0.00     0.00    0.00      0.00     0.00   0.00    0.00     0.00    0.00      0.00     0.00   0.00    0.00     0.00    0.00    0.00    0.00   0.00
nvme0n1       12673.00    198.02     0.00   0.00    0.17    16.00 6821.00    128.46  1559.00  18.60    0.04    19.29    0.00      0.00     0.00   0.00    0.00     0.00    0.00    0.00    2.36  94.80
sda              0.00      0.00     0.00   0.00    0.00     0.00   25.00      0.34    13.00  34.21    0.28    14.08    0.00      0.00     0.00   0.00    0.00     0.00    0.00    0.00    0.01   0.00


Device            r/s     rMB/s   rrqm/s  %rrqm r_await rareq-sz     w/s     wMB/s   wrqm/s  %wrqm w_await wareq-sz     d/s     dMB/s   drqm/s  %drqm d_await dareq-sz     f/s f_await  aqu-sz  %util
loop0            0.00      0.00     0.00   0.00    0.00     0.00    0.00      0.00     0.00   0.00    0.00     0.00    0.00      0.00     0.00   0.00    0.00     0.00    0.00    0.00    0.00   0.00
nvme0n1       12650.00    197.66     0.00   0.00    0.17    16.00 6857.00    130.11  1556.00  18.50    0.04    19.43    0.00      0.00     0.00   0.00    0.00     0.00    0.00    0.00    2.35  94.70
sda              0.00      0.00     0.00   0.00    0.00     0.00    0.00      0.00     0.00   0.00    0.00     0.00    0.00      0.00     0.00   0.00    0.00     0.00    0.00    0.00    0.00   0.00


Device            r/s     rMB/s   rrqm/s  %rrqm r_await rareq-sz     w/s     wMB/s   wrqm/s  %wrqm w_await wareq-sz     d/s     dMB/s   drqm/s  %drqm d_await dareq-sz     f/s f_await  aqu-sz  %util
loop0            0.00      0.00     0.00   0.00    0.00     0.00    0.00      0.00     0.00   0.00    0.00     0.00    0.00      0.00     0.00   0.00    0.00     0.00    0.00    0.00    0.00   0.00
nvme0n1       12769.00    199.52     0.00   0.00    0.17    16.00 7133.00    137.20  1574.00  18.08    0.04    19.70    0.00      0.00     0.00   0.00    0.00     0.00    0.00    0.00    2.38  93.70
sda              0.00      0.00     0.00   0.00    0.00     0.00    3.00      0.16    37.00  92.50    0.00    53.33    0.00      0.00     0.00   0.00    0.00     0.00    2.00    0.00    0.00   0.00


Device            r/s     rMB/s   rrqm/s  %rrqm r_await rareq-sz     w/s     wMB/s   wrqm/s  %wrqm w_await wareq-sz     d/s     dMB/s   drqm/s  %drqm d_await dareq-sz     f/s f_await  aqu-sz  %util
loop0            0.00      0.00     0.00   0.00    0.00     0.00    0.00      0.00     0.00   0.00    0.00     0.00    0.00      0.00     0.00   0.00    0.00     0.00    0.00    0.00    0.00   0.00
nvme0n1       12783.00    199.73     0.00   0.00    0.17    16.00 6879.00    129.84  1550.00  18.39    0.04    19.33    0.00      0.00     0.00   0.00    0.00     0.00    0.00    0.00    2.38  95.30
sda              0.00      0.00     0.00   0.00    0.00     0.00    0.00      0.00     0.00   0.00    0.00     0.00    0.00      0.00     0.00   0.00    0.00     0.00    0.00    0.00    0.00   0.00


Device            r/s     rMB/s   rrqm/s  %rrqm r_await rareq-sz     w/s     wMB/s   wrqm/s  %wrqm w_await wareq-sz     d/s     dMB/s   drqm/s  %drqm d_await dareq-sz     f/s f_await  aqu-sz  %util
loop0            0.00      0.00     0.00   0.00    0.00     0.00    0.00      0.00     0.00   0.00    0.00     0.00    0.00      0.00     0.00   0.00    0.00     0.00    0.00    0.00    0.00   0.00
nvme0n1       12701.00    198.45     0.00   0.00    0.17    16.00 6951.00    132.72  1530.00  18.04    0.04    19.55    0.00      0.00     0.00   0.00    0.00     0.00    0.00    0.00    2.37  94.00
sda              0.00      0.00     0.00   0.00    0.00     0.00    0.00      0.00     0.00   0.00    0.00     0.00    0.00      0.00     0.00   0.00    0.00     0.00    0.00    0.00    0.00   0.00


Device            r/s     rMB/s   rrqm/s  %rrqm r_await rareq-sz     w/s     wMB/s   wrqm/s  %wrqm w_await wareq-sz     d/s     dMB/s   drqm/s  %drqm d_await dareq-sz     f/s f_await  aqu-sz  %util
loop0            0.00      0.00     0.00   0.00    0.00     0.00    0.00      0.00     0.00   0.00    0.00     0.00    0.00      0.00     0.00   0.00    0.00     0.00    0.00    0.00    0.00   0.00
nvme0n1       12813.00    200.20     0.00   0.00    0.17    16.00 6824.00    129.32  1524.00  18.26    0.04    19.41    0.00      0.00     0.00   0.00    0.00     0.00    0.00    0.00    2.39  94.00
sda              0.00      0.00     0.00   0.00    0.00     0.00   26.00      0.33    14.00  35.00    0.23    12.92    0.00      0.00     0.00   0.00    0.00     0.00    0.00    0.00    0.01   0.10


Device            r/s     rMB/s   rrqm/s  %rrqm r_await rareq-sz     w/s     wMB/s   wrqm/s  %wrqm w_await wareq-sz     d/s     dMB/s   drqm/s  %drqm d_await dareq-sz     f/s f_await  aqu-sz  %util
loop0            0.00      0.00     0.00   0.00    0.00     0.00    0.00      0.00     0.00   0.00    0.00     0.00    0.00      0.00     0.00   0.00    0.00     0.00    0.00    0.00    0.00   0.00
nvme0n1       12707.00    198.55     0.00   0.00    0.17    16.00 6882.00    132.29  1473.00  17.63    0.04    19.68    0.00      0.00     0.00   0.00    0.00     0.00    0.00    0.00    2.36  93.40
sda              0.00      0.00     0.00   0.00    0.00     0.00    0.00      0.00     0.00   0.00    0.00     0.00    0.00      0.00     0.00   0.00    0.00     0.00    0.00    0.00    0.00   0.00


Device            r/s     rMB/s   rrqm/s  %rrqm r_await rareq-sz     w/s     wMB/s   wrqm/s  %wrqm w_await wareq-sz     d/s     dMB/s   drqm/s  %drqm d_await dareq-sz     f/s f_await  aqu-sz  %util
loop0            0.00      0.00     0.00   0.00    0.00     0.00    0.00      0.00     0.00   0.00    0.00     0.00    0.00      0.00     0.00   0.00    0.00     0.00    0.00    0.00    0.00   0.00
nvme0n1       12817.00    200.27     0.00   0.00    0.17    16.00 6913.00    130.70  1563.00  18.44    0.04    19.36    0.00      0.00     0.00   0.00    0.00     0.00    0.00    0.00    2.38  93.90
sda              0.00      0.00     0.00   0.00    0.00     0.00    2.00      0.18    43.00  95.56    0.00    90.00    0.00      0.00     0.00   0.00    0.00     0.00    2.00    0.00    0.00   0.00


Device            r/s     rMB/s   rrqm/s  %rrqm r_await rareq-sz     w/s     wMB/s   wrqm/s  %wrqm w_await wareq-sz     d/s     dMB/s   drqm/s  %drqm d_await dareq-sz     f/s f_await  aqu-sz  %util
loop0            0.00      0.00     0.00   0.00    0.00     0.00    0.00      0.00     0.00   0.00    0.00     0.00    0.00      0.00     0.00   0.00    0.00     0.00    0.00    0.00    0.00   0.00
nvme0n1       12709.00    198.58     0.00   0.00    0.17    16.00 7134.00    138.50  1582.00  18.15    0.04    19.88    0.00      0.00     0.00   0.00    0.00     0.00    0.00    0.00    2.36  94.50
sda              0.00      0.00     0.00   0.00    0.00     0.00    1.00      0.00     0.00   0.00    1.00     4.00    0.00      0.00     0.00   0.00    0.00     0.00    0.00    0.00    0.00   0.00


Device            r/s     rMB/s   rrqm/s  %rrqm r_await rareq-sz     w/s     wMB/s   wrqm/s  %wrqm w_await wareq-sz     d/s     dMB/s   drqm/s  %drqm d_await dareq-sz     f/s f_await  aqu-sz  %util
loop0            0.00      0.00     0.00   0.00    0.00     0.00    0.00      0.00     0.00   0.00    0.00     0.00    0.00      0.00     0.00   0.00    0.00     0.00    0.00    0.00    0.00   0.00
nvme0n1       12812.00    200.19     0.00   0.00    0.17    16.00 6909.00    130.37  1559.00  18.41    0.04    19.32    0.00      0.00     0.00   0.00    0.00     0.00    0.00    0.00    2.37  93.10
sda              0.00      0.00     0.00   0.00    0.00     0.00    0.00      0.00     0.00   0.00    0.00     0.00    0.00      0.00     0.00   0.00    0.00     0.00    0.00    0.00    0.00   0.00


Device            r/s     rMB/s   rrqm/s  %rrqm r_await rareq-sz     w/s     wMB/s   wrqm/s  %wrqm w_await wareq-sz     d/s     dMB/s   drqm/s  %drqm d_await dareq-sz     f/s f_await  aqu-sz  %util
loop0            0.00      0.00     0.00   0.00    0.00     0.00    0.00      0.00     0.00   0.00    0.00     0.00    0.00      0.00     0.00   0.00    0.00     0.00    0.00    0.00    0.00   0.00
nvme0n1       12819.00    200.30     0.00   0.00    0.17    16.00 6972.00    132.15  1608.00  18.74    0.04    19.41    0.00      0.00     0.00   0.00    0.00     0.00    0.00    0.00    2.39  93.20
sda              0.00      0.00     0.00   0.00    0.00     0.00   33.00      0.49    45.00  57.69    0.18    15.15    0.00      0.00     0.00   0.00    0.00     0.00    5.00    0.00    0.01   0.20


Device            r/s     rMB/s   rrqm/s  %rrqm r_await rareq-sz     w/s     wMB/s   wrqm/s  %wrqm w_await wareq-sz     d/s     dMB/s   drqm/s  %drqm d_await dareq-sz     f/s f_await  aqu-sz  %util
loop0            0.00      0.00     0.00   0.00    0.00     0.00    0.00      0.00     0.00   0.00    0.00     0.00    0.00      0.00     0.00   0.00    0.00     0.00    0.00    0.00    0.00   0.00
nvme0n1       12749.00    199.20     0.00   0.00    0.17    16.00 6763.00    127.04  1542.00  18.57    0.04    19.24    0.00      0.00     0.00   0.00    0.00     0.00    0.00    0.00    2.36  92.60
sda              0.00      0.00     0.00   0.00    0.00     0.00    2.00      0.07     1.00  33.33    0.00    38.00    0.00      0.00     0.00   0.00    0.00     0.00    0.00    0.00    0.00   0.00


Device            r/s     rMB/s   rrqm/s  %rrqm r_await rareq-sz     w/s     wMB/s   wrqm/s  %wrqm w_await wareq-sz     d/s     dMB/s   drqm/s  %drqm d_await dareq-sz     f/s f_await  aqu-sz  %util
loop0            0.00      0.00     0.00   0.00    0.00     0.00    0.00      0.00     0.00   0.00    0.00     0.00    0.00      0.00     0.00   0.00    0.00     0.00    0.00    0.00    0.00   0.00
nvme0n1       12821.00    200.33     0.00   0.00    0.17    16.00 6944.00    132.29  1551.00  18.26    0.04    19.51    0.00      0.00     0.00   0.00    0.00     0.00    0.00    0.00    2.40  93.50
sda              0.00      0.00     0.00   0.00    0.00     0.00    0.00      0.00     0.00   0.00    0.00     0.00    0.00      0.00     0.00   0.00    0.00     0.00    0.00    0.00    0.00   0.00


Device            r/s     rMB/s   rrqm/s  %rrqm r_await rareq-sz     w/s     wMB/s   wrqm/s  %wrqm w_await wareq-sz     d/s     dMB/s   drqm/s  %drqm d_await dareq-sz     f/s f_await  aqu-sz  %util
loop0            0.00      0.00     0.00   0.00    0.00     0.00    0.00      0.00     0.00   0.00    0.00     0.00    0.00      0.00     0.00   0.00    0.00     0.00    0.00    0.00    0.00   0.00
nvme0n1       12802.00    200.03     0.00   0.00    0.17    16.00 6816.00    129.20  1566.00  18.68    0.04    19.41    0.00      0.00     0.00   0.00    0.00     0.00    0.00    0.00    2.38  94.30
sda              0.00      0.00     0.00   0.00    0.00     0.00    0.00      0.00     0.00   0.00    0.00     0.00    0.00      0.00     0.00   0.00    0.00     0.00    0.00    0.00    0.00   0.00


Device            r/s     rMB/s   rrqm/s  %rrqm r_await rareq-sz     w/s     wMB/s   wrqm/s  %wrqm w_await wareq-sz     d/s     dMB/s   drqm/s  %drqm d_await dareq-sz     f/s f_await  aqu-sz  %util
loop0            0.00      0.00     0.00   0.00    0.00     0.00    0.00      0.00     0.00   0.00    0.00     0.00    0.00      0.00     0.00   0.00    0.00     0.00    0.00    0.00    0.00   0.00
nvme0n1       12805.00    200.08     0.00   0.00    0.17    16.00 6892.00    131.12  1559.00  18.45    0.04    19.48    0.00      0.00     0.00   0.00    0.00     0.00    0.00    0.00    2.38  93.60
sda              0.00      0.00     0.00   0.00    0.00     0.00    1.00      0.00     0.00   0.00    0.00     4.00    0.00      0.00     0.00   0.00    0.00     0.00    0.00    0.00    0.00   0.00


Device            r/s     rMB/s   rrqm/s  %rrqm r_await rareq-sz     w/s     wMB/s   wrqm/s  %wrqm w_await wareq-sz     d/s     dMB/s   drqm/s  %drqm d_await dareq-sz     f/s f_await  aqu-sz  %util
loop0            0.00      0.00     0.00   0.00    0.00     0.00    0.00      0.00     0.00   0.00    0.00     0.00    0.00      0.00     0.00   0.00    0.00     0.00    0.00    0.00    0.00   0.00
nvme0n1       12686.00    198.22     0.00   0.00    0.17    16.00 6907.00    131.18  1531.00  18.14    0.04    19.45    0.00      0.00     0.00   0.00    0.00     0.00    0.00    0.00    2.35  93.30
sda              0.00      0.00     0.00   0.00    0.00     0.00   27.00      0.48    53.00  66.25    0.26    18.37    0.00      0.00     0.00   0.00    0.00     0.00    2.00    0.00    0.01   0.10


Device            r/s     rMB/s   rrqm/s  %rrqm r_await rareq-sz     w/s     wMB/s   wrqm/s  %wrqm w_await wareq-sz     d/s     dMB/s   drqm/s  %drqm d_await dareq-sz     f/s f_await  aqu-sz  %util
loop0            0.00      0.00     0.00   0.00    0.00     0.00    0.00      0.00     0.00   0.00    0.00     0.00    0.00      0.00     0.00   0.00    0.00     0.00    0.00    0.00    0.00   0.00
nvme0n1       12832.00    200.50     0.00   0.00    0.17    16.00 6971.00    134.10  1565.00  18.33    0.04    19.70    0.00      0.00     0.00   0.00    0.00     0.00    0.00    0.00    2.39  93.20
sda              0.00      0.00     0.00   0.00    0.00     0.00    0.00      0.00     0.00   0.00    0.00     0.00    0.00      0.00     0.00   0.00    0.00     0.00    0.00    0.00    0.00   0.00


Device            r/s     rMB/s   rrqm/s  %rrqm r_await rareq-sz     w/s     wMB/s   wrqm/s  %wrqm w_await wareq-sz     d/s     dMB/s   drqm/s  %drqm d_await dareq-sz     f/s f_await  aqu-sz  %util
loop0            0.00      0.00     0.00   0.00    0.00     0.00    0.00      0.00     0.00   0.00    0.00     0.00    0.00      0.00     0.00   0.00    0.00     0.00    0.00    0.00    0.00   0.00
nvme0n1       12807.00    200.11     0.00   0.00    0.16    16.00 6855.00    130.11  1561.00  18.55    0.04    19.44    0.00      0.00     0.00   0.00    0.00     0.00    0.00    0.00    2.36  93.00
sda              0.00      0.00     0.00   0.00    0.00     0.00    0.00      0.00     0.00   0.00    0.00     0.00    0.00      0.00     0.00   0.00    0.00     0.00    0.00    0.00    0.00   0.00


Device            r/s     rMB/s   rrqm/s  %rrqm r_await rareq-sz     w/s     wMB/s   wrqm/s  %wrqm w_await wareq-sz     d/s     dMB/s   drqm/s  %drqm d_await dareq-sz     f/s f_await  aqu-sz  %util
loop0            0.00      0.00     0.00   0.00    0.00     0.00    0.00      0.00     0.00   0.00    0.00     0.00    0.00      0.00     0.00   0.00    0.00     0.00    0.00    0.00    0.00   0.00
nvme0n1       12716.00    198.69     0.00   0.00    0.17    16.00 7015.00    133.52  1561.00  18.20    0.04    19.49    0.00      0.00     0.00   0.00    0.00     0.00    0.00    0.00    2.37  93.40
sda              0.00      0.00     0.00   0.00    0.00     0.00    0.00      0.00     0.00   0.00    0.00     0.00    0.00      0.00     0.00   0.00    0.00     0.00    0.00    0.00    0.00   0.00


Device            r/s     rMB/s   rrqm/s  %rrqm r_await rareq-sz     w/s     wMB/s   wrqm/s  %wrqm w_await wareq-sz     d/s     dMB/s   drqm/s  %drqm d_await dareq-sz     f/s f_await  aqu-sz  %util
loop0            0.00      0.00     0.00   0.00    0.00     0.00    0.00      0.00     0.00   0.00    0.00     0.00    0.00      0.00     0.00   0.00    0.00     0.00    0.00    0.00    0.00   0.00
nvme0n1       12775.00    199.61     0.00   0.00    0.17    16.00 6843.00    129.61  1527.00  18.24    0.04    19.40    0.00      0.00     0.00   0.00    0.00     0.00    0.00    0.00    2.37  92.70
sda              0.00      0.00     0.00   0.00    0.00     0.00    0.00      0.00     0.00   0.00    0.00     0.00    0.00      0.00     0.00   0.00    0.00     0.00    0.00    0.00    0.00   0.00


Device            r/s     rMB/s   rrqm/s  %rrqm r_await rareq-sz     w/s     wMB/s   wrqm/s  %wrqm w_await wareq-sz     d/s     dMB/s   drqm/s  %drqm d_await dareq-sz     f/s f_await  aqu-sz  %util
loop0            0.00      0.00     0.00   0.00    0.00     0.00    0.00      0.00     0.00   0.00    0.00     0.00    0.00      0.00     0.00   0.00    0.00     0.00    0.00    0.00    0.00   0.00
nvme0n1       12491.00    195.17     0.00   0.00    0.17    16.00 6529.00    123.46  1526.00  18.94    0.04    19.36    0.00      0.00     0.00   0.00    0.00     0.00    0.00    0.00    2.32  92.70
sda              0.00      0.00     0.00   0.00    0.00     0.00   28.00      0.48    49.00  63.64    0.25    17.57    0.00      0.00     0.00   0.00    0.00     0.00    2.00    0.00    0.01   0.10


Device            r/s     rMB/s   rrqm/s  %rrqm r_await rareq-sz     w/s     wMB/s   wrqm/s  %wrqm w_await wareq-sz     d/s     dMB/s   drqm/s  %drqm d_await dareq-sz     f/s f_await  aqu-sz  %util
loop0            0.00      0.00     0.00   0.00    0.00     0.00    0.00      0.00     0.00   0.00    0.00     0.00    0.00      0.00     0.00   0.00    0.00     0.00    0.00    0.00    0.00   0.00
nvme0n1       12757.00    199.33     0.00   0.00    0.17    16.00 6949.00    132.88  1576.00  18.49    0.04    19.58    0.00      0.00     0.00   0.00    0.00     0.00    0.00    0.00    2.39  94.10
sda              0.00      0.00     0.00   0.00    0.00     0.00    0.00      0.00     0.00   0.00    0.00     0.00    0.00      0.00     0.00   0.00    0.00     0.00    0.00    0.00    0.00   0.00


Device            r/s     rMB/s   rrqm/s  %rrqm r_await rareq-sz     w/s     wMB/s   wrqm/s  %wrqm w_await wareq-sz     d/s     dMB/s   drqm/s  %drqm d_await dareq-sz     f/s f_await  aqu-sz  %util
loop0            0.00      0.00     0.00   0.00    0.00     0.00    0.00      0.00     0.00   0.00    0.00     0.00    0.00      0.00     0.00   0.00    0.00     0.00    0.00    0.00    0.00   0.00
nvme0n1       12848.00    200.75     0.00   0.00    0.17    16.00 6779.00    127.06  1588.00  18.98    0.04    19.19    0.00      0.00     0.00   0.00    0.00     0.00    0.00    0.00    2.37  94.60
sda              0.00      0.00     0.00   0.00    0.00     0.00    0.00      0.00     0.00   0.00    0.00     0.00    0.00      0.00     0.00   0.00    0.00     0.00    0.00    0.00    0.00   0.00


Device            r/s     rMB/s   rrqm/s  %rrqm r_await rareq-sz     w/s     wMB/s   wrqm/s  %wrqm w_await wareq-sz     d/s     dMB/s   drqm/s  %drqm d_await dareq-sz     f/s f_await  aqu-sz  %util
loop0            0.00      0.00     0.00   0.00    0.00     0.00    0.00      0.00     0.00   0.00    0.00     0.00    0.00      0.00     0.00   0.00    0.00     0.00    0.00    0.00    0.00   0.00
nvme0n1       12742.00    199.09     0.00   0.00    0.17    16.00 7113.00    137.52  1541.00  17.81    0.04    19.80    0.00      0.00     0.00   0.00    0.00     0.00    0.00    0.00    2.38  92.70
sda              0.00      0.00     0.00   0.00    0.00     0.00   45.00      0.20     5.00  10.00    0.20     4.44    0.00      0.00     0.00   0.00    0.00     0.00    0.00    0.00    0.01   0.00


Device            r/s     rMB/s   rrqm/s  %rrqm r_await rareq-sz     w/s     wMB/s   wrqm/s  %wrqm w_await wareq-sz     d/s     dMB/s   drqm/s  %drqm d_await dareq-sz     f/s f_await  aqu-sz  %util
loop0            0.00      0.00     0.00   0.00    0.00     0.00    0.00      0.00     0.00   0.00    0.00     0.00    0.00      0.00     0.00   0.00    0.00     0.00    0.00    0.00    0.00   0.00
nvme0n1       12754.00    199.28     0.00   0.00    0.17    16.00 6842.00    129.84  1554.00  18.51    0.04    19.43    0.00      0.00     0.00   0.00    0.00     0.00    0.00    0.00    2.37  94.40
sda              0.00      0.00     0.00   0.00    0.00     0.00    0.00      0.00     0.00   0.00    0.00     0.00    0.00      0.00     0.00   0.00    0.00     0.00    0.00    0.00    0.00   0.00


Device            r/s     rMB/s   rrqm/s  %rrqm r_await rareq-sz     w/s     wMB/s   wrqm/s  %wrqm w_await wareq-sz     d/s     dMB/s   drqm/s  %drqm d_await dareq-sz     f/s f_await  aqu-sz  %util
loop0            0.00      0.00     0.00   0.00    0.00     0.00    0.00      0.00     0.00   0.00    0.00     0.00    0.00      0.00     0.00   0.00    0.00     0.00    0.00    0.00    0.00   0.00
nvme0n1       12804.00    200.06     0.00   0.00    0.17    16.00 6817.00    128.55  1563.00  18.65    0.04    19.31    0.00      0.00     0.00   0.00    0.00     0.00    0.00    0.00    2.37  94.20
sda              0.00      0.00     0.00   0.00    0.00     0.00   27.00      0.49    53.00  66.25    0.22    18.52    0.00      0.00     0.00   0.00    0.00     0.00    2.00    0.00    0.01   0.10


Device            r/s     rMB/s   rrqm/s  %rrqm r_await rareq-sz     w/s     wMB/s   wrqm/s  %wrqm w_await wareq-sz     d/s     dMB/s   drqm/s  %drqm d_await dareq-sz     f/s f_await  aqu-sz  %util
loop0            0.00      0.00     0.00   0.00    0.00     0.00    0.00      0.00     0.00   0.00    0.00     0.00    0.00      0.00     0.00   0.00    0.00     0.00    0.00    0.00    0.00   0.00
nvme0n1       12790.00    199.84     0.00   0.00    0.17    16.00 6868.00    130.26  1563.00  18.54    0.04    19.42    0.00      0.00     0.00   0.00    0.00     0.00    0.00    0.00    2.37  94.60
sda              0.00      0.00     0.00   0.00    0.00     0.00    1.00      0.00     0.00   0.00    0.00     4.00    0.00      0.00     0.00   0.00    0.00     0.00    0.00    0.00    0.00   0.00


Device            r/s     rMB/s   rrqm/s  %rrqm r_await rareq-sz     w/s     wMB/s   wrqm/s  %wrqm w_await wareq-sz     d/s     dMB/s   drqm/s  %drqm d_await dareq-sz     f/s f_await  aqu-sz  %util
loop0            0.00      0.00     0.00   0.00    0.00     0.00    0.00      0.00     0.00   0.00    0.00     0.00    0.00      0.00     0.00   0.00    0.00     0.00    0.00    0.00    0.00   0.00
nvme0n1       12825.00    200.39     0.00   0.00    0.17    16.00 6996.00    134.13  1545.00  18.09    0.04    19.63    0.00      0.00     0.00   0.00    0.00     0.00    0.00    0.00    2.39  93.30
sda              0.00      0.00     0.00   0.00    0.00     0.00    0.00      0.00     0.00   0.00    0.00     0.00    0.00      0.00     0.00   0.00    0.00     0.00    0.00    0.00    0.00   0.00


Device            r/s     rMB/s   rrqm/s  %rrqm r_await rareq-sz     w/s     wMB/s   wrqm/s  %wrqm w_await wareq-sz     d/s     dMB/s   drqm/s  %drqm d_await dareq-sz     f/s f_await  aqu-sz  %util
loop0            0.00      0.00     0.00   0.00    0.00     0.00    0.00      0.00     0.00   0.00    0.00     0.00    0.00      0.00     0.00   0.00    0.00     0.00    0.00    0.00    0.00   0.00
nvme0n1       12807.00    200.11     0.00   0.00    0.17    16.00 6817.00    128.76  1549.00  18.52    0.04    19.34    0.00      0.00     0.00   0.00    0.00     0.00    0.00    0.00    2.38  93.50
sda              0.00      0.00     0.00   0.00    0.00     0.00    0.00      0.00     0.00   0.00    0.00     0.00    0.00      0.00     0.00   0.00    0.00     0.00    0.00    0.00    0.00   0.00


Device            r/s     rMB/s   rrqm/s  %rrqm r_await rareq-sz     w/s     wMB/s   wrqm/s  %wrqm w_await wareq-sz     d/s     dMB/s   drqm/s  %drqm d_await dareq-sz     f/s f_await  aqu-sz  %util
loop0            0.00      0.00     0.00   0.00    0.00     0.00    0.00      0.00     0.00   0.00    0.00     0.00    0.00      0.00     0.00   0.00    0.00     0.00    0.00    0.00    0.00   0.00
nvme0n1       12871.00    201.11     0.00   0.00    0.17    16.00 7015.00    133.97  1570.00  18.29    0.04    19.56    0.00      0.00     0.00   0.00    0.00     0.00    0.00    0.00    2.39  93.90
sda              0.00      0.00     0.00   0.00    0.00     0.00    0.00      0.00     0.00   0.00    0.00     0.00    0.00      0.00     0.00   0.00    0.00     0.00    0.00    0.00    0.00   0.00


Device            r/s     rMB/s   rrqm/s  %rrqm r_await rareq-sz     w/s     wMB/s   wrqm/s  %wrqm w_await wareq-sz     d/s     dMB/s   drqm/s  %drqm d_await dareq-sz     f/s f_await  aqu-sz  %util
loop0            0.00      0.00     0.00   0.00    0.00     0.00    0.00      0.00     0.00   0.00    0.00     0.00    0.00      0.00     0.00   0.00    0.00     0.00    0.00    0.00    0.00   0.00
nvme0n1       12881.00    201.27     0.00   0.00    0.17    16.00 6695.00    125.19  1572.00  19.02    0.04    19.15    0.00      0.00     0.00   0.00    0.00     0.00    0.00    0.00    2.37  93.60
sda              0.00      0.00     0.00   0.00    0.00     0.00   29.00      0.39    23.00  44.23    0.24    13.79    0.00      0.00     0.00   0.00    0.00     0.00    2.00    0.00    0.01   0.00


Device            r/s     rMB/s   rrqm/s  %rrqm r_await rareq-sz     w/s     wMB/s   wrqm/s  %wrqm w_await wareq-sz     d/s     dMB/s   drqm/s  %drqm d_await dareq-sz     f/s f_await  aqu-sz  %util
loop0            0.00      0.00     0.00   0.00    0.00     0.00    0.00      0.00     0.00   0.00    0.00     0.00    0.00      0.00     0.00   0.00    0.00     0.00    0.00    0.00    0.00   0.00
nvme0n1       12739.00    199.05     0.00   0.00    0.17    16.00 6945.00    133.63  1567.00  18.41    0.04    19.70    0.00      0.00     0.00   0.00    0.00     0.00    0.00    0.00    2.40  95.00
sda              0.00      0.00     0.00   0.00    0.00     0.00    0.00      0.00     0.00   0.00    0.00     0.00    0.00      0.00     0.00   0.00    0.00     0.00    0.00    0.00    0.00   0.00


Device            r/s     rMB/s   rrqm/s  %rrqm r_await rareq-sz     w/s     wMB/s   wrqm/s  %wrqm w_await wareq-sz     d/s     dMB/s   drqm/s  %drqm d_await dareq-sz     f/s f_await  aqu-sz  %util
loop0            0.00      0.00     0.00   0.00    0.00     0.00    0.00      0.00     0.00   0.00    0.00     0.00    0.00      0.00     0.00   0.00    0.00     0.00    0.00    0.00    0.00   0.00
nvme0n1       12555.00    196.17     0.00   0.00    0.17    16.00 6866.00    130.57  1539.00  18.31    0.04    19.47    0.00      0.00     0.00   0.00    0.00     0.00    0.00    0.00    2.33  93.80
sda              0.00      0.00     0.00   0.00    0.00     0.00    1.00      0.00     0.00   0.00    0.00     4.00    0.00      0.00     0.00   0.00    0.00     0.00    0.00    0.00    0.00   0.00


Device            r/s     rMB/s   rrqm/s  %rrqm r_await rareq-sz     w/s     wMB/s   wrqm/s  %wrqm w_await wareq-sz     d/s     dMB/s   drqm/s  %drqm d_await dareq-sz     f/s f_await  aqu-sz  %util
loop0            0.00      0.00     0.00   0.00    0.00     0.00    0.00      0.00     0.00   0.00    0.00     0.00    0.00      0.00     0.00   0.00    0.00     0.00    0.00    0.00    0.00   0.00
nvme0n1       12606.00    196.97     0.00   0.00    0.17    16.00 6850.00    130.46  1545.00  18.40    0.04    19.50    0.00      0.00     0.00   0.00    0.00     0.00    0.00    0.00    2.35  93.70
sda              0.00      0.00     0.00   0.00    0.00     0.00    0.00      0.00     0.00   0.00    0.00     0.00    0.00      0.00     0.00   0.00    0.00     0.00    0.00    0.00    0.00   0.00


Device            r/s     rMB/s   rrqm/s  %rrqm r_await rareq-sz     w/s     wMB/s   wrqm/s  %wrqm w_await wareq-sz     d/s     dMB/s   drqm/s  %drqm d_await dareq-sz     f/s f_await  aqu-sz  %util
loop0            0.00      0.00     0.00   0.00    0.00     0.00    0.00      0.00     0.00   0.00    0.00     0.00    0.00      0.00     0.00   0.00    0.00     0.00    0.00    0.00    0.00   0.00
nvme0n1       12794.00    199.91     0.00   0.00    0.17    16.00 6959.00    132.72  1547.00  18.19    0.04    19.53    0.00      0.00     0.00   0.00    0.00     0.00    0.00    0.00    2.38  94.20
sda              0.00      0.00     0.00   0.00    0.00     0.00    0.00      0.00     0.00   0.00    0.00     0.00    0.00      0.00     0.00   0.00    0.00     0.00    0.00    0.00    0.00   0.00


Device            r/s     rMB/s   rrqm/s  %rrqm r_await rareq-sz     w/s     wMB/s   wrqm/s  %wrqm w_await wareq-sz     d/s     dMB/s   drqm/s  %drqm d_await dareq-sz     f/s f_await  aqu-sz  %util
loop0            0.00      0.00     0.00   0.00    0.00     0.00    0.00      0.00     0.00   0.00    0.00     0.00    0.00      0.00     0.00   0.00    0.00     0.00    0.00    0.00    0.00   0.00
nvme0n1       12832.00    200.52     0.00   0.00    0.17    16.00 6919.00    130.52  1584.00  18.63    0.04    19.32    0.00      0.00     0.00   0.00    0.00     0.00    0.00    0.00    2.38  93.20
sda              0.00      0.00     0.00   0.00    0.00     0.00   27.00      0.49    51.00  65.38    0.26    18.52    0.00      0.00     0.00   0.00    0.00     0.00    2.00    0.00    0.01   0.10


Device            r/s     rMB/s   rrqm/s  %rrqm r_await rareq-sz     w/s     wMB/s   wrqm/s  %wrqm w_await wareq-sz     d/s     dMB/s   drqm/s  %drqm d_await dareq-sz     f/s f_await  aqu-sz  %util
loop0            0.00      0.00     0.00   0.00    0.00     0.00    0.00      0.00     0.00   0.00    0.00     0.00    0.00      0.00     0.00   0.00    0.00     0.00    0.00    0.00    0.00   0.00
nvme0n1       12748.00    199.17     0.00   0.00    0.17    16.00 6884.00    129.98  1585.00  18.72    0.04    19.33    0.00      0.00     0.00   0.00    0.00     0.00    0.00    0.00    2.38  94.90
sda              0.00      0.00     0.00   0.00    0.00     0.00    0.00      0.00     0.00   0.00    0.00     0.00    0.00      0.00     0.00   0.00    0.00     0.00    0.00    0.00    0.00   0.00


Device            r/s     rMB/s   rrqm/s  %rrqm r_await rareq-sz     w/s     wMB/s   wrqm/s  %wrqm w_await wareq-sz     d/s     dMB/s   drqm/s  %drqm d_await dareq-sz     f/s f_await  aqu-sz  %util
loop0            0.00      0.00     0.00   0.00    0.00     0.00    0.00      0.00     0.00   0.00    0.00     0.00    0.00      0.00     0.00   0.00    0.00     0.00    0.00    0.00    0.00   0.00
nvme0n1       12620.00    197.19     0.00   0.00    0.17    16.00 6857.00    130.56  1535.00  18.29    0.04    19.50    0.00      0.00     0.00   0.00    0.00     0.00    0.00    0.00    2.35  93.80
sda              0.00      0.00     0.00   0.00    0.00     0.00    7.00      0.03     0.00   0.00    0.00     4.00    0.00      0.00     0.00   0.00    0.00     0.00    0.00    0.00    0.00   0.20


Device            r/s     rMB/s   rrqm/s  %rrqm r_await rareq-sz     w/s     wMB/s   wrqm/s  %wrqm w_await wareq-sz     d/s     dMB/s   drqm/s  %drqm d_await dareq-sz     f/s f_await  aqu-sz  %util
loop0            0.00      0.00     0.00   0.00    0.00     0.00    0.00      0.00     0.00   0.00    0.00     0.00    0.00      0.00     0.00   0.00    0.00     0.00    0.00    0.00    0.00   0.00
nvme0n1       12721.00    198.77     0.00   0.00    0.17    16.00 7061.00    135.79  1570.00  18.19    0.04    19.69    0.00      0.00     0.00   0.00    0.00     0.00    0.00    0.00    2.36  93.80
sda              0.00      0.00     0.00   0.00    0.00     0.00    1.00      0.00     0.00   0.00    1.00     4.00    0.00      0.00     0.00   0.00    0.00     0.00    0.00    0.00    0.00   0.00


Device            r/s     rMB/s   rrqm/s  %rrqm r_await rareq-sz     w/s     wMB/s   wrqm/s  %wrqm w_await wareq-sz     d/s     dMB/s   drqm/s  %drqm d_await dareq-sz     f/s f_await  aqu-sz  %util
loop0            0.00      0.00     0.00   0.00    0.00     0.00    0.00      0.00     0.00   0.00    0.00     0.00    0.00      0.00     0.00   0.00    0.00     0.00    0.00    0.00    0.00   0.00
nvme0n1       12773.00    199.58     0.00   0.00    0.17    16.00 6776.00    128.28  1547.00  18.59    0.04    19.39    0.00      0.00     0.00   0.00    0.00     0.00    0.00    0.00    2.38  94.30
sda              0.00      0.00     0.00   0.00    0.00     0.00    0.00      0.00     0.00   0.00    0.00     0.00    0.00      0.00     0.00   0.00    0.00     0.00    0.00    0.00    0.00   0.00


Device            r/s     rMB/s   rrqm/s  %rrqm r_await rareq-sz     w/s     wMB/s   wrqm/s  %wrqm w_await wareq-sz     d/s     dMB/s   drqm/s  %drqm d_await dareq-sz     f/s f_await  aqu-sz  %util
loop0            0.00      0.00     0.00   0.00    0.00     0.00    0.00      0.00     0.00   0.00    0.00     0.00    0.00      0.00     0.00   0.00    0.00     0.00    0.00    0.00    0.00   0.00
nvme0n1       12790.00    199.84     0.00   0.00    0.17    16.00 6946.00    131.69  1556.00  18.30    0.04    19.41    0.00      0.00     0.00   0.00    0.00     0.00    0.00    0.00    2.37  94.70
sda              0.00      0.00     0.00   0.00    0.00     0.00   28.00      0.60    81.00  74.31    0.29    22.00    0.00      0.00     0.00   0.00    0.00     0.00    2.00    0.00    0.01   0.10


Device            r/s     rMB/s   rrqm/s  %rrqm r_await rareq-sz     w/s     wMB/s   wrqm/s  %wrqm w_await wareq-sz     d/s     dMB/s   drqm/s  %drqm d_await dareq-sz     f/s f_await  aqu-sz  %util
loop0            0.00      0.00     0.00   0.00    0.00     0.00    0.00      0.00     0.00   0.00    0.00     0.00    0.00      0.00     0.00   0.00    0.00     0.00    0.00    0.00    0.00   0.00
nvme0n1       12631.00    197.36     0.00   0.00    0.17    16.00 6801.00    128.15  1554.00  18.60    0.04    19.30    0.00      0.00     0.00   0.00    0.00     0.00    0.00    0.00    2.33  94.80
sda              0.00      0.00     0.00   0.00    0.00     0.00   83.00      0.36     1.00   1.19    0.13     4.48    0.00      0.00     0.00   0.00    0.00     0.00    0.00    0.00    0.01   0.00


Device            r/s     rMB/s   rrqm/s  %rrqm r_await rareq-sz     w/s     wMB/s   wrqm/s  %wrqm w_await wareq-sz     d/s     dMB/s   drqm/s  %drqm d_await dareq-sz     f/s f_await  aqu-sz  %util
loop0            0.00      0.00     0.00   0.00    0.00     0.00    0.00      0.00     0.00   0.00    0.00     0.00    0.00      0.00     0.00   0.00    0.00     0.00    0.00    0.00    0.00   0.00
nvme0n1       12818.00    200.28     0.00   0.00    0.17    16.00 6693.00    126.28  1512.00  18.43    0.04    19.32    0.00      0.00     0.00   0.00    0.00     0.00    0.00    0.00    2.36  94.00
sda              0.00      0.00     0.00   0.00    0.00     0.00    0.00      0.00     0.00   0.00    0.00     0.00    0.00      0.00     0.00   0.00    0.00     0.00    0.00    0.00    0.00   0.00


Device            r/s     rMB/s   rrqm/s  %rrqm r_await rareq-sz     w/s     wMB/s   wrqm/s  %wrqm w_await wareq-sz     d/s     dMB/s   drqm/s  %drqm d_await dareq-sz     f/s f_await  aqu-sz  %util
loop0            0.00      0.00     0.00   0.00    0.00     0.00    0.00      0.00     0.00   0.00    0.00     0.00    0.00      0.00     0.00   0.00    0.00     0.00    0.00    0.00    0.00   0.00
nvme0n1       12686.00    198.22     0.00   0.00    0.17    16.00 7020.00    134.07  1563.00  18.21    0.04    19.56    0.00      0.00     0.00   0.00    0.00     0.00    0.00    0.00    2.37  93.40
sda              0.00      0.00     0.00   0.00    0.00     0.00    0.00      0.00     0.00   0.00    0.00     0.00    0.00      0.00     0.00   0.00    0.00     0.00    0.00    0.00    0.00   0.00


Device            r/s     rMB/s   rrqm/s  %rrqm r_await rareq-sz     w/s     wMB/s   wrqm/s  %wrqm w_await wareq-sz     d/s     dMB/s   drqm/s  %drqm d_await dareq-sz     f/s f_await  aqu-sz  %util
loop0            0.00      0.00     0.00   0.00    0.00     0.00    0.00      0.00     0.00   0.00    0.00     0.00    0.00      0.00     0.00   0.00    0.00     0.00    0.00    0.00    0.00   0.00
nvme0n1       12687.00    198.23     0.00   0.00    0.17    16.00 6858.00    128.79  1534.00  18.28    0.04    19.23    0.00      0.00     0.00   0.00    0.00     0.00    0.00    0.00    2.36  93.90
sda              0.00      0.00     0.00   0.00    0.00     0.00    1.00      0.00     0.00   0.00    0.00     4.00    0.00      0.00     0.00   0.00    0.00     0.00    0.00    0.00    0.00   0.00


Device            r/s     rMB/s   rrqm/s  %rrqm r_await rareq-sz     w/s     wMB/s   wrqm/s  %wrqm w_await wareq-sz     d/s     dMB/s   drqm/s  %drqm d_await dareq-sz     f/s f_await  aqu-sz  %util
loop0            0.00      0.00     0.00   0.00    0.00     0.00    0.00      0.00     0.00   0.00    0.00     0.00    0.00      0.00     0.00   0.00    0.00     0.00    0.00    0.00    0.00   0.00
nvme0n1       12914.00    201.78     0.00   0.00    0.17    16.00 6845.00    128.39  1609.00  19.03    0.04    19.21    0.00      0.00     0.00   0.00    0.00     0.00    0.00    0.00    2.39  94.20
sda              0.00      0.00     0.00   0.00    0.00     0.00    2.00      0.17    41.00  95.35    0.50    86.00    0.00      0.00     0.00   0.00    0.00     0.00    2.00    0.50    0.00   0.10


Device            r/s     rMB/s   rrqm/s  %rrqm r_await rareq-sz     w/s     wMB/s   wrqm/s  %wrqm w_await wareq-sz     d/s     dMB/s   drqm/s  %drqm d_await dareq-sz     f/s f_await  aqu-sz  %util
loop0            0.00      0.00     0.00   0.00    0.00     0.00    0.00      0.00     0.00   0.00    0.00     0.00    0.00      0.00     0.00   0.00    0.00     0.00    0.00    0.00    0.00   0.00
nvme0n1       12827.00    200.42     0.00   0.00    0.17    16.00 6938.00    131.16  1583.00  18.58    0.04    19.36    0.00      0.00     0.00   0.00    0.00     0.00    0.00    0.00    2.37  94.10
sda              0.00      0.00     0.00   0.00    0.00     0.00   29.00      0.35    11.00  27.50    0.24    12.28    0.00      0.00     0.00   0.00    0.00     0.00    0.00    0.00    0.01   0.00


Device            r/s     rMB/s   rrqm/s  %rrqm r_await rareq-sz     w/s     wMB/s   wrqm/s  %wrqm w_await wareq-sz     d/s     dMB/s   drqm/s  %drqm d_await dareq-sz     f/s f_await  aqu-sz  %util
loop0            0.00      0.00     0.00   0.00    0.00     0.00    0.00      0.00     0.00   0.00    0.00     0.00    0.00      0.00     0.00   0.00    0.00     0.00    0.00    0.00    0.00   0.00
nvme0n1       12715.00    198.67     0.00   0.00    0.17    16.00 6965.00    133.89  1506.00  17.78    0.04    19.68    0.00      0.00     0.00   0.00    0.00     0.00    0.00    0.00    2.36  94.60
sda              0.00      0.00     0.00   0.00    0.00     0.00    1.00      0.00     0.00   0.00    0.00     4.00    0.00      0.00     0.00   0.00    0.00     0.00    0.00    0.00    0.00   0.00


Device            r/s     rMB/s   rrqm/s  %rrqm r_await rareq-sz     w/s     wMB/s   wrqm/s  %wrqm w_await wareq-sz     d/s     dMB/s   drqm/s  %drqm d_await dareq-sz     f/s f_await  aqu-sz  %util
loop0            0.00      0.00     0.00   0.00    0.00     0.00    0.00      0.00     0.00   0.00    0.00     0.00    0.00      0.00     0.00   0.00    0.00     0.00    0.00    0.00    0.00   0.00
nvme0n1       12916.00    201.81     0.00   0.00    0.17    16.00 7023.00    132.46  1606.00  18.61    0.04    19.31    0.00      0.00     0.00   0.00    0.00     0.00    0.00    0.00    2.39  95.10
sda              0.00      0.00     0.00   0.00    0.00     0.00    0.00      0.00     0.00   0.00    0.00     0.00    0.00      0.00     0.00   0.00    0.00     0.00    0.00    0.00    0.00   0.00


Device            r/s     rMB/s   rrqm/s  %rrqm r_await rareq-sz     w/s     wMB/s   wrqm/s  %wrqm w_await wareq-sz     d/s     dMB/s   drqm/s  %drqm d_await dareq-sz     f/s f_await  aqu-sz  %util
loop0            0.00      0.00     0.00   0.00    0.00     0.00    0.00      0.00     0.00   0.00    0.00     0.00    0.00      0.00     0.00   0.00    0.00     0.00    0.00    0.00    0.00   0.00
nvme0n1       12856.00    200.88     0.00   0.00    0.17    16.00 7011.00    133.29  1564.00  18.24    0.04    19.47    0.00      0.00     0.00   0.00    0.00     0.00    0.00    0.00    2.40  94.10
sda              0.00      0.00     0.00   0.00    0.00     0.00    0.00      0.00     0.00   0.00    0.00     0.00    0.00      0.00     0.00   0.00    0.00     0.00    0.00    0.00    0.00   0.00


Device            r/s     rMB/s   rrqm/s  %rrqm r_await rareq-sz     w/s     wMB/s   wrqm/s  %wrqm w_await wareq-sz     d/s     dMB/s   drqm/s  %drqm d_await dareq-sz     f/s f_await  aqu-sz  %util
loop0            0.00      0.00     0.00   0.00    0.00     0.00    0.00      0.00     0.00   0.00    0.00     0.00    0.00      0.00     0.00   0.00    0.00     0.00    0.00    0.00    0.00   0.00
nvme0n1       12853.00    200.83     0.00   0.00    0.17    16.00 7009.00    133.65  1607.00  18.65    0.04    19.53    0.00      0.00     0.00   0.00    0.00     0.00    0.00    0.00    2.38  93.40
sda              0.00      0.00     0.00   0.00    0.00     0.00    3.00      0.23    56.00  94.92    0.33    78.67    0.00      0.00     0.00   0.00    0.00     0.00    2.00    0.00    0.00   0.00


Device            r/s     rMB/s   rrqm/s  %rrqm r_await rareq-sz     w/s     wMB/s   wrqm/s  %wrqm w_await wareq-sz     d/s     dMB/s   drqm/s  %drqm d_await dareq-sz     f/s f_await  aqu-sz  %util
loop0            0.00      0.00     0.00   0.00    0.00     0.00    0.00      0.00     0.00   0.00    0.00     0.00    0.00      0.00     0.00   0.00    0.00     0.00    0.00    0.00    0.00   0.00
nvme0n1       12960.00    202.50     0.00   0.00    0.17    16.00 6982.00    132.85  1559.00  18.25    0.04    19.48    0.00      0.00     0.00   0.00    0.00     0.00    0.00    0.00    2.40  93.70
sda              0.00      0.00     0.00   0.00    0.00     0.00   25.00      0.33    14.00  35.90    0.20    13.44    0.00      0.00     0.00   0.00    0.00     0.00    0.00    0.00    0.01   0.00


Device            r/s     rMB/s   rrqm/s  %rrqm r_await rareq-sz     w/s     wMB/s   wrqm/s  %wrqm w_await wareq-sz     d/s     dMB/s   drqm/s  %drqm d_await dareq-sz     f/s f_await  aqu-sz  %util
loop0            0.00      0.00     0.00   0.00    0.00     0.00    0.00      0.00     0.00   0.00    0.00     0.00    0.00      0.00     0.00   0.00    0.00     0.00    0.00    0.00    0.00   0.00
nvme0n1       12865.00    201.02     0.00   0.00    0.17    16.00 6880.00    130.36  1566.00  18.54    0.04    19.40    0.00      0.00     0.00   0.00    0.00     0.00    0.00    0.00    2.38  93.10
sda              0.00      0.00     0.00   0.00    0.00     0.00    0.00      0.00     0.00   0.00    0.00     0.00    0.00      0.00     0.00   0.00    0.00     0.00    0.00    0.00    0.00   0.00


Device            r/s     rMB/s   rrqm/s  %rrqm r_await rareq-sz     w/s     wMB/s   wrqm/s  %wrqm w_await wareq-sz     d/s     dMB/s   drqm/s  %drqm d_await dareq-sz     f/s f_await  aqu-sz  %util
loop0            0.00      0.00     0.00   0.00    0.00     0.00    0.00      0.00     0.00   0.00    0.00     0.00    0.00      0.00     0.00   0.00    0.00     0.00    0.00    0.00    0.00   0.00
nvme0n1       12832.00    200.50     0.00   0.00    0.17    16.00 6927.00    131.22  1605.00  18.81    0.04    19.40    0.00      0.00     0.00   0.00    0.00     0.00    0.00    0.00    2.37  94.00
sda              0.00      0.00     0.00   0.00    0.00     0.00    0.00      0.00     0.00   0.00    0.00     0.00    0.00      0.00     0.00   0.00    0.00     0.00    0.00    0.00    0.00   0.00


Device            r/s     rMB/s   rrqm/s  %rrqm r_await rareq-sz     w/s     wMB/s   wrqm/s  %wrqm w_await wareq-sz     d/s     dMB/s   drqm/s  %drqm d_await dareq-sz     f/s f_await  aqu-sz  %util
loop0            0.00      0.00     0.00   0.00    0.00     0.00    0.00      0.00     0.00   0.00    0.00     0.00    0.00      0.00     0.00   0.00    0.00     0.00    0.00    0.00    0.00   0.00
nvme0n1       12815.00    200.23     0.00   0.00    0.17    16.00 7018.00    133.52  1592.00  18.49    0.04    19.48    0.00      0.00     0.00   0.00    0.00     0.00    0.00    0.00    2.38  93.50
sda              0.00      0.00     0.00   0.00    0.00     0.00    0.00      0.00     0.00   0.00    0.00     0.00    0.00      0.00     0.00   0.00    0.00     0.00    0.00    0.00    0.00   0.00


Device            r/s     rMB/s   rrqm/s  %rrqm r_await rareq-sz     w/s     wMB/s   wrqm/s  %wrqm w_await wareq-sz     d/s     dMB/s   drqm/s  %drqm d_await dareq-sz     f/s f_await  aqu-sz  %util
loop0            0.00      0.00     0.00   0.00    0.00     0.00    0.00      0.00     0.00   0.00    0.00     0.00    0.00      0.00     0.00   0.00    0.00     0.00    0.00    0.00    0.00   0.00
nvme0n1       12882.00    201.28     0.00   0.00    0.17    16.00 6888.00    129.78  1582.00  18.68    0.04    19.29    0.00      0.00     0.00   0.00    0.00     0.00    0.00    0.00    2.40  94.20
sda              0.00      0.00     0.00   0.00    0.00     0.00    2.00      0.16    39.00  95.12    0.50    82.00    0.00      0.00     0.00   0.00    0.00     0.00    2.00    0.00    0.00   0.10


Device            r/s     rMB/s   rrqm/s  %rrqm r_await rareq-sz     w/s     wMB/s   wrqm/s  %wrqm w_await wareq-sz     d/s     dMB/s   drqm/s  %drqm d_await dareq-sz     f/s f_await  aqu-sz  %util
loop0            0.00      0.00     0.00   0.00    0.00     0.00    0.00      0.00     0.00   0.00    0.00     0.00    0.00      0.00     0.00   0.00    0.00     0.00    0.00    0.00    0.00   0.00
nvme0n1       12825.00    200.39     0.00   0.00    0.17    16.00 7032.00    133.00  1553.00  18.09    0.04    19.37    0.00      0.00     0.00   0.00    0.00     0.00    0.00    0.00    2.38  93.90
sda              0.00      0.00     0.00   0.00    0.00     0.00  104.00      0.68    26.00  20.00    0.18     6.73    0.00      0.00     0.00   0.00    0.00     0.00    0.00    0.00    0.02   0.20


Device            r/s     rMB/s   rrqm/s  %rrqm r_await rareq-sz     w/s     wMB/s   wrqm/s  %wrqm w_await wareq-sz     d/s     dMB/s   drqm/s  %drqm d_await dareq-sz     f/s f_await  aqu-sz  %util
loop0            0.00      0.00     0.00   0.00    0.00     0.00    0.00      0.00     0.00   0.00    0.00     0.00    0.00      0.00     0.00   0.00    0.00     0.00    0.00    0.00    0.00   0.00
nvme0n1       12773.00    199.58     0.00   0.00    0.17    16.00 7000.00    133.10  1547.00  18.10    0.04    19.47    0.00      0.00     0.00   0.00    0.00     0.00    0.00    0.00    2.37  93.80
sda              0.00      0.00     0.00   0.00    0.00     0.00    0.00      0.00     0.00   0.00    0.00     0.00    0.00      0.00     0.00   0.00    0.00     0.00    0.00    0.00    0.00   0.00


Device            r/s     rMB/s   rrqm/s  %rrqm r_await rareq-sz     w/s     wMB/s   wrqm/s  %wrqm w_await wareq-sz     d/s     dMB/s   drqm/s  %drqm d_await dareq-sz     f/s f_await  aqu-sz  %util
loop0            0.00      0.00     0.00   0.00    0.00     0.00    0.00      0.00     0.00   0.00    0.00     0.00    0.00      0.00     0.00   0.00    0.00     0.00    0.00    0.00    0.00   0.00
nvme0n1       12798.00    199.98     0.00   0.00    0.17    16.00 6838.00    127.98  1551.00  18.49    0.04    19.16    0.00      0.00     0.00   0.00    0.00     0.00    0.00    0.00    2.38  94.30
sda              0.00      0.00     0.00   0.00    0.00     0.00    0.00      0.00     0.00   0.00    0.00     0.00    0.00      0.00     0.00   0.00    0.00     0.00    0.00    0.00    0.00   0.00


Device            r/s     rMB/s   rrqm/s  %rrqm r_await rareq-sz     w/s     wMB/s   wrqm/s  %wrqm w_await wareq-sz     d/s     dMB/s   drqm/s  %drqm d_await dareq-sz     f/s f_await  aqu-sz  %util
loop0            0.00      0.00     0.00   0.00    0.00     0.00    0.00      0.00     0.00   0.00    0.00     0.00    0.00      0.00     0.00   0.00    0.00     0.00    0.00    0.00    0.00   0.00
nvme0n1       12589.00    196.69     0.00   0.00    0.17    16.00 7210.00    140.14  1508.00  17.30    0.04    19.90    0.00      0.00     0.00   0.00    0.00     0.00    0.00    0.00    2.36  93.50
sda              0.00      0.00     0.00   0.00    0.00     0.00    0.00      0.00     0.00   0.00    0.00     0.00    0.00      0.00     0.00   0.00    0.00     0.00    0.00    0.00    0.00   0.00


Device            r/s     rMB/s   rrqm/s  %rrqm r_await rareq-sz     w/s     wMB/s   wrqm/s  %wrqm w_await wareq-sz     d/s     dMB/s   drqm/s  %drqm d_await dareq-sz     f/s f_await  aqu-sz  %util
loop0            0.00      0.00     0.00   0.00    0.00     0.00    0.00      0.00     0.00   0.00    0.00     0.00    0.00      0.00     0.00   0.00    0.00     0.00    0.00    0.00    0.00   0.00
nvme0n1       12801.00    200.02     0.00   0.00    0.17    16.00 6851.00    128.53  1586.00  18.80    0.04    19.21    0.00      0.00     0.00   0.00    0.00     0.00    0.00    0.00    2.38  94.50
sda              0.00      0.00     0.00   0.00    0.00     0.00    2.00      0.15    37.00  94.87    0.00    78.00    0.00      0.00     0.00   0.00    0.00     0.00    2.00    0.00    0.00   0.00


Device            r/s     rMB/s   rrqm/s  %rrqm r_await rareq-sz     w/s     wMB/s   wrqm/s  %wrqm w_await wareq-sz     d/s     dMB/s   drqm/s  %drqm d_await dareq-sz     f/s f_await  aqu-sz  %util
loop0            0.00      0.00     0.00   0.00    0.00     0.00    0.00      0.00     0.00   0.00    0.00     0.00    0.00      0.00     0.00   0.00    0.00     0.00    0.00    0.00    0.00   0.00
nvme0n1       12697.00    198.39     0.00   0.00    0.17    16.00 6903.00    130.73  1594.00  18.76    0.04    19.39    0.00      0.00     0.00   0.00    0.00     0.00    0.00    0.00    2.35  93.00
sda              0.00      0.00     0.00   0.00    0.00     0.00   27.00      0.36    12.00  30.77    0.26    13.78    0.00      0.00     0.00   0.00    0.00     0.00    0.00    0.00    0.01   0.10


Device            r/s     rMB/s   rrqm/s  %rrqm r_await rareq-sz     w/s     wMB/s   wrqm/s  %wrqm w_await wareq-sz     d/s     dMB/s   drqm/s  %drqm d_await dareq-sz     f/s f_await  aqu-sz  %util
loop0            0.00      0.00     0.00   0.00    0.00     0.00    0.00      0.00     0.00   0.00    0.00     0.00    0.00      0.00     0.00   0.00    0.00     0.00    0.00    0.00    0.00   0.00
nvme0n1       12772.00    199.56     0.00   0.00    0.17    16.00 6887.00    129.60  1599.00  18.84    0.04    19.27    0.00      0.00     0.00   0.00    0.00     0.00    0.00    0.00    2.37  93.40
sda              0.00      0.00     0.00   0.00    0.00     0.00    1.00      0.00     0.00   0.00    0.00     4.00    0.00      0.00     0.00   0.00    0.00     0.00    0.00    0.00    0.00   0.00


Device            r/s     rMB/s   rrqm/s  %rrqm r_await rareq-sz     w/s     wMB/s   wrqm/s  %wrqm w_await wareq-sz     d/s     dMB/s   drqm/s  %drqm d_await dareq-sz     f/s f_await  aqu-sz  %util
loop0            0.00      0.00     0.00   0.00    0.00     0.00    0.00      0.00     0.00   0.00    0.00     0.00    0.00      0.00     0.00   0.00    0.00     0.00    0.00    0.00    0.00   0.00
nvme0n1       12939.00    202.17     0.00   0.00    0.17    16.00 6935.00    130.49  1581.00  18.57    0.04    19.27    0.00      0.00     0.00   0.00    0.00     0.00    0.00    0.00    2.40  93.50
sda              0.00      0.00     0.00   0.00    0.00     0.00    0.00      0.00     0.00   0.00    0.00     0.00    0.00      0.00     0.00   0.00    0.00     0.00    0.00    0.00    0.00   0.00


Device            r/s     rMB/s   rrqm/s  %rrqm r_await rareq-sz     w/s     wMB/s   wrqm/s  %wrqm w_await wareq-sz     d/s     dMB/s   drqm/s  %drqm d_await dareq-sz     f/s f_await  aqu-sz  %util
loop0            0.00      0.00     0.00   0.00    0.00     0.00    0.00      0.00     0.00   0.00    0.00     0.00    0.00      0.00     0.00   0.00    0.00     0.00    0.00    0.00    0.00   0.00
nvme0n1       12903.00    201.61     0.00   0.00    0.17    16.00 6732.00    126.03  1575.00  18.96    0.04    19.17    0.00      0.00     0.00   0.00    0.00     0.00    0.00    0.00    2.37  95.20
sda              0.00      0.00     0.00   0.00    0.00     0.00    0.00      0.00     0.00   0.00    0.00     0.00    0.00      0.00     0.00   0.00    0.00     0.00    0.00    0.00    0.00   0.00


Device            r/s     rMB/s   rrqm/s  %rrqm r_await rareq-sz     w/s     wMB/s   wrqm/s  %wrqm w_await wareq-sz     d/s     dMB/s   drqm/s  %drqm d_await dareq-sz     f/s f_await  aqu-sz  %util
loop0            0.00      0.00     0.00   0.00    0.00     0.00    0.00      0.00     0.00   0.00    0.00     0.00    0.00      0.00     0.00   0.00    0.00     0.00    0.00    0.00    0.00   0.00
nvme0n1       12808.00    200.13     0.00   0.00    0.17    16.00 6884.00    131.59  1499.00  17.88    0.04    19.57    0.00      0.00     0.00   0.00    0.00     0.00    0.00    0.00    2.37  92.10
sda              0.00      0.00     0.00   0.00    0.00     0.00    2.00      0.15    36.00  94.74    0.50    76.00    0.00      0.00     0.00   0.00    0.00     0.00    2.00    0.00    0.00   0.10


Device            r/s     rMB/s   rrqm/s  %rrqm r_await rareq-sz     w/s     wMB/s   wrqm/s  %wrqm w_await wareq-sz     d/s     dMB/s   drqm/s  %drqm d_await dareq-sz     f/s f_await  aqu-sz  %util
loop0            0.00      0.00     0.00   0.00    0.00     0.00    0.00      0.00     0.00   0.00    0.00     0.00    0.00      0.00     0.00   0.00    0.00     0.00    0.00    0.00    0.00   0.00
nvme0n1       12945.00    202.27     0.00   0.00    0.17    16.00 6924.00    130.89  1629.00  19.05    0.04    19.36    0.00      0.00     0.00   0.00    0.00     0.00    0.00    0.00    2.39  95.40
sda              0.00      0.00     0.00   0.00    0.00     0.00    0.00      0.00     0.00   0.00    0.00     0.00    0.00      0.00     0.00   0.00    0.00     0.00    0.00    0.00    0.00   0.00


Device            r/s     rMB/s   rrqm/s  %rrqm r_await rareq-sz     w/s     wMB/s   wrqm/s  %wrqm w_await wareq-sz     d/s     dMB/s   drqm/s  %drqm d_await dareq-sz     f/s f_await  aqu-sz  %util
loop0            0.00      0.00     0.00   0.00    0.00     0.00    0.00      0.00     0.00   0.00    0.00     0.00    0.00      0.00     0.00   0.00    0.00     0.00    0.00    0.00    0.00   0.00
nvme0n1       12844.00    200.69     0.00   0.00    0.17    16.00 6906.00    130.14  1563.00  18.46    0.04    19.30    0.00      0.00     0.00   0.00    0.00     0.00    0.00    0.00    2.38  93.50
sda              0.00      0.00     0.00   0.00    0.00     0.00   26.00      0.34    13.00  33.33    0.19    13.23    0.00      0.00     0.00   0.00    0.00     0.00    0.00    0.00    0.01   0.10


Device            r/s     rMB/s   rrqm/s  %rrqm r_await rareq-sz     w/s     wMB/s   wrqm/s  %wrqm w_await wareq-sz     d/s     dMB/s   drqm/s  %drqm d_await dareq-sz     f/s f_await  aqu-sz  %util
loop0            0.00      0.00     0.00   0.00    0.00     0.00    0.00      0.00     0.00   0.00    0.00     0.00    0.00      0.00     0.00   0.00    0.00     0.00    0.00    0.00    0.00   0.00
nvme0n1       12788.00    199.81     0.00   0.00    0.17    16.00 6932.00    131.40  1574.00  18.50    0.04    19.41    0.00      0.00     0.00   0.00    0.00     0.00    0.00    0.00    2.38  93.30
sda              0.00      0.00     0.00   0.00    0.00     0.00    1.00      0.00     0.00   0.00    0.00     4.00    0.00      0.00     0.00   0.00    0.00     0.00    0.00    0.00    0.00   0.00


Device            r/s     rMB/s   rrqm/s  %rrqm r_await rareq-sz     w/s     wMB/s   wrqm/s  %wrqm w_await wareq-sz     d/s     dMB/s   drqm/s  %drqm d_await dareq-sz     f/s f_await  aqu-sz  %util
loop0            0.00      0.00     0.00   0.00    0.00     0.00    0.00      0.00     0.00   0.00    0.00     0.00    0.00      0.00     0.00   0.00    0.00     0.00    0.00    0.00    0.00   0.00
nvme0n1       12705.00    198.52     0.00   0.00    0.17    16.00 7044.00    135.72  1544.00  17.98    0.04    19.73    0.00      0.00     0.00   0.00    0.00     0.00    0.00    0.00    2.37  94.10
sda              0.00      0.00     0.00   0.00    0.00     0.00    0.00      0.00     0.00   0.00    0.00     0.00    0.00      0.00     0.00   0.00    0.00     0.00    0.00    0.00    0.00   0.00


Device            r/s     rMB/s   rrqm/s  %rrqm r_await rareq-sz     w/s     wMB/s   wrqm/s  %wrqm w_await wareq-sz     d/s     dMB/s   drqm/s  %drqm d_await dareq-sz     f/s f_await  aqu-sz  %util
loop0            0.00      0.00     0.00   0.00    0.00     0.00    0.00      0.00     0.00   0.00    0.00     0.00    0.00      0.00     0.00   0.00    0.00     0.00    0.00    0.00    0.00   0.00
nvme0n1       12820.00    200.31     0.00   0.00    0.17    16.00 6988.00    132.42  1599.00  18.62    0.04    19.40    0.00      0.00     0.00   0.00    0.00     0.00    0.00    0.00    2.39  93.40
sda              0.00      0.00     0.00   0.00    0.00     0.00    2.00      0.17    42.00  95.45    0.00    88.00    0.00      0.00     0.00   0.00    0.00     0.00    2.00    0.00    0.00   0.00


Device            r/s     rMB/s   rrqm/s  %rrqm r_await rareq-sz     w/s     wMB/s   wrqm/s  %wrqm w_await wareq-sz     d/s     dMB/s   drqm/s  %drqm d_await dareq-sz     f/s f_await  aqu-sz  %util
loop0            0.00      0.00     0.00   0.00    0.00     0.00    0.00      0.00     0.00   0.00    0.00     0.00    0.00      0.00     0.00   0.00    0.00     0.00    0.00    0.00    0.00   0.00
nvme0n1       12764.00    199.44     0.00   0.00    0.17    16.00 6981.00    134.11  1544.00  18.11    0.04    19.67    0.00      0.00     0.00   0.00    0.00     0.00    0.00    0.00    2.37  94.30
sda              0.00      0.00     0.00   0.00    0.00     0.00    0.00      0.00     0.00   0.00    0.00     0.00    0.00      0.00     0.00   0.00    0.00     0.00    0.00    0.00    0.00   0.00


Device            r/s     rMB/s   rrqm/s  %rrqm r_await rareq-sz     w/s     wMB/s   wrqm/s  %wrqm w_await wareq-sz     d/s     dMB/s   drqm/s  %drqm d_await dareq-sz     f/s f_await  aqu-sz  %util
loop0            0.00      0.00     0.00   0.00    0.00     0.00    0.00      0.00     0.00   0.00    0.00     0.00    0.00      0.00     0.00   0.00    0.00     0.00    0.00    0.00    0.00   0.00
nvme0n1       12774.00    199.59     0.00   0.00    0.17    16.00 6806.00    127.75  1576.00  18.80    0.04    19.22    0.00      0.00     0.00   0.00    0.00     0.00    0.00    0.00    2.37  95.00
sda              0.00      0.00     0.00   0.00    0.00     0.00   29.00      0.43    14.00  32.56    0.28    15.03    0.00      0.00     0.00   0.00    0.00     0.00    0.00    0.00    0.01   0.10


Device            r/s     rMB/s   rrqm/s  %rrqm r_await rareq-sz     w/s     wMB/s   wrqm/s  %wrqm w_await wareq-sz     d/s     dMB/s   drqm/s  %drqm d_await dareq-sz     f/s f_await  aqu-sz  %util
loop0            0.00      0.00     0.00   0.00    0.00     0.00    0.00      0.00     0.00   0.00    0.00     0.00    0.00      0.00     0.00   0.00    0.00     0.00    0.00    0.00    0.00   0.00
nvme0n1       12898.00    201.53     0.00   0.00    0.17    16.00 6896.00    130.11  1591.00  18.75    0.04    19.32    0.00      0.00     0.00   0.00    0.00     0.00    0.00    0.00    2.40  93.40
sda              0.00      0.00     0.00   0.00    0.00     0.00    0.00      0.00     0.00   0.00    0.00     0.00    0.00      0.00     0.00   0.00    0.00     0.00    0.00    0.00    0.00   0.00


Device            r/s     rMB/s   rrqm/s  %rrqm r_await rareq-sz     w/s     wMB/s   wrqm/s  %wrqm w_await wareq-sz     d/s     dMB/s   drqm/s  %drqm d_await dareq-sz     f/s f_await  aqu-sz  %util
loop0            0.00      0.00     0.00   0.00    0.00     0.00    0.00      0.00     0.00   0.00    0.00     0.00    0.00      0.00     0.00   0.00    0.00     0.00    0.00    0.00    0.00   0.00
nvme0n1       12657.00    197.77     0.00   0.00    0.17    16.00 6947.00    133.16  1543.00  18.17    0.04    19.63    0.00      0.00     0.00   0.00    0.00     0.00    0.00    0.00    2.37  93.50
sda              0.00      0.00     0.00   0.00    0.00     0.00    1.00      0.00     0.00   0.00    0.00     4.00    0.00      0.00     0.00   0.00    0.00     0.00    0.00    0.00    0.00   0.00


Device            r/s     rMB/s   rrqm/s  %rrqm r_await rareq-sz     w/s     wMB/s   wrqm/s  %wrqm w_await wareq-sz     d/s     dMB/s   drqm/s  %drqm d_await dareq-sz     f/s f_await  aqu-sz  %util
loop0            0.00      0.00     0.00   0.00    0.00     0.00    0.00      0.00     0.00   0.00    0.00     0.00    0.00      0.00     0.00   0.00    0.00     0.00    0.00    0.00    0.00   0.00
nvme0n1       12699.00    198.42     0.00   0.00    0.17    16.00 7133.00    137.08  1533.00  17.69    0.04    19.68    0.00      0.00     0.00   0.00    0.00     0.00    0.00    0.00    2.37  94.00
sda              0.00      0.00     0.00   0.00    0.00     0.00    2.00      0.18    43.00  95.56    0.00    90.00    0.00      0.00     0.00   0.00    0.00     0.00    2.00    0.00    0.00   0.10


Device            r/s     rMB/s   rrqm/s  %rrqm r_await rareq-sz     w/s     wMB/s   wrqm/s  %wrqm w_await wareq-sz     d/s     dMB/s   drqm/s  %drqm d_await dareq-sz     f/s f_await  aqu-sz  %util
loop0            0.00      0.00     0.00   0.00    0.00     0.00    0.00      0.00     0.00   0.00    0.00     0.00    0.00      0.00     0.00   0.00    0.00     0.00    0.00    0.00    0.00   0.00
nvme0n1       12617.00    197.14     0.00   0.00    0.17    16.00 6991.00    132.84  1569.00  18.33    0.04    19.46    0.00      0.00     0.00   0.00    0.00     0.00    0.00    0.00    2.36  93.40
sda              0.00      0.00     0.00   0.00    0.00     0.00    0.00      0.00     0.00   0.00    0.00     0.00    0.00      0.00     0.00   0.00    0.00     0.00    0.00    0.00    0.00   0.00


Device            r/s     rMB/s   rrqm/s  %rrqm r_await rareq-sz     w/s     wMB/s   wrqm/s  %wrqm w_await wareq-sz     d/s     dMB/s   drqm/s  %drqm d_await dareq-sz     f/s f_await  aqu-sz  %util
loop0            0.00      0.00     0.00   0.00    0.00     0.00    0.00      0.00     0.00   0.00    0.00     0.00    0.00      0.00     0.00   0.00    0.00     0.00    0.00    0.00    0.00   0.00
nvme0n1       12726.00    198.84     0.00   0.00    0.17    16.00 7016.00    133.46  1563.00  18.22    0.04    19.48    0.00      0.00     0.00   0.00    0.00     0.00    0.00    0.00    2.37  92.90
sda              0.00      0.00     0.00   0.00    0.00     0.00   87.00      0.58    12.00  12.12    0.11     6.80    0.00      0.00     0.00   0.00    0.00     0.00    0.00    0.00    0.01   0.10


Device            r/s     rMB/s   rrqm/s  %rrqm r_await rareq-sz     w/s     wMB/s   wrqm/s  %wrqm w_await wareq-sz     d/s     dMB/s   drqm/s  %drqm d_await dareq-sz     f/s f_await  aqu-sz  %util
loop0            0.00      0.00     0.00   0.00    0.00     0.00    0.00      0.00     0.00   0.00    0.00     0.00    0.00      0.00     0.00   0.00    0.00     0.00    0.00    0.00    0.00   0.00
nvme0n1       12625.00    197.27     0.00   0.00    0.17    16.00 7112.00    135.45  1577.00  18.15    0.04    19.50    0.00      0.00     0.00   0.00    0.00     0.00    0.00    0.00    2.37  93.00
sda              0.00      0.00     0.00   0.00    0.00     0.00    0.00      0.00     0.00   0.00    0.00     0.00    0.00      0.00     0.00   0.00    0.00     0.00    0.00    0.00    0.00   0.00


Device            r/s     rMB/s   rrqm/s  %rrqm r_await rareq-sz     w/s     wMB/s   wrqm/s  %wrqm w_await wareq-sz     d/s     dMB/s   drqm/s  %drqm d_await dareq-sz     f/s f_await  aqu-sz  %util
loop0            0.00      0.00     0.00   0.00    0.00     0.00    0.00      0.00     0.00   0.00    0.00     0.00    0.00      0.00     0.00   0.00    0.00     0.00    0.00    0.00    0.00   0.00
nvme0n1       12750.00    199.22     0.00   0.00    0.17    16.00 6977.00    132.76  1589.00  18.55    0.04    19.49    0.00      0.00     0.00   0.00    0.00     0.00    0.00    0.00    2.37  93.60
sda              0.00      0.00     0.00   0.00    0.00     0.00    0.00      0.00     0.00   0.00    0.00     0.00    0.00      0.00     0.00   0.00    0.00     0.00    0.00    0.00    0.00   0.00


Device            r/s     rMB/s   rrqm/s  %rrqm r_await rareq-sz     w/s     wMB/s   wrqm/s  %wrqm w_await wareq-sz     d/s     dMB/s   drqm/s  %drqm d_await dareq-sz     f/s f_await  aqu-sz  %util
loop0            0.00      0.00     0.00   0.00    0.00     0.00    0.00      0.00     0.00   0.00    0.00     0.00    0.00      0.00     0.00   0.00    0.00     0.00    0.00    0.00    0.00   0.00
nvme0n1       12925.00    201.95     0.00   0.00    0.17    16.00 6775.00    127.28  1549.00  18.61    0.04    19.24    0.00      0.00     0.00   0.00    0.00     0.00    0.00    0.00    2.39  92.80
sda              0.00      0.00     0.00   0.00    0.00     0.00    3.00      0.14    33.00  91.67    0.33    48.00    0.00      0.00     0.00   0.00    0.00     0.00    2.00    0.00    0.00   0.00


Device            r/s     rMB/s   rrqm/s  %rrqm r_await rareq-sz     w/s     wMB/s   wrqm/s  %wrqm w_await wareq-sz     d/s     dMB/s   drqm/s  %drqm d_await dareq-sz     f/s f_await  aqu-sz  %util
loop0            0.00      0.00     0.00   0.00    0.00     0.00    0.00      0.00     0.00   0.00    0.00     0.00    0.00      0.00     0.00   0.00    0.00     0.00    0.00    0.00    0.00   0.00
nvme0n1       12954.00    202.41     0.00   0.00    0.16    16.00 6844.00    129.43  1564.00  18.60    0.04    19.37    0.00      0.00     0.00   0.00    0.00     0.00    0.00    0.00    2.38  94.80
sda              0.00      0.00     0.00   0.00    0.00     0.00    0.00      0.00     0.00   0.00    0.00     0.00    0.00      0.00     0.00   0.00    0.00     0.00    0.00    0.00    0.00   0.00


Device            r/s     rMB/s   rrqm/s  %rrqm r_await rareq-sz     w/s     wMB/s   wrqm/s  %wrqm w_await wareq-sz     d/s     dMB/s   drqm/s  %drqm d_await dareq-sz     f/s f_await  aqu-sz  %util
loop0            0.00      0.00     0.00   0.00    0.00     0.00    0.00      0.00     0.00   0.00    0.00     0.00    0.00      0.00     0.00   0.00    0.00     0.00    0.00    0.00    0.00   0.00
nvme0n1       12692.00    198.31     0.00   0.00    0.17    16.00 7121.00    137.07  1568.00  18.05    0.04    19.71    0.00      0.00     0.00   0.00    0.00     0.00    0.00    0.00    2.37  93.60
sda              0.00      0.00     0.00   0.00    0.00     0.00   27.00      0.36    13.00  32.50    0.26    13.78    0.00      0.00     0.00   0.00    0.00     0.00    0.00    0.00    0.01   0.10


Device            r/s     rMB/s   rrqm/s  %rrqm r_await rareq-sz     w/s     wMB/s   wrqm/s  %wrqm w_await wareq-sz     d/s     dMB/s   drqm/s  %drqm d_await dareq-sz     f/s f_await  aqu-sz  %util
loop0            0.00      0.00     0.00   0.00    0.00     0.00    0.00      0.00     0.00   0.00    0.00     0.00    0.00      0.00     0.00   0.00    0.00     0.00    0.00    0.00    0.00   0.00
nvme0n1       12900.00    201.58     0.00   0.00    0.17    16.00 6746.00    127.25  1538.00  18.57    0.04    19.32    0.00      0.00     0.00   0.00    0.00     0.00    0.00    0.00    2.40  94.60
sda              0.00      0.00     0.00   0.00    0.00     0.00    0.00      0.00     0.00   0.00    0.00     0.00    0.00      0.00     0.00   0.00    0.00     0.00    0.00    0.00    0.00   0.00


Device            r/s     rMB/s   rrqm/s  %rrqm r_await rareq-sz     w/s     wMB/s   wrqm/s  %wrqm w_await wareq-sz     d/s     dMB/s   drqm/s  %drqm d_await dareq-sz     f/s f_await  aqu-sz  %util
loop0            0.00      0.00     0.00   0.00    0.00     0.00    0.00      0.00     0.00   0.00    0.00     0.00    0.00      0.00     0.00   0.00    0.00     0.00    0.00    0.00    0.00   0.00
nvme0n1       12800.00    199.98     0.00   0.00    0.17    16.00 6890.00    130.81  1554.00  18.40    0.04    19.44    0.00      0.00     0.00   0.00    0.00     0.00    0.00    0.00    2.37  94.20
sda              0.00      0.00     0.00   0.00    0.00     0.00    0.00      0.00     0.00   0.00    0.00     0.00    0.00      0.00     0.00   0.00    0.00     0.00    0.00    0.00    0.00   0.00


Device            r/s     rMB/s   rrqm/s  %rrqm r_await rareq-sz     w/s     wMB/s   wrqm/s  %wrqm w_await wareq-sz     d/s     dMB/s   drqm/s  %drqm d_await dareq-sz     f/s f_await  aqu-sz  %util
loop0            0.00      0.00     0.00   0.00    0.00     0.00    0.00      0.00     0.00   0.00    0.00     0.00    0.00      0.00     0.00   0.00    0.00     0.00    0.00    0.00    0.00   0.00
nvme0n1       12792.00    199.88     0.00   0.00    0.17    16.00 6972.00    132.53  1553.00  18.22    0.04    19.46    0.00      0.00     0.00   0.00    0.00     0.00    0.00    0.00    2.38  94.30
sda              0.00      0.00     0.00   0.00    0.00     0.00    2.00      0.16    40.00  95.24    0.00    84.00    0.00      0.00     0.00   0.00    0.00     0.00    2.00    0.00    0.00   0.00


Device            r/s     rMB/s   rrqm/s  %rrqm r_await rareq-sz     w/s     wMB/s   wrqm/s  %wrqm w_await wareq-sz     d/s     dMB/s   drqm/s  %drqm d_await dareq-sz     f/s f_await  aqu-sz  %util
loop0            0.00      0.00     0.00   0.00    0.00     0.00    0.00      0.00     0.00   0.00    0.00     0.00    0.00      0.00     0.00   0.00    0.00     0.00    0.00    0.00    0.00   0.00
nvme0n1       12760.00    199.38     0.00   0.00    0.17    16.00 6923.00    130.59  1607.00  18.84    0.04    19.32    0.00      0.00     0.00   0.00    0.00     0.00    0.00    0.00    2.37  94.60
sda              0.00      0.00     0.00   0.00    0.00     0.00    1.00      0.00     0.00   0.00    0.00     4.00    0.00      0.00     0.00   0.00    0.00     0.00    0.00    0.00    0.00   0.00


Device            r/s     rMB/s   rrqm/s  %rrqm r_await rareq-sz     w/s     wMB/s   wrqm/s  %wrqm w_await wareq-sz     d/s     dMB/s   drqm/s  %drqm d_await dareq-sz     f/s f_await  aqu-sz  %util
loop0            0.00      0.00     0.00   0.00    0.00     0.00    0.00      0.00     0.00   0.00    0.00     0.00    0.00      0.00     0.00   0.00    0.00     0.00    0.00    0.00    0.00   0.00
nvme0n1       12634.00    197.41     0.00   0.00    0.17    16.00 6788.00    130.66  1478.00  17.88    0.04    19.71    0.00      0.00     0.00   0.00    0.00     0.00    0.00    0.00    2.34  93.80
sda              0.00      0.00     0.00   0.00    0.00     0.00    0.00      0.00     0.00   0.00    0.00     0.00    0.00      0.00     0.00   0.00    0.00     0.00    0.00    0.00    0.00   0.00


Device            r/s     rMB/s   rrqm/s  %rrqm r_await rareq-sz     w/s     wMB/s   wrqm/s  %wrqm w_await wareq-sz     d/s     dMB/s   drqm/s  %drqm d_await dareq-sz     f/s f_await  aqu-sz  %util
loop0            0.00      0.00     0.00   0.00    0.00     0.00    0.00      0.00     0.00   0.00    0.00     0.00    0.00      0.00     0.00   0.00    0.00     0.00    0.00    0.00    0.00   0.00
nvme0n1       12717.00    198.70     0.00   0.00    0.17    16.00 6866.00    129.73  1603.00  18.93    0.04    19.35    0.00      0.00     0.00   0.00    0.00     0.00    0.00    0.00    2.37  94.30
sda              0.00      0.00     0.00   0.00    0.00     0.00   25.00      0.34    13.00  34.21    0.28    13.76    0.00      0.00     0.00   0.00    0.00     0.00    0.00    0.00    0.01   0.10


Device            r/s     rMB/s   rrqm/s  %rrqm r_await rareq-sz     w/s     wMB/s   wrqm/s  %wrqm w_await wareq-sz     d/s     dMB/s   drqm/s  %drqm d_await dareq-sz     f/s f_await  aqu-sz  %util
loop0            0.00      0.00     0.00   0.00    0.00     0.00    0.00      0.00     0.00   0.00    0.00     0.00    0.00      0.00     0.00   0.00    0.00     0.00    0.00    0.00    0.00   0.00
nvme0n1       12745.00    199.14     0.00   0.00    0.17    16.00 6849.00    130.02  1548.00  18.44    0.04    19.44    0.00      0.00     0.00   0.00    0.00     0.00    0.00    0.00    2.36  93.00
sda              0.00      0.00     0.00   0.00    0.00     0.00    0.00      0.00     0.00   0.00    0.00     0.00    0.00      0.00     0.00   0.00    0.00     0.00    0.00    0.00    0.00   0.00


Device            r/s     rMB/s   rrqm/s  %rrqm r_await rareq-sz     w/s     wMB/s   wrqm/s  %wrqm w_await wareq-sz     d/s     dMB/s   drqm/s  %drqm d_await dareq-sz     f/s f_await  aqu-sz  %util
loop0            0.00      0.00     0.00   0.00    0.00     0.00    0.00      0.00     0.00   0.00    0.00     0.00    0.00      0.00     0.00   0.00    0.00     0.00    0.00    0.00    0.00   0.00
nvme0n1       12736.00    199.00     0.00   0.00    0.17    16.00 7053.00    134.40  1597.00  18.46    0.04    19.51    0.00      0.00     0.00   0.00    0.00     0.00    0.00    0.00    2.37  93.90
sda              0.00      0.00     0.00   0.00    0.00     0.00    2.00      0.15    37.00  94.87    0.00    78.00    0.00      0.00     0.00   0.00    0.00     0.00    2.00    0.00    0.00   0.10


Device            r/s     rMB/s   rrqm/s  %rrqm r_await rareq-sz     w/s     wMB/s   wrqm/s  %wrqm w_await wareq-sz     d/s     dMB/s   drqm/s  %drqm d_await dareq-sz     f/s f_await  aqu-sz  %util
loop0            0.00      0.00     0.00   0.00    0.00     0.00    0.00      0.00     0.00   0.00    0.00     0.00    0.00      0.00     0.00   0.00    0.00     0.00    0.00    0.00    0.00   0.00
nvme0n1       12705.00    198.52     0.00   0.00    0.17    16.00 6918.00    131.42  1579.00  18.58    0.04    19.45    0.00      0.00     0.00   0.00    0.00     0.00    0.00    0.00    2.39  94.30
sda              0.00      0.00     0.00   0.00    0.00     0.00   53.00      0.23     5.00   8.62    0.21     4.38    0.00      0.00     0.00   0.00    0.00     0.00    0.00    0.00    0.01   0.10


Device            r/s     rMB/s   rrqm/s  %rrqm r_await rareq-sz     w/s     wMB/s   wrqm/s  %wrqm w_await wareq-sz     d/s     dMB/s   drqm/s  %drqm d_await dareq-sz     f/s f_await  aqu-sz  %util
loop0            0.00      0.00     0.00   0.00    0.00     0.00    0.00      0.00     0.00   0.00    0.00     0.00    0.00      0.00     0.00   0.00    0.00     0.00    0.00    0.00    0.00   0.00
nvme0n1       12629.00    197.33     0.00   0.00    0.17    16.00 6604.00    122.16  1559.00  19.10    0.04    18.94    0.00      0.00     0.00   0.00    0.00     0.00    0.00    0.00    2.47  94.50
sda              0.00      0.00     0.00   0.00    0.00     0.00    1.00      0.00     0.00   0.00    0.00     4.00    0.00      0.00     0.00   0.00    0.00     0.00    0.00    0.00    0.00   0.00


Device            r/s     rMB/s   rrqm/s  %rrqm r_await rareq-sz     w/s     wMB/s   wrqm/s  %wrqm w_await wareq-sz     d/s     dMB/s   drqm/s  %drqm d_await dareq-sz     f/s f_await  aqu-sz  %util
loop0            0.00      0.00     0.00   0.00    0.00     0.00    0.00      0.00     0.00   0.00    0.00     0.00    0.00      0.00     0.00   0.00    0.00     0.00    0.00    0.00    0.00   0.00
nvme0n1       12441.00    194.39     0.00   0.00    0.17    16.00 6693.00    127.48  1500.00  18.31    0.05    19.50    0.00      0.00     0.00   0.00    0.00     0.00    0.00    0.00    2.48  94.40
sda              0.00      0.00     0.00   0.00    0.00     0.00   25.00      0.32    14.00  35.90    0.24    13.28    0.00      0.00     0.00   0.00    0.00     0.00    0.00    0.00    0.01   0.00


Device            r/s     rMB/s   rrqm/s  %rrqm r_await rareq-sz     w/s     wMB/s   wrqm/s  %wrqm w_await wareq-sz     d/s     dMB/s   drqm/s  %drqm d_await dareq-sz     f/s f_await  aqu-sz  %util
loop0            0.00      0.00     0.00   0.00    0.00     0.00    0.00      0.00     0.00   0.00    0.00     0.00    0.00      0.00     0.00   0.00    0.00     0.00    0.00    0.00    0.00   0.00
nvme0n1       12409.00    193.89     0.00   0.00    0.17    16.00 6877.00    130.55  1550.00  18.39    0.05    19.44    0.00      0.00     0.00   0.00    0.00     0.00    0.00    0.00    2.47  95.80
sda              0.00      0.00     0.00   0.00    0.00     0.00    0.00      0.00     0.00   0.00    0.00     0.00    0.00      0.00     0.00   0.00    0.00     0.00    0.00    0.00    0.00   0.00


Device            r/s     rMB/s   rrqm/s  %rrqm r_await rareq-sz     w/s     wMB/s   wrqm/s  %wrqm w_await wareq-sz     d/s     dMB/s   drqm/s  %drqm d_await dareq-sz     f/s f_await  aqu-sz  %util
loop0            0.00      0.00     0.00   0.00    0.00     0.00    0.00      0.00     0.00   0.00    0.00     0.00    0.00      0.00     0.00   0.00    0.00     0.00    0.00    0.00    0.00   0.00
nvme0n1       12461.00    194.70     0.00   0.00    0.17    16.00 6830.00    129.36  1487.00  17.88    0.05    19.40    0.00      0.00     0.00   0.00    0.00     0.00    0.00    0.00    2.48  93.80
sda              0.00      0.00     0.00   0.00    0.00     0.00    2.00      0.16    39.00  95.12    0.00    82.00    0.00      0.00     0.00   0.00    0.00     0.00    2.00    0.00    0.00   0.10


Device            r/s     rMB/s   rrqm/s  %rrqm r_await rareq-sz     w/s     wMB/s   wrqm/s  %wrqm w_await wareq-sz     d/s     dMB/s   drqm/s  %drqm d_await dareq-sz     f/s f_await  aqu-sz  %util
loop0            0.00      0.00     0.00   0.00    0.00     0.00    0.00      0.00     0.00   0.00    0.00     0.00    0.00      0.00     0.00   0.00    0.00     0.00    0.00    0.00    0.00   0.00
nvme0n1       12511.00    195.48     0.00   0.00    0.17    16.00 6837.00    129.86  1558.00  18.56    0.05    19.45    0.00      0.00     0.00   0.00    0.00     0.00    0.00    0.00    2.48  93.60
sda              0.00      0.00     0.00   0.00    0.00     0.00    0.00      0.00     0.00   0.00    0.00     0.00    0.00      0.00     0.00   0.00    0.00     0.00    0.00    0.00    0.00   0.00


Device            r/s     rMB/s   rrqm/s  %rrqm r_await rareq-sz     w/s     wMB/s   wrqm/s  %wrqm w_await wareq-sz     d/s     dMB/s   drqm/s  %drqm d_await dareq-sz     f/s f_await  aqu-sz  %util
loop0            0.00      0.00     0.00   0.00    0.00     0.00    0.00      0.00     0.00   0.00    0.00     0.00    0.00      0.00     0.00   0.00    0.00     0.00    0.00    0.00    0.00   0.00
nvme0n1       12573.00    196.45     0.00   0.00    0.17    16.00 6728.00    127.71  1510.00  18.33    0.05    19.44    0.00      0.00     0.00   0.00    0.00     0.00    0.00    0.00    2.52  95.40
sda              0.00      0.00     0.00   0.00    0.00     0.00    1.00      0.00     0.00   0.00    0.00     4.00    0.00      0.00     0.00   0.00    0.00     0.00    0.00    0.00    0.00   0.00


Device            r/s     rMB/s   rrqm/s  %rrqm r_await rareq-sz     w/s     wMB/s   wrqm/s  %wrqm w_await wareq-sz     d/s     dMB/s   drqm/s  %drqm d_await dareq-sz     f/s f_await  aqu-sz  %util
loop0            0.00      0.00     0.00   0.00    0.00     0.00    0.00      0.00     0.00   0.00    0.00     0.00    0.00      0.00     0.00   0.00    0.00     0.00    0.00    0.00    0.00   0.00
nvme0n1       12472.00    194.88     0.00   0.00    0.17    16.00 7085.00    136.41  1503.00  17.50    0.05    19.71    0.00      0.00     0.00   0.00    0.00     0.00    0.00    0.00    2.48  94.40
sda              0.00      0.00     0.00   0.00    0.00     0.00   25.00      0.32    12.00  32.43    0.24    13.28    0.00      0.00     0.00   0.00    0.00     0.00    0.00    0.00    0.01   0.00


Device            r/s     rMB/s   rrqm/s  %rrqm r_await rareq-sz     w/s     wMB/s   wrqm/s  %wrqm w_await wareq-sz     d/s     dMB/s   drqm/s  %drqm d_await dareq-sz     f/s f_await  aqu-sz  %util
loop0            0.00      0.00     0.00   0.00    0.00     0.00    0.00      0.00     0.00   0.00    0.00     0.00    0.00      0.00     0.00   0.00    0.00     0.00    0.00    0.00    0.00   0.00
nvme0n1       12686.00    198.22     0.00   0.00    0.17    16.00 6699.00    125.45  1536.00  18.65    0.05    19.18    0.00      0.00     0.00   0.00    0.00     0.00    0.00    0.00    2.52  94.80
sda              0.00      0.00     0.00   0.00    0.00     0.00    0.00      0.00     0.00   0.00    0.00     0.00    0.00      0.00     0.00   0.00    0.00     0.00    0.00    0.00    0.00   0.00


Device            r/s     rMB/s   rrqm/s  %rrqm r_await rareq-sz     w/s     wMB/s   wrqm/s  %wrqm w_await wareq-sz     d/s     dMB/s   drqm/s  %drqm d_await dareq-sz     f/s f_await  aqu-sz  %util
loop0            0.00      0.00     0.00   0.00    0.00     0.00    0.00      0.00     0.00   0.00    0.00     0.00    0.00      0.00     0.00   0.00    0.00     0.00    0.00    0.00    0.00   0.00
nvme0n1       12320.00    192.50     0.00   0.00    0.17    16.00 7041.00    135.87  1523.00  17.78    0.05    19.76    0.00      0.00     0.00   0.00    0.00     0.00    0.00    0.00    2.46  94.40
sda              0.00      0.00     0.00   0.00    0.00     0.00    2.00      0.14    35.00  94.59    0.50    74.00    0.00      0.00     0.00   0.00    0.00     0.00    2.00    0.00    0.00   0.00


Device            r/s     rMB/s   rrqm/s  %rrqm r_await rareq-sz     w/s     wMB/s   wrqm/s  %wrqm w_await wareq-sz     d/s     dMB/s   drqm/s  %drqm d_await dareq-sz     f/s f_await  aqu-sz  %util
loop0            0.00      0.00     0.00   0.00    0.00     0.00    0.00      0.00     0.00   0.00    0.00     0.00    0.00      0.00     0.00   0.00    0.00     0.00    0.00    0.00    0.00   0.00
nvme0n1       12544.00    196.00     0.00   0.00    0.17    16.00 6797.00    129.40  1510.00  18.18    0.05    19.50    0.00      0.00     0.00   0.00    0.00     0.00    0.00    0.00    2.46  94.30
sda              0.00      0.00     0.00   0.00    0.00     0.00    1.00      0.00     0.00   0.00    0.00     4.00    0.00      0.00     0.00   0.00    0.00     0.00    0.00    0.00    0.00   0.00


Device            r/s     rMB/s   rrqm/s  %rrqm r_await rareq-sz     w/s     wMB/s   wrqm/s  %wrqm w_await wareq-sz     d/s     dMB/s   drqm/s  %drqm d_await dareq-sz     f/s f_await  aqu-sz  %util
loop0            0.00      0.00     0.00   0.00    0.00     0.00    0.00      0.00     0.00   0.00    0.00     0.00    0.00      0.00     0.00   0.00    0.00     0.00    0.00    0.00    0.00   0.00
nvme0n1       12521.00    195.64     0.00   0.00    0.17    16.00 6860.00    131.80  1507.00  18.01    0.05    19.67    0.00      0.00     0.00   0.00    0.00     0.00    0.00    0.00    2.52  94.30
sda              0.00      0.00     0.00   0.00    0.00     0.00    0.00      0.00     0.00   0.00    0.00     0.00    0.00      0.00     0.00   0.00    0.00     0.00    0.00    0.00    0.00   0.00


Device            r/s     rMB/s   rrqm/s  %rrqm r_await rareq-sz     w/s     wMB/s   wrqm/s  %wrqm w_await wareq-sz     d/s     dMB/s   drqm/s  %drqm d_await dareq-sz     f/s f_await  aqu-sz  %util
loop0            0.00      0.00     0.00   0.00    0.00     0.00    0.00      0.00     0.00   0.00    0.00     0.00    0.00      0.00     0.00   0.00    0.00     0.00    0.00    0.00    0.00   0.00
nvme0n1       12518.00    195.59     0.00   0.00    0.17    16.00 6734.00    126.11  1550.00  18.71    0.05    19.18    0.00      0.00     0.00   0.00    0.00     0.00    0.00    0.00    2.50  93.80
sda              0.00      0.00     0.00   0.00    0.00     0.00   26.00      0.33    12.00  31.58    0.23    12.92    0.00      0.00     0.00   0.00    0.00     0.00    0.00    0.00    0.01   0.10


Device            r/s     rMB/s   rrqm/s  %rrqm r_await rareq-sz     w/s     wMB/s   wrqm/s  %wrqm w_await wareq-sz     d/s     dMB/s   drqm/s  %drqm d_await dareq-sz     f/s f_await  aqu-sz  %util
loop0            0.00      0.00     0.00   0.00    0.00     0.00    0.00      0.00     0.00   0.00    0.00     0.00    0.00      0.00     0.00   0.00    0.00     0.00    0.00    0.00    0.00   0.00
nvme0n1       12585.00    196.64     0.00   0.00    0.17    16.00 6964.00    132.92  1537.00  18.08    0.04    19.55    0.00      0.00     0.00   0.00    0.00     0.00    0.00    0.00    2.48  93.80
sda              0.00      0.00     0.00   0.00    0.00     0.00    0.00      0.00     0.00   0.00    0.00     0.00    0.00      0.00     0.00   0.00    0.00     0.00    0.00    0.00    0.00   0.00


Device            r/s     rMB/s   rrqm/s  %rrqm r_await rareq-sz     w/s     wMB/s   wrqm/s  %wrqm w_await wareq-sz     d/s     dMB/s   drqm/s  %drqm d_await dareq-sz     f/s f_await  aqu-sz  %util
loop0            0.00      0.00     0.00   0.00    0.00     0.00    0.00      0.00     0.00   0.00    0.00     0.00    0.00      0.00     0.00   0.00    0.00     0.00    0.00    0.00    0.00   0.00
nvme0n1       12617.00    197.14     0.00   0.00    0.17    16.00 6713.00    126.23  1529.00  18.55    0.05    19.25    0.00      0.00     0.00   0.00    0.00     0.00    0.00    0.00    2.51  95.90
sda              0.00      0.00     0.00   0.00    0.00     0.00    2.00      0.15    37.00  94.87    0.50    78.00    0.00      0.00     0.00   0.00    0.00     0.00    2.00    0.00    0.00   0.00


Device            r/s     rMB/s   rrqm/s  %rrqm r_await rareq-sz     w/s     wMB/s   wrqm/s  %wrqm w_await wareq-sz     d/s     dMB/s   drqm/s  %drqm d_await dareq-sz     f/s f_await  aqu-sz  %util
loop0            0.00      0.00     0.00   0.00    0.00     0.00    0.00      0.00     0.00   0.00    0.00     0.00    0.00      0.00     0.00   0.00    0.00     0.00    0.00    0.00    0.00   0.00
nvme0n1       12524.00    195.69     0.00   0.00    0.17    16.00 6773.00    128.67  1483.00  17.96    0.05    19.45    0.00      0.00     0.00   0.00    0.00     0.00    0.00    0.00    2.50  94.60
sda              0.00      0.00     0.00   0.00    0.00     0.00    0.00      0.00     0.00   0.00    0.00     0.00    0.00      0.00     0.00   0.00    0.00     0.00    0.00    0.00    0.00   0.00


Device            r/s     rMB/s   rrqm/s  %rrqm r_await rareq-sz     w/s     wMB/s   wrqm/s  %wrqm w_await wareq-sz     d/s     dMB/s   drqm/s  %drqm d_await dareq-sz     f/s f_await  aqu-sz  %util
loop0            0.00      0.00     0.00   0.00    0.00     0.00    0.00      0.00     0.00   0.00    0.00     0.00    0.00      0.00     0.00   0.00    0.00     0.00    0.00    0.00    0.00   0.00
nvme0n1       12538.00    195.91     0.00   0.00    0.17    16.00 6808.00    129.03  1493.00  17.99    0.05    19.41    0.00      0.00     0.00   0.00    0.00     0.00    0.00    0.00    2.50  94.40
sda              0.00      0.00     0.00   0.00    0.00     0.00    0.00      0.00     0.00   0.00    0.00     0.00    0.00      0.00     0.00   0.00    0.00     0.00    0.00    0.00    0.00   0.00


Device            r/s     rMB/s   rrqm/s  %rrqm r_await rareq-sz     w/s     wMB/s   wrqm/s  %wrqm w_await wareq-sz     d/s     dMB/s   drqm/s  %drqm d_await dareq-sz     f/s f_await  aqu-sz  %util
loop0            0.00      0.00     0.00   0.00    0.00     0.00    0.00      0.00     0.00   0.00    0.00     0.00    0.00      0.00     0.00   0.00    0.00     0.00    0.00    0.00    0.00   0.00
nvme0n1       12548.00    196.06     0.00   0.00    0.17    16.00 6978.00    133.71  1522.00  17.91    0.05    19.62    0.00      0.00     0.00   0.00    0.00     0.00    0.00    0.00    2.53  93.90
sda              0.00      0.00     0.00   0.00    0.00     0.00   25.00      0.33    13.00  34.21    0.24    13.44    0.00      0.00     0.00   0.00    0.00     0.00    0.00    0.00    0.01   0.00


Device            r/s     rMB/s   rrqm/s  %rrqm r_await rareq-sz     w/s     wMB/s   wrqm/s  %wrqm w_await wareq-sz     d/s     dMB/s   drqm/s  %drqm d_await dareq-sz     f/s f_await  aqu-sz  %util
loop0            0.00      0.00     0.00   0.00    0.00     0.00    0.00      0.00     0.00   0.00    0.00     0.00    0.00      0.00     0.00   0.00    0.00     0.00    0.00    0.00    0.00   0.00
nvme0n1       12598.00    196.84     0.00   0.00    0.17    16.00 6927.00    131.91  1523.00  18.02    0.05    19.50    0.00      0.00     0.00   0.00    0.00     0.00    0.00    0.00    2.49  93.80
sda              0.00      0.00     0.00   0.00    0.00     0.00    1.00      0.00     0.00   0.00    0.00     4.00    0.00      0.00     0.00   0.00    0.00     0.00    0.00    0.00    0.00   0.00


Device            r/s     rMB/s   rrqm/s  %rrqm r_await rareq-sz     w/s     wMB/s   wrqm/s  %wrqm w_await wareq-sz     d/s     dMB/s   drqm/s  %drqm d_await dareq-sz     f/s f_await  aqu-sz  %util
loop0            0.00      0.00     0.00   0.00    0.00     0.00    0.00      0.00     0.00   0.00    0.00     0.00    0.00      0.00     0.00   0.00    0.00     0.00    0.00    0.00    0.00   0.00
nvme0n1       12406.00    193.84     0.00   0.00    0.18    16.00 6924.00    131.45  1525.00  18.05    0.05    19.44    0.00      0.00     0.00   0.00    0.00     0.00    0.00    0.00    2.50  93.80
sda              0.00      0.00     0.00   0.00    0.00     0.00    2.00      0.15    36.00  94.74    0.00    76.00    0.00      0.00     0.00   0.00    0.00     0.00    2.00    0.00    0.00   0.10


Device            r/s     rMB/s   rrqm/s  %rrqm r_await rareq-sz     w/s     wMB/s   wrqm/s  %wrqm w_await wareq-sz     d/s     dMB/s   drqm/s  %drqm d_await dareq-sz     f/s f_await  aqu-sz  %util
loop0            0.00      0.00     0.00   0.00    0.00     0.00    0.00      0.00     0.00   0.00    0.00     0.00    0.00      0.00     0.00   0.00    0.00     0.00    0.00    0.00    0.00   0.00
nvme0n1       12544.00    196.00     0.00   0.00    0.17    16.00 6864.00    130.48  1530.00  18.23    0.05    19.47    0.00      0.00     0.00   0.00    0.00     0.00    0.00    0.00    2.51  94.20
sda              0.00      0.00     0.00   0.00    0.00     0.00    0.00      0.00     0.00   0.00    0.00     0.00    0.00      0.00     0.00   0.00    0.00     0.00    0.00    0.00    0.00   0.00


Device            r/s     rMB/s   rrqm/s  %rrqm r_await rareq-sz     w/s     wMB/s   wrqm/s  %wrqm w_await wareq-sz     d/s     dMB/s   drqm/s  %drqm d_await dareq-sz     f/s f_await  aqu-sz  %util
loop0            0.00      0.00     0.00   0.00    0.00     0.00    0.00      0.00     0.00   0.00    0.00     0.00    0.00      0.00     0.00   0.00    0.00     0.00    0.00    0.00    0.00   0.00
nvme0n1       12492.00    195.19     0.00   0.00    0.17    16.00 7008.00    134.22  1504.00  17.67    0.05    19.61    0.00      0.00     0.00   0.00    0.00     0.00    0.00    0.00    2.49  94.10
sda              0.00      0.00     0.00   0.00    0.00     0.00    0.00      0.00     0.00   0.00    0.00     0.00    0.00      0.00     0.00   0.00    0.00     0.00    0.00    0.00    0.00   0.00


Device            r/s     rMB/s   rrqm/s  %rrqm r_await rareq-sz     w/s     wMB/s   wrqm/s  %wrqm w_await wareq-sz     d/s     dMB/s   drqm/s  %drqm d_await dareq-sz     f/s f_await  aqu-sz  %util
loop0            0.00      0.00     0.00   0.00    0.00     0.00    0.00      0.00     0.00   0.00    0.00     0.00    0.00      0.00     0.00   0.00    0.00     0.00    0.00    0.00    0.00   0.00
nvme0n1       12366.00    193.22     0.00   0.00    0.17    16.00 6725.00    128.87  1456.00  17.80    0.05    19.62    0.00      0.00     0.00   0.00    0.00     0.00    0.00    0.00    2.47  93.70
sda              0.00      0.00     0.00   0.00    0.00     0.00   25.00      0.33    13.00  34.21    0.24    13.60    0.00      0.00     0.00   0.00    0.00     0.00    0.00    0.00    0.01   0.10


Device            r/s     rMB/s   rrqm/s  %rrqm r_await rareq-sz     w/s     wMB/s   wrqm/s  %wrqm w_await wareq-sz     d/s     dMB/s   drqm/s  %drqm d_await dareq-sz     f/s f_await  aqu-sz  %util
loop0            0.00      0.00     0.00   0.00    0.00     0.00    0.00      0.00     0.00   0.00    0.00     0.00    0.00      0.00     0.00   0.00    0.00     0.00    0.00    0.00    0.00   0.00
nvme0n1       12307.00    192.30     0.00   0.00    0.18    16.00 6717.00    127.51  1475.00  18.01    0.06    19.44    0.00      0.00     0.00   0.00    0.00     0.00    0.00    0.00    2.59  93.50
sda              0.00      0.00     0.00   0.00    0.00     0.00    0.00      0.00     0.00   0.00    0.00     0.00    0.00      0.00     0.00   0.00    0.00     0.00    0.00    0.00    0.00   0.00


Device            r/s     rMB/s   rrqm/s  %rrqm r_await rareq-sz     w/s     wMB/s   wrqm/s  %wrqm w_await wareq-sz     d/s     dMB/s   drqm/s  %drqm d_await dareq-sz     f/s f_await  aqu-sz  %util
loop0            0.00      0.00     0.00   0.00    0.00     0.00    0.00      0.00     0.00   0.00    0.00     0.00    0.00      0.00     0.00   0.00    0.00     0.00    0.00    0.00    0.00   0.00
nvme0n1       12389.00    193.58     0.00   0.00    0.18    16.00 6776.00    127.93  1499.00  18.11    0.05    19.33    0.00      0.00     0.00   0.00    0.00     0.00    0.00    0.00    2.56  93.90
sda              0.00      0.00     0.00   0.00    0.00     0.00    3.00      0.15    35.00  92.11    0.33    50.67    0.00      0.00     0.00   0.00    0.00     0.00    2.00    0.00    0.00   0.10


Device            r/s     rMB/s   rrqm/s  %rrqm r_await rareq-sz     w/s     wMB/s   wrqm/s  %wrqm w_await wareq-sz     d/s     dMB/s   drqm/s  %drqm d_await dareq-sz     f/s f_await  aqu-sz  %util
loop0            0.00      0.00     0.00   0.00    0.00     0.00    0.00      0.00     0.00   0.00    0.00     0.00    0.00      0.00     0.00   0.00    0.00     0.00    0.00    0.00    0.00   0.00
nvme0n1       12161.00    190.02     0.00   0.00    0.18    16.00 6854.00    131.54  1469.00  17.65    0.06    19.65    0.00      0.00     0.00   0.00    0.00     0.00    0.00    0.00    2.58  94.40
sda              0.00      0.00     0.00   0.00    0.00     0.00    0.00      0.00     0.00   0.00    0.00     0.00    0.00      0.00     0.00   0.00    0.00     0.00    0.00    0.00    0.00   0.00


Device            r/s     rMB/s   rrqm/s  %rrqm r_await rareq-sz     w/s     wMB/s   wrqm/s  %wrqm w_await wareq-sz     d/s     dMB/s   drqm/s  %drqm d_await dareq-sz     f/s f_await  aqu-sz  %util
loop0            0.00      0.00     0.00   0.00    0.00     0.00    0.00      0.00     0.00   0.00    0.00     0.00    0.00      0.00     0.00   0.00    0.00     0.00    0.00    0.00    0.00   0.00
nvme0n1       12234.00    191.16     0.00   0.00    0.18    16.00 6825.00    130.31  1468.00  17.70    0.06    19.55    0.00      0.00     0.00   0.00    0.00     0.00    0.00    0.00    2.58  93.80
sda              0.00      0.00     0.00   0.00    0.00     0.00    0.00      0.00     0.00   0.00    0.00     0.00    0.00      0.00     0.00   0.00    0.00     0.00    0.00    0.00    0.00   0.00


Device            r/s     rMB/s   rrqm/s  %rrqm r_await rareq-sz     w/s     wMB/s   wrqm/s  %wrqm w_await wareq-sz     d/s     dMB/s   drqm/s  %drqm d_await dareq-sz     f/s f_await  aqu-sz  %util
loop0            0.00      0.00     0.00   0.00    0.00     0.00    0.00      0.00     0.00   0.00    0.00     0.00    0.00      0.00     0.00   0.00    0.00     0.00    0.00    0.00    0.00   0.00
nvme0n1       12775.00    199.62     0.00   0.00    0.17    16.00 6814.00    127.42  1535.00  18.39    0.05    19.15    0.00      0.00     0.00   0.00    0.00     0.00    0.00    0.00    2.52  95.70
sda              0.00      0.00     0.00   0.00    0.00     0.00   25.00      0.34    13.00  34.21    0.24    13.76    0.00      0.00     0.00   0.00    0.00     0.00    0.00    0.00    0.01   0.10


Device            r/s     rMB/s   rrqm/s  %rrqm r_await rareq-sz     w/s     wMB/s   wrqm/s  %wrqm w_await wareq-sz     d/s     dMB/s   drqm/s  %drqm d_await dareq-sz     f/s f_await  aqu-sz  %util
loop0            0.00      0.00     0.00   0.00    0.00     0.00    0.00      0.00     0.00   0.00    0.00     0.00    0.00      0.00     0.00   0.00    0.00     0.00    0.00    0.00    0.00   0.00
nvme0n1       12535.00    195.84     0.00   0.00    0.17    16.00 6912.00    131.10  1524.00  18.07    0.04    19.42    0.00      0.00     0.00   0.00    0.00     0.00    0.00    0.00    2.47  94.70
sda              0.00      0.00     0.00   0.00    0.00     0.00    0.00      0.00     0.00   0.00    0.00     0.00    0.00      0.00     0.00   0.00    0.00     0.00    0.00    0.00    0.00   0.00


Device            r/s     rMB/s   rrqm/s  %rrqm r_await rareq-sz     w/s     wMB/s   wrqm/s  %wrqm w_await wareq-sz     d/s     dMB/s   drqm/s  %drqm d_await dareq-sz     f/s f_await  aqu-sz  %util
loop0            0.00      0.00     0.00   0.00    0.00     0.00    0.00      0.00     0.00   0.00    0.00     0.00    0.00      0.00     0.00   0.00    0.00     0.00    0.00    0.00    0.00   0.00
nvme0n1       12560.00    196.25     0.00   0.00    0.17    16.00 6923.00    131.78  1543.00  18.23    0.04    19.49    0.00      0.00     0.00   0.00    0.00     0.00    0.00    0.00    2.50  94.70
sda              0.00      0.00     0.00   0.00    0.00     0.00    2.00      0.15    37.00  94.87    0.00    78.00    0.00      0.00     0.00   0.00    0.00     0.00    2.00    0.00    0.00   0.00


Device            r/s     rMB/s   rrqm/s  %rrqm r_await rareq-sz     w/s     wMB/s   wrqm/s  %wrqm w_await wareq-sz     d/s     dMB/s   drqm/s  %drqm d_await dareq-sz     f/s f_await  aqu-sz  %util
loop0            0.00      0.00     0.00   0.00    0.00     0.00    0.00      0.00     0.00   0.00    0.00     0.00    0.00      0.00     0.00   0.00    0.00     0.00    0.00    0.00    0.00   0.00
nvme0n1       12614.00    197.09     0.00   0.00    0.17    16.00 6788.00    127.63  1547.00  18.56    0.04    19.25    0.00      0.00     0.00   0.00    0.00     0.00    0.00    0.00    2.45  94.40
sda              0.00      0.00     0.00   0.00    0.00     0.00    1.00      0.00     0.00   0.00    0.00     4.00    0.00      0.00     0.00   0.00    0.00     0.00    0.00    0.00    0.00   0.00


Device            r/s     rMB/s   rrqm/s  %rrqm r_await rareq-sz     w/s     wMB/s   wrqm/s  %wrqm w_await wareq-sz     d/s     dMB/s   drqm/s  %drqm d_await dareq-sz     f/s f_await  aqu-sz  %util
loop0            0.00      0.00     0.00   0.00    0.00     0.00    0.00      0.00     0.00   0.00    0.00     0.00    0.00      0.00     0.00   0.00    0.00     0.00    0.00    0.00    0.00   0.00
nvme0n1       12535.00    195.86     0.00   0.00    0.17    16.00 6813.00    127.86  1540.00  18.44    0.05    19.22    0.00      0.00     0.00   0.00    0.00     0.00    0.00    0.00    2.50  93.90
sda              0.00      0.00     0.00   0.00    0.00     0.00    0.00      0.00     0.00   0.00    0.00     0.00    0.00      0.00     0.00   0.00    0.00     0.00    0.00    0.00    0.00   0.00


Device            r/s     rMB/s   rrqm/s  %rrqm r_await rareq-sz     w/s     wMB/s   wrqm/s  %wrqm w_await wareq-sz     d/s     dMB/s   drqm/s  %drqm d_await dareq-sz     f/s f_await  aqu-sz  %util
loop0            0.00      0.00     0.00   0.00    0.00     0.00    0.00      0.00     0.00   0.00    0.00     0.00    0.00      0.00     0.00   0.00    0.00     0.00    0.00    0.00    0.00   0.00
nvme0n1       12596.00    196.81     0.00   0.00    0.17    16.00 6819.00    130.53  1486.00  17.89    0.05    19.60    0.00      0.00     0.00   0.00    0.00     0.00    0.00    0.00    2.46  94.20
sda              0.00      0.00     0.00   0.00    0.00     0.00   25.00      0.34    15.00  37.50    0.28    13.76    0.00      0.00     0.00   0.00    0.00     0.00    0.00    0.00    0.01   0.10


Device            r/s     rMB/s   rrqm/s  %rrqm r_await rareq-sz     w/s     wMB/s   wrqm/s  %wrqm w_await wareq-sz     d/s     dMB/s   drqm/s  %drqm d_await dareq-sz     f/s f_await  aqu-sz  %util
loop0            0.00      0.00     0.00   0.00    0.00     0.00    0.00      0.00     0.00   0.00    0.00     0.00    0.00      0.00     0.00   0.00    0.00     0.00    0.00    0.00    0.00   0.00
nvme0n1       12392.00    193.62     0.00   0.00    0.17    16.00 6961.00    132.52  1525.00  17.97    0.05    19.49    0.00      0.00     0.00   0.00    0.00     0.00    0.00    0.00    2.49  94.80
sda              0.00      0.00     0.00   0.00    0.00     0.00    0.00      0.00     0.00   0.00    0.00     0.00    0.00      0.00     0.00   0.00    0.00     0.00    0.00    0.00    0.00   0.00


Device            r/s     rMB/s   rrqm/s  %rrqm r_await rareq-sz     w/s     wMB/s   wrqm/s  %wrqm w_await wareq-sz     d/s     dMB/s   drqm/s  %drqm d_await dareq-sz     f/s f_await  aqu-sz  %util
loop0            0.00      0.00     0.00   0.00    0.00     0.00    0.00      0.00     0.00   0.00    0.00     0.00    0.00      0.00     0.00   0.00    0.00     0.00    0.00    0.00    0.00   0.00
nvme0n1       12763.00    199.42     0.00   0.00    0.17    16.00 6810.00    128.42  1541.00  18.45    0.04    19.31    0.00      0.00     0.00   0.00    0.00     0.00    0.00    0.00    2.40  93.70
sda              0.00      0.00     0.00   0.00    0.00     0.00    2.00      0.16    40.00  95.24    0.50    84.00    0.00      0.00     0.00   0.00    0.00     0.00    2.00    0.00    0.00   0.00


Device            r/s     rMB/s   rrqm/s  %rrqm r_await rareq-sz     w/s     wMB/s   wrqm/s  %wrqm w_await wareq-sz     d/s     dMB/s   drqm/s  %drqm d_await dareq-sz     f/s f_await  aqu-sz  %util
loop0            0.00      0.00     0.00   0.00    0.00     0.00    0.00      0.00     0.00   0.00    0.00     0.00    0.00      0.00     0.00   0.00    0.00     0.00    0.00    0.00    0.00   0.00
nvme0n1       12833.00    200.52     0.00   0.00    0.17    16.00 6731.00    125.52  1558.00  18.80    0.04    19.10    0.00      0.00     0.00   0.00    0.00     0.00    0.00    0.00    2.40  94.70
sda              0.00      0.00     0.00   0.00    0.00     0.00   40.00      0.18     5.00  11.11    0.17     4.50    0.00      0.00     0.00   0.00    0.00     0.00    0.00    0.00    0.01   0.00


Device            r/s     rMB/s   rrqm/s  %rrqm r_await rareq-sz     w/s     wMB/s   wrqm/s  %wrqm w_await wareq-sz     d/s     dMB/s   drqm/s  %drqm d_await dareq-sz     f/s f_await  aqu-sz  %util
loop0            0.00      0.00     0.00   0.00    0.00     0.00    0.00      0.00     0.00   0.00    0.00     0.00    0.00      0.00     0.00   0.00    0.00     0.00    0.00    0.00    0.00   0.00
nvme0n1       12797.00    199.95     0.00   0.00    0.17    16.00 6945.00    130.90  1608.00  18.80    0.04    19.30    0.00      0.00     0.00   0.00    0.00     0.00    0.00    0.00    2.40  94.80
sda              0.00      0.00     0.00   0.00    0.00     0.00    1.00      0.00     0.00   0.00    0.00     4.00    0.00      0.00     0.00   0.00    0.00     0.00    0.00    0.00    0.00   0.00


Device            r/s     rMB/s   rrqm/s  %rrqm r_await rareq-sz     w/s     wMB/s   wrqm/s  %wrqm w_await wareq-sz     d/s     dMB/s   drqm/s  %drqm d_await dareq-sz     f/s f_await  aqu-sz  %util
loop0            0.00      0.00     0.00   0.00    0.00     0.00    0.00      0.00     0.00   0.00    0.00     0.00    0.00      0.00     0.00   0.00    0.00     0.00    0.00    0.00    0.00   0.00
nvme0n1       12777.00    199.64     0.00   0.00    0.17    16.00 6923.00    132.66  1519.00  17.99    0.04    19.62    0.00      0.00     0.00   0.00    0.00     0.00    0.00    0.00    2.39  93.00
sda              0.00      0.00     0.00   0.00    0.00     0.00    0.00      0.00     0.00   0.00    0.00     0.00    0.00      0.00     0.00   0.00    0.00     0.00    0.00    0.00    0.00   0.00


Device            r/s     rMB/s   rrqm/s  %rrqm r_await rareq-sz     w/s     wMB/s   wrqm/s  %wrqm w_await wareq-sz     d/s     dMB/s   drqm/s  %drqm d_await dareq-sz     f/s f_await  aqu-sz  %util
loop0            0.00      0.00     0.00   0.00    0.00     0.00    0.00      0.00     0.00   0.00    0.00     0.00    0.00      0.00     0.00   0.00    0.00     0.00    0.00    0.00    0.00   0.00
nvme0n1       12780.00    199.69     0.00   0.00    0.17    16.00 7053.00    134.38  1608.00  18.57    0.04    19.51    0.00      0.00     0.00   0.00    0.00     0.00    0.00    0.00    2.40  93.70
sda              0.00      0.00     0.00   0.00    0.00     0.00   27.00      0.33    11.00  28.95    0.22    12.59    0.00      0.00     0.00   0.00    0.00     0.00    0.00    0.00    0.01   0.10


Device            r/s     rMB/s   rrqm/s  %rrqm r_await rareq-sz     w/s     wMB/s   wrqm/s  %wrqm w_await wareq-sz     d/s     dMB/s   drqm/s  %drqm d_await dareq-sz     f/s f_await  aqu-sz  %util
loop0            0.00      0.00     0.00   0.00    0.00     0.00    0.00      0.00     0.00   0.00    0.00     0.00    0.00      0.00     0.00   0.00    0.00     0.00    0.00    0.00    0.00   0.00
nvme0n1       12646.00    197.59     0.00   0.00    0.17    16.00 6757.00    127.27  1533.00  18.49    0.04    19.29    0.00      0.00     0.00   0.00    0.00     0.00    0.00    0.00    2.36  93.70
sda              0.00      0.00     0.00   0.00    0.00     0.00    2.00      0.17    41.00  95.35    0.50    86.00    0.00      0.00     0.00   0.00    0.00     0.00    2.00    0.00    0.00   0.00


Device            r/s     rMB/s   rrqm/s  %rrqm r_await rareq-sz     w/s     wMB/s   wrqm/s  %wrqm w_await wareq-sz     d/s     dMB/s   drqm/s  %drqm d_await dareq-sz     f/s f_await  aqu-sz  %util
loop0            0.00      0.00     0.00   0.00    0.00     0.00    0.00      0.00     0.00   0.00    0.00     0.00    0.00      0.00     0.00   0.00    0.00     0.00    0.00    0.00    0.00   0.00
nvme0n1       12630.00    197.34     0.00   0.00    0.17    16.00 6741.00    126.53  1570.00  18.89    0.04    19.22    0.00      0.00     0.00   0.00    0.00     0.00    0.00    0.00    2.38  93.80
sda              0.00      0.00     0.00   0.00    0.00     0.00    0.00      0.00     0.00   0.00    0.00     0.00    0.00      0.00     0.00   0.00    0.00     0.00    0.00    0.00    0.00   0.00


Device            r/s     rMB/s   rrqm/s  %rrqm r_await rareq-sz     w/s     wMB/s   wrqm/s  %wrqm w_await wareq-sz     d/s     dMB/s   drqm/s  %drqm d_await dareq-sz     f/s f_await  aqu-sz  %util
loop0            0.00      0.00     0.00   0.00    0.00     0.00    0.00      0.00     0.00   0.00    0.00     0.00    0.00      0.00     0.00   0.00    0.00     0.00    0.00    0.00    0.00   0.00
nvme0n1       12674.00    198.03     0.00   0.00    0.17    16.00 6967.00    131.36  1585.00  18.53    0.04    19.31    0.00      0.00     0.00   0.00    0.00     0.00    0.00    0.00    2.38  93.70
sda              0.00      0.00     0.00   0.00    0.00     0.00    1.00      0.07     1.00  50.00    0.00    72.00    0.00      0.00     0.00   0.00    0.00     0.00    0.00    0.00    0.00   0.00


Device            r/s     rMB/s   rrqm/s  %rrqm r_await rareq-sz     w/s     wMB/s   wrqm/s  %wrqm w_await wareq-sz     d/s     dMB/s   drqm/s  %drqm d_await dareq-sz     f/s f_await  aqu-sz  %util
loop0            0.00      0.00     0.00   0.00    0.00     0.00    0.00      0.00     0.00   0.00    0.00     0.00    0.00      0.00     0.00   0.00    0.00     0.00    0.00    0.00    0.00   0.00
nvme0n1       12751.00    199.23     0.00   0.00    0.17    16.00 6877.00    129.43  1590.00  18.78    0.04    19.27    0.00      0.00     0.00   0.00    0.00     0.00    0.00    0.00    2.40  94.90
sda              0.00      0.00     0.00   0.00    0.00     0.00    1.00      0.00     0.00   0.00    0.00     4.00    0.00      0.00     0.00   0.00    0.00     0.00    0.00    0.00    0.00   0.00


Device            r/s     rMB/s   rrqm/s  %rrqm r_await rareq-sz     w/s     wMB/s   wrqm/s  %wrqm w_await wareq-sz     d/s     dMB/s   drqm/s  %drqm d_await dareq-sz     f/s f_await  aqu-sz  %util
loop0            0.00      0.00     0.00   0.00    0.00     0.00    0.00      0.00     0.00   0.00    0.00     0.00    0.00      0.00     0.00   0.00    0.00     0.00    0.00    0.00    0.00   0.00
nvme0n1       12574.00    196.47     0.00   0.00    0.17    16.00 6900.00    131.34  1538.00  18.23    0.04    19.49    0.00      0.00     0.00   0.00    0.00     0.00    0.00    0.00    2.37  92.90
sda              0.00      0.00     0.00   0.00    0.00     0.00   26.00      0.32    11.00  29.73    0.35    12.62    0.00      0.00     0.00   0.00    0.00     0.00    0.00    0.00    0.01   0.10


Device            r/s     rMB/s   rrqm/s  %rrqm r_await rareq-sz     w/s     wMB/s   wrqm/s  %wrqm w_await wareq-sz     d/s     dMB/s   drqm/s  %drqm d_await dareq-sz     f/s f_await  aqu-sz  %util
loop0            0.00      0.00     0.00   0.00    0.00     0.00    0.00      0.00     0.00   0.00    0.00     0.00    0.00      0.00     0.00   0.00    0.00     0.00    0.00    0.00    0.00   0.00
nvme0n1       12729.00    198.89     0.00   0.00    0.17    16.00 6977.00    133.38  1544.00  18.12    0.04    19.58    0.00      0.00     0.00   0.00    0.00     0.00    0.00    0.00    2.39  93.10
sda              0.00      0.00     0.00   0.00    0.00     0.00    2.00      0.16    39.00  95.12    0.00    82.00    0.00      0.00     0.00   0.00    0.00     0.00    2.00    0.00    0.00   0.00


Device            r/s     rMB/s   rrqm/s  %rrqm r_await rareq-sz     w/s     wMB/s   wrqm/s  %wrqm w_await wareq-sz     d/s     dMB/s   drqm/s  %drqm d_await dareq-sz     f/s f_await  aqu-sz  %util
loop0            0.00      0.00     0.00   0.00    0.00     0.00    0.00      0.00     0.00   0.00    0.00     0.00    0.00      0.00     0.00   0.00    0.00     0.00    0.00    0.00    0.00   0.00
nvme0n1       12681.00    198.14     0.00   0.00    0.17    16.00 6855.00    130.99  1559.00  18.53    0.04    19.57    0.00      0.00     0.00   0.00    0.00     0.00    0.00    0.00    2.37  93.80
sda              0.00      0.00     0.00   0.00    0.00     0.00    0.00      0.00     0.00   0.00    0.00     0.00    0.00      0.00     0.00   0.00    0.00     0.00    0.00    0.00    0.00   0.00


Device            r/s     rMB/s   rrqm/s  %rrqm r_await rareq-sz     w/s     wMB/s   wrqm/s  %wrqm w_await wareq-sz     d/s     dMB/s   drqm/s  %drqm d_await dareq-sz     f/s f_await  aqu-sz  %util
loop0            0.00      0.00     0.00   0.00    0.00     0.00    0.00      0.00     0.00   0.00    0.00     0.00    0.00      0.00     0.00   0.00    0.00     0.00    0.00    0.00    0.00   0.00
nvme0n1       12609.00    197.02     0.00   0.00    0.17    16.00 7002.00    134.60  1547.00  18.10    0.04    19.68    0.00      0.00     0.00   0.00    0.00     0.00    0.00    0.00    2.37  94.20
sda              0.00      0.00     0.00   0.00    0.00     0.00    0.00      0.00     0.00   0.00    0.00     0.00    0.00      0.00     0.00   0.00    0.00     0.00    0.00    0.00    0.00   0.00


Device            r/s     rMB/s   rrqm/s  %rrqm r_await rareq-sz     w/s     wMB/s   wrqm/s  %wrqm w_await wareq-sz     d/s     dMB/s   drqm/s  %drqm d_await dareq-sz     f/s f_await  aqu-sz  %util
loop0            0.00      0.00     0.00   0.00    0.00     0.00    0.00      0.00     0.00   0.00    0.00     0.00    0.00      0.00     0.00   0.00    0.00     0.00    0.00    0.00    0.00   0.00
nvme0n1       12781.00    199.70     0.00   0.00    0.17    16.00 6905.00    130.16  1573.00  18.55    0.04    19.30    0.00      0.00     0.00   0.00    0.00     0.00    0.00    0.00    2.42  95.40
sda              0.00      0.00     0.00   0.00    0.00     0.00    0.00      0.00     0.00   0.00    0.00     0.00    0.00      0.00     0.00   0.00    0.00     0.00    0.00    0.00    0.00   0.00


Device            r/s     rMB/s   rrqm/s  %rrqm r_await rareq-sz     w/s     wMB/s   wrqm/s  %wrqm w_await wareq-sz     d/s     dMB/s   drqm/s  %drqm d_await dareq-sz     f/s f_await  aqu-sz  %util
loop0            0.00      0.00     0.00   0.00    0.00     0.00    0.00      0.00     0.00   0.00    0.00     0.00    0.00      0.00     0.00   0.00    0.00     0.00    0.00    0.00    0.00   0.00
nvme0n1       12728.00    198.88     0.00   0.00    0.17    16.00 6955.00    131.72  1550.00  18.22    0.04    19.39    0.00      0.00     0.00   0.00    0.00     0.00    0.00    0.00    2.40  93.40
sda              0.00      0.00     0.00   0.00    0.00     0.00   27.00      0.33    13.00  32.50    0.22    12.59    0.00      0.00     0.00   0.00    0.00     0.00    0.00    0.00    0.01   0.10


Device            r/s     rMB/s   rrqm/s  %rrqm r_await rareq-sz     w/s     wMB/s   wrqm/s  %wrqm w_await wareq-sz     d/s     dMB/s   drqm/s  %drqm d_await dareq-sz     f/s f_await  aqu-sz  %util
loop0            0.00      0.00     0.00   0.00    0.00     0.00    0.00      0.00     0.00   0.00    0.00     0.00    0.00      0.00     0.00   0.00    0.00     0.00    0.00    0.00    0.00   0.00
nvme0n1       12726.00    198.84     0.00   0.00    0.17    16.00 6908.00    131.24  1545.00  18.28    0.04    19.45    0.00      0.00     0.00   0.00    0.00     0.00    0.00    0.00    2.39  93.30
sda              0.00      0.00     0.00   0.00    0.00     0.00    2.00      0.16    38.00  95.00    0.50    80.00    0.00      0.00     0.00   0.00    0.00     0.00    2.00    0.00    0.00   0.10


Device            r/s     rMB/s   rrqm/s  %rrqm r_await rareq-sz     w/s     wMB/s   wrqm/s  %wrqm w_await wareq-sz     d/s     dMB/s   drqm/s  %drqm d_await dareq-sz     f/s f_await  aqu-sz  %util
loop0            0.00      0.00     0.00   0.00    0.00     0.00    0.00      0.00     0.00   0.00    0.00     0.00    0.00      0.00     0.00   0.00    0.00     0.00    0.00    0.00    0.00   0.00
nvme0n1       12755.00    199.30     0.00   0.00    0.17    16.00 6979.00    132.03  1591.00  18.56    0.04    19.37    0.00      0.00     0.00   0.00    0.00     0.00    0.00    0.00    2.40  94.10
sda              0.00      0.00     0.00   0.00    0.00     0.00    0.00      0.00     0.00   0.00    0.00     0.00    0.00      0.00     0.00   0.00    0.00     0.00    0.00    0.00    0.00   0.00


Device            r/s     rMB/s   rrqm/s  %rrqm r_await rareq-sz     w/s     wMB/s   wrqm/s  %wrqm w_await wareq-sz     d/s     dMB/s   drqm/s  %drqm d_await dareq-sz     f/s f_await  aqu-sz  %util
loop0            0.00      0.00     0.00   0.00    0.00     0.00    0.00      0.00     0.00   0.00    0.00     0.00    0.00      0.00     0.00   0.00    0.00     0.00    0.00    0.00    0.00   0.00
nvme0n1       12826.00    200.41     0.00   0.00    0.17    16.00 6791.00    128.08  1531.00  18.40    0.04    19.31    0.00      0.00     0.00   0.00    0.00     0.00    0.00    0.00    2.40  93.50
sda              0.00      0.00     0.00   0.00    0.00     0.00    0.00      0.00     0.00   0.00    0.00     0.00    0.00      0.00     0.00   0.00    0.00     0.00    0.00    0.00    0.00   0.00


Device            r/s     rMB/s   rrqm/s  %rrqm r_await rareq-sz     w/s     wMB/s   wrqm/s  %wrqm w_await wareq-sz     d/s     dMB/s   drqm/s  %drqm d_await dareq-sz     f/s f_await  aqu-sz  %util
loop0            0.00      0.00     0.00   0.00    0.00     0.00    0.00      0.00     0.00   0.00    0.00     0.00    0.00      0.00     0.00   0.00    0.00     0.00    0.00    0.00    0.00   0.00
nvme0n1       12715.00    198.67     0.00   0.00    0.17    16.00 6891.00    130.31  1563.00  18.49    0.04    19.36    0.00      0.00     0.00   0.00    0.00     0.00    0.00    0.00    2.38  94.60
sda              0.00      0.00     0.00   0.00    0.00     0.00    0.00      0.00     0.00   0.00    0.00     0.00    0.00      0.00     0.00   0.00    0.00     0.00    0.00    0.00    0.00   0.00


Device            r/s     rMB/s   rrqm/s  %rrqm r_await rareq-sz     w/s     wMB/s   wrqm/s  %wrqm w_await wareq-sz     d/s     dMB/s   drqm/s  %drqm d_await dareq-sz     f/s f_await  aqu-sz  %util
loop0            0.00      0.00     0.00   0.00    0.00     0.00    0.00      0.00     0.00   0.00    0.00     0.00    0.00      0.00     0.00   0.00    0.00     0.00    0.00    0.00    0.00   0.00
nvme0n1       12728.00    198.88     0.00   0.00    0.17    16.00 6867.00    131.02  1520.00  18.12    0.04    19.54    0.00      0.00     0.00   0.00    0.00     0.00    0.00    0.00    2.38  94.80
sda              0.00      0.00     0.00   0.00    0.00     0.00   25.00      0.32    11.00  30.56    0.28    12.96    0.00      0.00     0.00   0.00    0.00     0.00    0.00    0.00    0.01   0.00


Device            r/s     rMB/s   rrqm/s  %rrqm r_await rareq-sz     w/s     wMB/s   wrqm/s  %wrqm w_await wareq-sz     d/s     dMB/s   drqm/s  %drqm d_await dareq-sz     f/s f_await  aqu-sz  %util
loop0            0.00      0.00     0.00   0.00    0.00     0.00    0.00      0.00     0.00   0.00    0.00     0.00    0.00      0.00     0.00   0.00    0.00     0.00    0.00    0.00    0.00   0.00
nvme0n1       12655.00    197.73     0.00   0.00    0.17    16.00 7065.00    137.75  1547.00  17.96    0.04    19.97    0.00      0.00     0.00   0.00    0.00     0.00    0.00    0.00    2.39  94.00
sda              0.00      0.00     0.00   0.00    0.00     0.00    3.00      0.13    31.00  91.18    0.00    45.33    0.00      0.00     0.00   0.00    0.00     0.00    2.00    0.00    0.00   0.00


Device            r/s     rMB/s   rrqm/s  %rrqm r_await rareq-sz     w/s     wMB/s   wrqm/s  %wrqm w_await wareq-sz     d/s     dMB/s   drqm/s  %drqm d_await dareq-sz     f/s f_await  aqu-sz  %util
loop0            0.00      0.00     0.00   0.00    0.00     0.00    0.00      0.00     0.00   0.00    0.00     0.00    0.00      0.00     0.00   0.00    0.00     0.00    0.00    0.00    0.00   0.00
nvme0n1       12796.00    199.94     0.00   0.00    0.17    16.00 6990.00    130.96  1547.00  18.12    0.04    19.19    0.00      0.00     0.00   0.00    0.00     0.00    0.00    0.00    2.40  94.30
sda              0.00      0.00     0.00   0.00    0.00     0.00    0.00      0.00     0.00   0.00    0.00     0.00    0.00      0.00     0.00   0.00    0.00     0.00    0.00    0.00    0.00   0.00


Device            r/s     rMB/s   rrqm/s  %rrqm r_await rareq-sz     w/s     wMB/s   wrqm/s  %wrqm w_await wareq-sz     d/s     dMB/s   drqm/s  %drqm d_await dareq-sz     f/s f_await  aqu-sz  %util
loop0            0.00      0.00     0.00   0.00    0.00     0.00    0.00      0.00     0.00   0.00    0.00     0.00    0.00      0.00     0.00   0.00    0.00     0.00    0.00    0.00    0.00   0.00
nvme0n1       12825.00    200.39     0.00   0.00    0.17    16.00 6747.00    126.96  1574.00  18.92    0.04    19.27    0.00      0.00     0.00   0.00    0.00     0.00    0.00    0.00    2.39  93.80
sda              0.00      0.00     0.00   0.00    0.00     0.00    0.00      0.00     0.00   0.00    0.00     0.00    0.00      0.00     0.00   0.00    0.00     0.00    0.00    0.00    0.00   0.00


Device            r/s     rMB/s   rrqm/s  %rrqm r_await rareq-sz     w/s     wMB/s   wrqm/s  %wrqm w_await wareq-sz     d/s     dMB/s   drqm/s  %drqm d_await dareq-sz     f/s f_await  aqu-sz  %util
loop0            0.00      0.00     0.00   0.00    0.00     0.00    0.00      0.00     0.00   0.00    0.00     0.00    0.00      0.00     0.00   0.00    0.00     0.00    0.00    0.00    0.00   0.00
nvme0n1       12674.00    198.03     0.00   0.00    0.17    16.00 6801.00    128.75  1561.00  18.67    0.04    19.39    0.00      0.00     0.00   0.00    0.00     0.00    0.00    0.00    2.38  93.80
sda              0.00      0.00     0.00   0.00    0.00     0.00    0.00      0.00     0.00   0.00    0.00     0.00    0.00      0.00     0.00   0.00    0.00     0.00    0.00    0.00    0.00   0.00


Device            r/s     rMB/s   rrqm/s  %rrqm r_await rareq-sz     w/s     wMB/s   wrqm/s  %wrqm w_await wareq-sz     d/s     dMB/s   drqm/s  %drqm d_await dareq-sz     f/s f_await  aqu-sz  %util
loop0            0.00      0.00     0.00   0.00    0.00     0.00    0.00      0.00     0.00   0.00    0.00     0.00    0.00      0.00     0.00   0.00    0.00     0.00    0.00    0.00    0.00   0.00
nvme0n1       12714.00    198.66     0.00   0.00    0.17    16.00 6831.00    129.43  1533.00  18.33    0.04    19.40    0.00      0.00     0.00   0.00    0.00     0.00    0.00    0.00    2.38  93.40
sda              0.00      0.00     0.00   0.00    0.00     0.00   25.00      0.33    13.00  34.21    0.28    13.60    0.00      0.00     0.00   0.00    0.00     0.00    0.00    0.00    0.01   0.10


Device            r/s     rMB/s   rrqm/s  %rrqm r_await rareq-sz     w/s     wMB/s   wrqm/s  %wrqm w_await wareq-sz     d/s     dMB/s   drqm/s  %drqm d_await dareq-sz     f/s f_await  aqu-sz  %util
loop0            0.00      0.00     0.00   0.00    0.00     0.00    0.00      0.00     0.00   0.00    0.00     0.00    0.00      0.00     0.00   0.00    0.00     0.00    0.00    0.00    0.00   0.00
nvme0n1       12681.00    198.14     0.00   0.00    0.17    16.00 6930.00    131.78  1559.00  18.36    0.04    19.47    0.00      0.00     0.00   0.00    0.00     0.00    0.00    0.00    2.39  94.10
sda              0.00      0.00     0.00   0.00    0.00     0.00    2.00      0.15    36.00  94.74    0.00    76.00    0.00      0.00     0.00   0.00    0.00     0.00    2.00    0.00    0.00   0.00


Device            r/s     rMB/s   rrqm/s  %rrqm r_await rareq-sz     w/s     wMB/s   wrqm/s  %wrqm w_await wareq-sz     d/s     dMB/s   drqm/s  %drqm d_await dareq-sz     f/s f_await  aqu-sz  %util
loop0            0.00      0.00     0.00   0.00    0.00     0.00    0.00      0.00     0.00   0.00    0.00     0.00    0.00      0.00     0.00   0.00    0.00     0.00    0.00    0.00    0.00   0.00
nvme0n1       12737.00    199.02     0.00   0.00    0.17    16.00 6879.00    130.30  1593.00  18.80    0.04    19.40    0.00      0.00     0.00   0.00    0.00     0.00    0.00    0.00    2.38  94.50
sda              0.00      0.00     0.00   0.00    0.00     0.00    1.00      0.00     0.00   0.00    0.00     4.00    0.00      0.00     0.00   0.00    0.00     0.00    0.00    0.00    0.00   0.00


Device            r/s     rMB/s   rrqm/s  %rrqm r_await rareq-sz     w/s     wMB/s   wrqm/s  %wrqm w_await wareq-sz     d/s     dMB/s   drqm/s  %drqm d_await dareq-sz     f/s f_await  aqu-sz  %util
loop0            0.00      0.00     0.00   0.00    0.00     0.00    0.00      0.00     0.00   0.00    0.00     0.00    0.00      0.00     0.00   0.00    0.00     0.00    0.00    0.00    0.00   0.00
nvme0n1       12631.00    197.36     0.00   0.00    0.17    16.00 7062.00    135.54  1533.00  17.84    0.04    19.65    0.00      0.00     0.00   0.00    0.00     0.00    0.00    0.00    2.38  94.00
sda              0.00      0.00     0.00   0.00    0.00     0.00    0.00      0.00     0.00   0.00    0.00     0.00    0.00      0.00     0.00   0.00    0.00     0.00    0.00    0.00    0.00   0.00


Device            r/s     rMB/s   rrqm/s  %rrqm r_await rareq-sz     w/s     wMB/s   wrqm/s  %wrqm w_await wareq-sz     d/s     dMB/s   drqm/s  %drqm d_await dareq-sz     f/s f_await  aqu-sz  %util
loop0            0.00      0.00     0.00   0.00    0.00     0.00    0.00      0.00     0.00   0.00    0.00     0.00    0.00      0.00     0.00   0.00    0.00     0.00    0.00    0.00    0.00   0.00
nvme0n1       12717.00    198.70     0.00   0.00    0.17    16.00 6836.00    130.34  1538.00  18.37    0.04    19.52    0.00      0.00     0.00   0.00    0.00     0.00    0.00    0.00    2.39  94.20
sda              0.00      0.00     0.00   0.00    0.00     0.00    0.00      0.00     0.00   0.00    0.00     0.00    0.00      0.00     0.00   0.00    0.00     0.00    0.00    0.00    0.00   0.00


Device            r/s     rMB/s   rrqm/s  %rrqm r_await rareq-sz     w/s     wMB/s   wrqm/s  %wrqm w_await wareq-sz     d/s     dMB/s   drqm/s  %drqm d_await dareq-sz     f/s f_await  aqu-sz  %util
loop0            0.00      0.00     0.00   0.00    0.00     0.00    0.00      0.00     0.00   0.00    0.00     0.00    0.00      0.00     0.00   0.00    0.00     0.00    0.00    0.00    0.00   0.00
nvme0n1       12593.00    196.77     0.00   0.00    0.17    16.00 6749.00    126.27  1541.00  18.59    0.04    19.16    0.00      0.00     0.00   0.00    0.00     0.00    0.00    0.00    2.35  93.60
sda              0.00      0.00     0.00   0.00    0.00     0.00   25.00      0.33    13.00  34.21    0.28    13.44    0.00      0.00     0.00   0.00    0.00     0.00    0.00    0.00    0.01   0.00


Device            r/s     rMB/s   rrqm/s  %rrqm r_await rareq-sz     w/s     wMB/s   wrqm/s  %wrqm w_await wareq-sz     d/s     dMB/s   drqm/s  %drqm d_await dareq-sz     f/s f_await  aqu-sz  %util
loop0            0.00      0.00     0.00   0.00    0.00     0.00    0.00      0.00     0.00   0.00    0.00     0.00    0.00      0.00     0.00   0.00    0.00     0.00    0.00    0.00    0.00   0.00
nvme0n1       12737.00    199.02     0.00   0.00    0.17    16.00 6798.00    126.50  1562.00  18.68    0.04    19.06    0.00      0.00     0.00   0.00    0.00     0.00    0.00    0.00    2.39  94.70
sda              0.00      0.00     0.00   0.00    0.00     0.00    2.00      0.16    38.00  95.00    0.00    80.00    0.00      0.00     0.00   0.00    0.00     0.00    2.00    0.00    0.00   0.10


Device            r/s     rMB/s   rrqm/s  %rrqm r_await rareq-sz     w/s     wMB/s   wrqm/s  %wrqm w_await wareq-sz     d/s     dMB/s   drqm/s  %drqm d_await dareq-sz     f/s f_await  aqu-sz  %util
loop0            0.00      0.00     0.00   0.00    0.00     0.00    0.00      0.00     0.00   0.00    0.00     0.00    0.00      0.00     0.00   0.00    0.00     0.00    0.00    0.00    0.00   0.00
nvme0n1       12701.00    198.45     0.00   0.00    0.17    16.00 7025.00    134.17  1561.00  18.18    0.04    19.56    0.00      0.00     0.00   0.00    0.00     0.00    0.00    0.00    2.39  93.60
sda              0.00      0.00     0.00   0.00    0.00     0.00    0.00      0.00     0.00   0.00    0.00     0.00    0.00      0.00     0.00   0.00    0.00     0.00    0.00    0.00    0.00   0.00


Device            r/s     rMB/s   rrqm/s  %rrqm r_await rareq-sz     w/s     wMB/s   wrqm/s  %wrqm w_await wareq-sz     d/s     dMB/s   drqm/s  %drqm d_await dareq-sz     f/s f_await  aqu-sz  %util
loop0            0.00      0.00     0.00   0.00    0.00     0.00    0.00      0.00     0.00   0.00    0.00     0.00    0.00      0.00     0.00   0.00    0.00     0.00    0.00    0.00    0.00   0.00
nvme0n1       12789.00    199.83     0.00   0.00    0.17    16.00 6797.00    127.78  1583.00  18.89    0.04    19.25    0.00      0.00     0.00   0.00    0.00     0.00    0.00    0.00    2.39  93.30
sda              0.00      0.00     0.00   0.00    0.00     0.00    1.00      0.00     0.00   0.00    0.00     4.00    0.00      0.00     0.00   0.00    0.00     0.00    0.00    0.00    0.00   0.00


Device            r/s     rMB/s   rrqm/s  %rrqm r_await rareq-sz     w/s     wMB/s   wrqm/s  %wrqm w_await wareq-sz     d/s     dMB/s   drqm/s  %drqm d_await dareq-sz     f/s f_await  aqu-sz  %util
loop0            0.00      0.00     0.00   0.00    0.00     0.00    0.00      0.00     0.00   0.00    0.00     0.00    0.00      0.00     0.00   0.00    0.00     0.00    0.00    0.00    0.00   0.00
nvme0n1       12706.00    198.53     0.00   0.00    0.17    16.00 6987.00    133.36  1577.00  18.41    0.04    19.54    0.00      0.00     0.00   0.00    0.00     0.00    0.00    0.00    2.40  94.60
sda              0.00      0.00     0.00   0.00    0.00     0.00    0.00      0.00     0.00   0.00    0.00     0.00    0.00      0.00     0.00   0.00    0.00     0.00    0.00    0.00    0.00   0.00


Device            r/s     rMB/s   rrqm/s  %rrqm r_await rareq-sz     w/s     wMB/s   wrqm/s  %wrqm w_await wareq-sz     d/s     dMB/s   drqm/s  %drqm d_await dareq-sz     f/s f_await  aqu-sz  %util
loop0            0.00      0.00     0.00   0.00    0.00     0.00    0.00      0.00     0.00   0.00    0.00     0.00    0.00      0.00     0.00   0.00    0.00     0.00    0.00    0.00    0.00   0.00
nvme0n1       12820.00    200.31     0.00   0.00    0.17    16.00 6733.00    125.55  1558.00  18.79    0.04    19.09    0.00      0.00     0.00   0.00    0.00     0.00    0.00    0.00    2.39  93.70
sda              0.00      0.00     0.00   0.00    0.00     0.00   25.00      0.34    14.00  35.90    0.28    13.76    0.00      0.00     0.00   0.00    0.00     0.00    0.00    0.00    0.01   0.10


Device            r/s     rMB/s   rrqm/s  %rrqm r_await rareq-sz     w/s     wMB/s   wrqm/s  %wrqm w_await wareq-sz     d/s     dMB/s   drqm/s  %drqm d_await dareq-sz     f/s f_await  aqu-sz  %util
loop0            0.00      0.00     0.00   0.00    0.00     0.00    0.00      0.00     0.00   0.00    0.00     0.00    0.00      0.00     0.00   0.00    0.00     0.00    0.00    0.00    0.00   0.00
nvme0n1       12711.00    198.61     0.00   0.00    0.17    16.00 6874.00    131.39  1552.00  18.42    0.04    19.57    0.00      0.00     0.00   0.00    0.00     0.00    0.00    0.00    2.39  94.80
sda              0.00      0.00     0.00   0.00    0.00     0.00    2.00      0.16    39.00  95.12    0.00    82.00    0.00      0.00     0.00   0.00    0.00     0.00    2.00    0.50    0.00   0.10


Device            r/s     rMB/s   rrqm/s  %rrqm r_await rareq-sz     w/s     wMB/s   wrqm/s  %wrqm w_await wareq-sz     d/s     dMB/s   drqm/s  %drqm d_await dareq-sz     f/s f_await  aqu-sz  %util
loop0            0.00      0.00     0.00   0.00    0.00     0.00    0.00      0.00     0.00   0.00    0.00     0.00    0.00      0.00     0.00   0.00    0.00     0.00    0.00    0.00    0.00   0.00
nvme0n1       12707.00    198.55     0.00   0.00    0.17    16.00 6768.00    128.22  1529.00  18.43    0.04    19.40    0.00      0.00     0.00   0.00    0.00     0.00    0.00    0.00    2.39  94.10
sda              0.00      0.00     0.00   0.00    0.00     0.00   78.00      0.33     4.00   4.88    0.12     4.31    0.00      0.00     0.00   0.00    0.00     0.00    0.00    0.00    0.01   0.10


Device            r/s     rMB/s   rrqm/s  %rrqm r_await rareq-sz     w/s     wMB/s   wrqm/s  %wrqm w_await wareq-sz     d/s     dMB/s   drqm/s  %drqm d_await dareq-sz     f/s f_await  aqu-sz  %util
loop0            0.00      0.00     0.00   0.00    0.00     0.00    0.00      0.00     0.00   0.00    0.00     0.00    0.00      0.00     0.00   0.00    0.00     0.00    0.00    0.00    0.00   0.00
nvme0n1       12672.00    198.00     0.00   0.00    0.17    16.00 6844.00    127.72  1578.00  18.74    0.04    19.11    0.00      0.00     0.00   0.00    0.00     0.00    0.00    0.00    2.38  94.10
sda              0.00      0.00     0.00   0.00    0.00     0.00    0.00      0.00     0.00   0.00    0.00     0.00    0.00      0.00     0.00   0.00    0.00     0.00    0.00    0.00    0.00   0.00


Device            r/s     rMB/s   rrqm/s  %rrqm r_await rareq-sz     w/s     wMB/s   wrqm/s  %wrqm w_await wareq-sz     d/s     dMB/s   drqm/s  %drqm d_await dareq-sz     f/s f_await  aqu-sz  %util
loop0            0.00      0.00     0.00   0.00    0.00     0.00    0.00      0.00     0.00   0.00    0.00     0.00    0.00      0.00     0.00   0.00    0.00     0.00    0.00    0.00    0.00   0.00
nvme0n1       12514.00    195.53     0.00   0.00    0.17    16.00 7058.00    136.95  1498.00  17.51    0.04    19.87    0.00      0.00     0.00   0.00    0.00     0.00    0.00    0.00    2.40  94.00
sda              0.00      0.00     0.00   0.00    0.00     0.00    1.00      0.00     0.00   0.00    0.00     4.00    0.00      0.00     0.00   0.00    0.00     0.00    0.00    0.00    0.00   0.00


Device            r/s     rMB/s   rrqm/s  %rrqm r_await rareq-sz     w/s     wMB/s   wrqm/s  %wrqm w_await wareq-sz     d/s     dMB/s   drqm/s  %drqm d_await dareq-sz     f/s f_await  aqu-sz  %util
loop0            0.00      0.00     0.00   0.00    0.00     0.00    0.00      0.00     0.00   0.00    0.00     0.00    0.00      0.00     0.00   0.00    0.00     0.00    0.00    0.00    0.00   0.00
nvme0n1       12819.00    200.30     0.00   0.00    0.17    16.00 6780.00    127.36  1607.00  19.16    0.04    19.24    0.00      0.00     0.00   0.00    0.00     0.00    0.00    0.00    2.38  94.00
sda              0.00      0.00     0.00   0.00    0.00     0.00   25.00      0.34    14.00  35.90    0.24    13.92    0.00      0.00     0.00   0.00    0.00     0.00    0.00    0.00    0.01   0.10


Device            r/s     rMB/s   rrqm/s  %rrqm r_await rareq-sz     w/s     wMB/s   wrqm/s  %wrqm w_await wareq-sz     d/s     dMB/s   drqm/s  %drqm d_await dareq-sz     f/s f_await  aqu-sz  %util
loop0            0.00      0.00     0.00   0.00    0.00     0.00    0.00      0.00     0.00   0.00    0.00     0.00    0.00      0.00     0.00   0.00    0.00     0.00    0.00    0.00    0.00   0.00
nvme0n1       12670.00    197.97     0.00   0.00    0.17    16.00 6854.00    131.26  1523.00  18.18    0.04    19.61    0.00      0.00     0.00   0.00    0.00     0.00    0.00    0.00    2.39  94.00
sda              0.00      0.00     0.00   0.00    0.00     0.00    2.00      0.16    38.00  95.00    0.50    80.00    0.00      0.00     0.00   0.00    0.00     0.00    2.00    0.00    0.00   0.10


Device            r/s     rMB/s   rrqm/s  %rrqm r_await rareq-sz     w/s     wMB/s   wrqm/s  %wrqm w_await wareq-sz     d/s     dMB/s   drqm/s  %drqm d_await dareq-sz     f/s f_await  aqu-sz  %util
loop0            0.00      0.00     0.00   0.00    0.00     0.00    0.00      0.00     0.00   0.00    0.00     0.00    0.00      0.00     0.00   0.00    0.00     0.00    0.00    0.00    0.00   0.00
nvme0n1       12694.00    198.34     0.00   0.00    0.17    16.00 6914.00    131.27  1561.00  18.42    0.04    19.44    0.00      0.00     0.00   0.00    0.00     0.00    0.00    0.00    2.41  94.20
sda              0.00      0.00     0.00   0.00    0.00     0.00    0.00      0.00     0.00   0.00    0.00     0.00    0.00      0.00     0.00   0.00    0.00     0.00    0.00    0.00    0.00   0.00


Device            r/s     rMB/s   rrqm/s  %rrqm r_await rareq-sz     w/s     wMB/s   wrqm/s  %wrqm w_await wareq-sz     d/s     dMB/s   drqm/s  %drqm d_await dareq-sz     f/s f_await  aqu-sz  %util
loop0            0.00      0.00     0.00   0.00    0.00     0.00    0.00      0.00     0.00   0.00    0.00     0.00    0.00      0.00     0.00   0.00    0.00     0.00    0.00    0.00    0.00   0.00
nvme0n1       12938.00    202.17     0.00   0.00    0.17    16.00 6590.00    121.84  1567.00  19.21    0.04    18.93    0.00      0.00     0.00   0.00    0.00     0.00    0.00    0.00    2.41  94.80
sda              0.00      0.00     0.00   0.00    0.00     0.00    0.00      0.00     0.00   0.00    0.00     0.00    0.00      0.00     0.00   0.00    0.00     0.00    0.00    0.00    0.00   0.00


Device            r/s     rMB/s   rrqm/s  %rrqm r_await rareq-sz     w/s     wMB/s   wrqm/s  %wrqm w_await wareq-sz     d/s     dMB/s   drqm/s  %drqm d_await dareq-sz     f/s f_await  aqu-sz  %util
loop0            0.00      0.00     0.00   0.00    0.00     0.00    0.00      0.00     0.00   0.00    0.00     0.00    0.00      0.00     0.00   0.00    0.00     0.00    0.00    0.00    0.00   0.00
nvme0n1       12769.00    199.50     0.00   0.00    0.17    16.00 6867.00    130.95  1500.00  17.93    0.04    19.53    0.00      0.00     0.00   0.00    0.00     0.00    0.00    0.00    2.39  94.80
sda              0.00      0.00     0.00   0.00    0.00     0.00    0.00      0.00     0.00   0.00    0.00     0.00    0.00      0.00     0.00   0.00    0.00     0.00    0.00    0.00    0.00   0.00


Device            r/s     rMB/s   rrqm/s  %rrqm r_await rareq-sz     w/s     wMB/s   wrqm/s  %wrqm w_await wareq-sz     d/s     dMB/s   drqm/s  %drqm d_await dareq-sz     f/s f_await  aqu-sz  %util
loop0            0.00      0.00     0.00   0.00    0.00     0.00    0.00      0.00     0.00   0.00    0.00     0.00    0.00      0.00     0.00   0.00    0.00     0.00    0.00    0.00    0.00   0.00
nvme0n1       12666.00    197.91     0.00   0.00    0.17    16.00 6850.00    130.19  1521.00  18.17    0.04    19.46    0.00      0.00     0.00   0.00    0.00     0.00    0.00    0.00    2.39  93.30
sda              0.00      0.00     0.00   0.00    0.00     0.00    1.00      0.00     0.00   0.00    0.00     4.00    0.00      0.00     0.00   0.00    0.00     0.00    0.00    0.00    0.00   0.00


Device            r/s     rMB/s   rrqm/s  %rrqm r_await rareq-sz     w/s     wMB/s   wrqm/s  %wrqm w_await wareq-sz     d/s     dMB/s   drqm/s  %drqm d_await dareq-sz     f/s f_await  aqu-sz  %util
loop0            0.00      0.00     0.00   0.00    0.00     0.00    0.00      0.00     0.00   0.00    0.00     0.00    0.00      0.00     0.00   0.00    0.00     0.00    0.00    0.00    0.00   0.00
nvme0n1       12682.00    198.16     0.00   0.00    0.17    16.00 6994.00    134.06  1546.00  18.10    0.04    19.63    0.00      0.00     0.00   0.00    0.00     0.00    0.00    0.00    2.40  94.20
sda              0.00      0.00     0.00   0.00    0.00     0.00   27.00      0.48    47.00  63.51    0.33    18.07    0.00      0.00     0.00   0.00    0.00     0.00    2.00    0.00    0.01   0.10


Device            r/s     rMB/s   rrqm/s  %rrqm r_await rareq-sz     w/s     wMB/s   wrqm/s  %wrqm w_await wareq-sz     d/s     dMB/s   drqm/s  %drqm d_await dareq-sz     f/s f_await  aqu-sz  %util
loop0            0.00      0.00     0.00   0.00    0.00     0.00    0.00      0.00     0.00   0.00    0.00     0.00    0.00      0.00     0.00   0.00    0.00     0.00    0.00    0.00    0.00   0.00
nvme0n1       12758.00    199.34     0.00   0.00    0.17    16.00 6896.00    130.79  1575.00  18.59    0.04    19.42    0.00      0.00     0.00   0.00    0.00     0.00    0.00    0.00    2.41  93.00
sda              0.00      0.00     0.00   0.00    0.00     0.00    0.00      0.00     0.00   0.00    0.00     0.00    0.00      0.00     0.00   0.00    0.00     0.00    0.00    0.00    0.00   0.00


Device            r/s     rMB/s   rrqm/s  %rrqm r_await rareq-sz     w/s     wMB/s   wrqm/s  %wrqm w_await wareq-sz     d/s     dMB/s   drqm/s  %drqm d_await dareq-sz     f/s f_await  aqu-sz  %util
loop0            0.00      0.00     0.00   0.00    0.00     0.00    0.00      0.00     0.00   0.00    0.00     0.00    0.00      0.00     0.00   0.00    0.00     0.00    0.00    0.00    0.00   0.00
nvme0n1       12763.00    199.42     0.00   0.00    0.17    16.00 6816.00    127.52  1594.00  18.95    0.04    19.16    0.00      0.00     0.00   0.00    0.00     0.00    0.00    0.00    2.39  93.90
sda              0.00      0.00     0.00   0.00    0.00     0.00    0.00      0.00     0.00   0.00    0.00     0.00    0.00      0.00     0.00   0.00    0.00     0.00    0.00    0.00    0.00   0.00


Device            r/s     rMB/s   rrqm/s  %rrqm r_await rareq-sz     w/s     wMB/s   wrqm/s  %wrqm w_await wareq-sz     d/s     dMB/s   drqm/s  %drqm d_await dareq-sz     f/s f_await  aqu-sz  %util
loop0            0.00      0.00     0.00   0.00    0.00     0.00    0.00      0.00     0.00   0.00    0.00     0.00    0.00      0.00     0.00   0.00    0.00     0.00    0.00    0.00    0.00   0.00
nvme0n1       12798.00    199.97     0.00   0.00    0.17    16.00 6806.00    128.28  1560.00  18.65    0.04    19.30    0.00      0.00     0.00   0.00    0.00     0.00    0.00    0.00    2.40  94.70
sda              0.00      0.00     0.00   0.00    0.00     0.00    0.00      0.00     0.00   0.00    0.00     0.00    0.00      0.00     0.00   0.00    0.00     0.00    0.00    0.00    0.00   0.00


Device            r/s     rMB/s   rrqm/s  %rrqm r_await rareq-sz     w/s     wMB/s   wrqm/s  %wrqm w_await wareq-sz     d/s     dMB/s   drqm/s  %drqm d_await dareq-sz     f/s f_await  aqu-sz  %util
loop0            0.00      0.00     0.00   0.00    0.00     0.00    0.00      0.00     0.00   0.00    0.00     0.00    0.00      0.00     0.00   0.00    0.00     0.00    0.00    0.00    0.00   0.00
nvme0n1       12617.00    197.14     0.00   0.00    0.17    16.00 7001.00    134.28  1550.00  18.13    0.04    19.64    0.00      0.00     0.00   0.00    0.00     0.00    0.00    0.00    2.39  94.20
sda              0.00      0.00     0.00   0.00    0.00     0.00    0.00      0.00     0.00   0.00    0.00     0.00    0.00      0.00     0.00   0.00    0.00     0.00    0.00    0.00    0.00   0.00


Device            r/s     rMB/s   rrqm/s  %rrqm r_await rareq-sz     w/s     wMB/s   wrqm/s  %wrqm w_await wareq-sz     d/s     dMB/s   drqm/s  %drqm d_await dareq-sz     f/s f_await  aqu-sz  %util
loop0            0.00      0.00     0.00   0.00    0.00     0.00    0.00      0.00     0.00   0.00    0.00     0.00    0.00      0.00     0.00   0.00    0.00     0.00    0.00    0.00    0.00   0.00
nvme0n1       12790.00    199.84     0.00   0.00    0.17    16.00 6667.00    124.40  1561.00  18.97    0.04    19.11    0.00      0.00     0.00   0.00    0.00     0.00    0.00    0.00    2.41  94.20
sda              0.00      0.00     0.00   0.00    0.00     0.00   28.00      0.47    48.00  63.16    0.21    17.29    0.00      0.00     0.00   0.00    0.00     0.00    2.00    0.00    0.01   0.10


Device            r/s     rMB/s   rrqm/s  %rrqm r_await rareq-sz     w/s     wMB/s   wrqm/s  %wrqm w_await wareq-sz     d/s     dMB/s   drqm/s  %drqm d_await dareq-sz     f/s f_await  aqu-sz  %util
loop0            0.00      0.00     0.00   0.00    0.00     0.00    0.00      0.00     0.00   0.00    0.00     0.00    0.00      0.00     0.00   0.00    0.00     0.00    0.00    0.00    0.00   0.00
nvme0n1       12736.00    199.00     0.00   0.00    0.17    16.00 6886.00    131.82  1519.00  18.07    0.04    19.60    0.00      0.00     0.00   0.00    0.00     0.00    0.00    0.00    2.38  92.60
sda              0.00      0.00     0.00   0.00    0.00     0.00    0.00      0.00     0.00   0.00    0.00     0.00    0.00      0.00     0.00   0.00    0.00     0.00    0.00    0.00    0.00   0.00


Device            r/s     rMB/s   rrqm/s  %rrqm r_await rareq-sz     w/s     wMB/s   wrqm/s  %wrqm w_await wareq-sz     d/s     dMB/s   drqm/s  %drqm d_await dareq-sz     f/s f_await  aqu-sz  %util
loop0            0.00      0.00     0.00   0.00    0.00     0.00    0.00      0.00     0.00   0.00    0.00     0.00    0.00      0.00     0.00   0.00    0.00     0.00    0.00    0.00    0.00   0.00
nvme0n1       12783.00    199.73     0.00   0.00    0.17    16.00 6900.00    130.63  1562.00  18.46    0.04    19.39    0.00      0.00     0.00   0.00    0.00     0.00    0.00    0.00    2.40  95.00
sda              0.00      0.00     0.00   0.00    0.00     0.00    0.00      0.00     0.00   0.00    0.00     0.00    0.00      0.00     0.00   0.00    0.00     0.00    0.00    0.00    0.00   0.00


Device            r/s     rMB/s   rrqm/s  %rrqm r_await rareq-sz     w/s     wMB/s   wrqm/s  %wrqm w_await wareq-sz     d/s     dMB/s   drqm/s  %drqm d_await dareq-sz     f/s f_await  aqu-sz  %util
loop0            0.00      0.00     0.00   0.00    0.00     0.00    0.00      0.00     0.00   0.00    0.00     0.00    0.00      0.00     0.00   0.00    0.00     0.00    0.00    0.00    0.00   0.00
nvme0n1       12747.00    199.17     0.00   0.00    0.17    16.00 6792.00    126.89  1586.00  18.93    0.04    19.13    0.00      0.00     0.00   0.00    0.00     0.00    0.00    0.00    2.38  94.80
sda              0.00      0.00     0.00   0.00    0.00     0.00    0.00      0.00     0.00   0.00    0.00     0.00    0.00      0.00     0.00   0.00    0.00     0.00    0.00    0.00    0.00   0.00


Device            r/s     rMB/s   rrqm/s  %rrqm r_await rareq-sz     w/s     wMB/s   wrqm/s  %wrqm w_await wareq-sz     d/s     dMB/s   drqm/s  %drqm d_await dareq-sz     f/s f_await  aqu-sz  %util
loop0            0.00      0.00     0.00   0.00    0.00     0.00    0.00      0.00     0.00   0.00    0.00     0.00    0.00      0.00     0.00   0.00    0.00     0.00    0.00    0.00    0.00   0.00
nvme0n1       12667.00    197.92     0.00   0.00    0.17    16.00 6902.00    132.39  1546.00  18.30    0.04    19.64    0.00      0.00     0.00   0.00    0.00     0.00    0.00    0.00    2.38  92.60
sda              0.00      0.00     0.00   0.00    0.00     0.00    0.00      0.00     0.00   0.00    0.00     0.00    0.00      0.00     0.00   0.00    0.00     0.00    0.00    0.00    0.00   0.00


Device            r/s     rMB/s   rrqm/s  %rrqm r_await rareq-sz     w/s     wMB/s   wrqm/s  %wrqm w_await wareq-sz     d/s     dMB/s   drqm/s  %drqm d_await dareq-sz     f/s f_await  aqu-sz  %util
loop0            0.00      0.00     0.00   0.00    0.00     0.00    0.00      0.00     0.00   0.00    0.00     0.00    0.00      0.00     0.00   0.00    0.00     0.00    0.00    0.00    0.00   0.00
nvme0n1       12732.00    198.94     0.00   0.00    0.17    16.00 6800.00    126.98  1588.00  18.93    0.04    19.12    0.00      0.00     0.00   0.00    0.00     0.00    0.00    0.00    2.38  95.00
sda              0.00      0.00     0.00   0.00    0.00     0.00   29.00      0.48    49.00  62.82    0.24    17.10    0.00      0.00     0.00   0.00    0.00     0.00    2.00    0.00    0.01   0.10


Device            r/s     rMB/s   rrqm/s  %rrqm r_await rareq-sz     w/s     wMB/s   wrqm/s  %wrqm w_await wareq-sz     d/s     dMB/s   drqm/s  %drqm d_await dareq-sz     f/s f_await  aqu-sz  %util
loop0            0.00      0.00     0.00   0.00    0.00     0.00    0.00      0.00     0.00   0.00    0.00     0.00    0.00      0.00     0.00   0.00    0.00     0.00    0.00    0.00    0.00   0.00
nvme0n1       12769.00    199.52     0.00   0.00    0.17    16.00 6881.00    129.31  1603.00  18.89    0.04    19.24    0.00      0.00     0.00   0.00    0.00     0.00    0.00    0.00    2.38  93.90
sda              0.00      0.00     0.00   0.00    0.00     0.00    2.00      0.01     0.00   0.00    0.00     4.00    0.00      0.00     0.00   0.00    0.00     0.00    0.00    0.00    0.00   0.00


Device            r/s     rMB/s   rrqm/s  %rrqm r_await rareq-sz     w/s     wMB/s   wrqm/s  %wrqm w_await wareq-sz     d/s     dMB/s   drqm/s  %drqm d_await dareq-sz     f/s f_await  aqu-sz  %util
loop0            0.00      0.00     0.00   0.00    0.00     0.00    0.00      0.00     0.00   0.00    0.00     0.00    0.00      0.00     0.00   0.00    0.00     0.00    0.00    0.00    0.00   0.00
nvme0n1       12719.00    198.73     0.00   0.00    0.17    16.00 6840.00    128.51  1576.00  18.73    0.04    19.24    0.00      0.00     0.00   0.00    0.00     0.00    0.00    0.00    2.39  93.10
sda              0.00      0.00     0.00   0.00    0.00     0.00    0.00      0.00     0.00   0.00    0.00     0.00    0.00      0.00     0.00   0.00    0.00     0.00    0.00    0.00    0.00   0.00


Device            r/s     rMB/s   rrqm/s  %rrqm r_await rareq-sz     w/s     wMB/s   wrqm/s  %wrqm w_await wareq-sz     d/s     dMB/s   drqm/s  %drqm d_await dareq-sz     f/s f_await  aqu-sz  %util
loop0            0.00      0.00     0.00   0.00    0.00     0.00    0.00      0.00     0.00   0.00    0.00     0.00    0.00      0.00     0.00   0.00    0.00     0.00    0.00    0.00    0.00   0.00
nvme0n1       12766.00    199.47     0.00   0.00    0.17    16.00 6804.00    128.07  1543.00  18.49    0.04    19.27    0.00      0.00     0.00   0.00    0.00     0.00    0.00    0.00    2.38  94.30
sda              0.00      0.00     0.00   0.00    0.00     0.00    0.00      0.00     0.00   0.00    0.00     0.00    0.00      0.00     0.00   0.00    0.00     0.00    0.00    0.00    0.00   0.00


Device            r/s     rMB/s   rrqm/s  %rrqm r_await rareq-sz     w/s     wMB/s   wrqm/s  %wrqm w_await wareq-sz     d/s     dMB/s   drqm/s  %drqm d_await dareq-sz     f/s f_await  aqu-sz  %util
loop0            0.00      0.00     0.00   0.00    0.00     0.00    0.00      0.00     0.00   0.00    0.00     0.00    0.00      0.00     0.00   0.00    0.00     0.00    0.00    0.00    0.00   0.00
nvme0n1       12809.00    200.14     0.00   0.00    0.17    16.00 6913.00    131.77  1532.00  18.14    0.04    19.52    0.00      0.00     0.00   0.00    0.00     0.00    0.00    0.00    2.40  94.20
sda              0.00      0.00     0.00   0.00    0.00     0.00    0.00      0.00     0.00   0.00    0.00     0.00    0.00      0.00     0.00   0.00    0.00     0.00    0.00    0.00    0.00   0.00


Device            r/s     rMB/s   rrqm/s  %rrqm r_await rareq-sz     w/s     wMB/s   wrqm/s  %wrqm w_await wareq-sz     d/s     dMB/s   drqm/s  %drqm d_await dareq-sz     f/s f_await  aqu-sz  %util
loop0            0.00      0.00     0.00   0.00    0.00     0.00    0.00      0.00     0.00   0.00    0.00     0.00    0.00      0.00     0.00   0.00    0.00     0.00    0.00    0.00    0.00   0.00
nvme0n1       12700.00    198.44     0.00   0.00    0.17    16.00 6827.00    127.28  1584.00  18.83    0.04    19.09    0.00      0.00     0.00   0.00    0.00     0.00    0.00    0.00    2.40  95.80
sda              0.00      0.00     0.00   0.00    0.00     0.00   29.00      0.47    49.00  62.82    0.21    16.69    0.00      0.00     0.00   0.00    0.00     0.00    2.00    0.00    0.01   0.10


Device            r/s     rMB/s   rrqm/s  %rrqm r_await rareq-sz     w/s     wMB/s   wrqm/s  %wrqm w_await wareq-sz     d/s     dMB/s   drqm/s  %drqm d_await dareq-sz     f/s f_await  aqu-sz  %util
loop0            0.00      0.00     0.00   0.00    0.00     0.00    0.00      0.00     0.00   0.00    0.00     0.00    0.00      0.00     0.00   0.00    0.00     0.00    0.00    0.00    0.00   0.00
nvme0n1       12346.00    192.91     0.00   0.00    0.17    16.00 6810.00    130.11  1492.00  17.97    0.05    19.56    0.00      0.00     0.00   0.00    0.00     0.00    0.00    0.00    2.49  93.60
sda              0.00      0.00     0.00   0.00    0.00     0.00    1.00      0.00     0.00   0.00    0.00     4.00    0.00      0.00     0.00   0.00    0.00     0.00    0.00    0.00    0.00   0.00


Device            r/s     rMB/s   rrqm/s  %rrqm r_await rareq-sz     w/s     wMB/s   wrqm/s  %wrqm w_await wareq-sz     d/s     dMB/s   drqm/s  %drqm d_await dareq-sz     f/s f_await  aqu-sz  %util
loop0            0.00      0.00     0.00   0.00    0.00     0.00    0.00      0.00     0.00   0.00    0.00     0.00    0.00      0.00     0.00   0.00    0.00     0.00    0.00    0.00    0.00   0.00
nvme0n1       12555.00    196.17     0.00   0.00    0.17    16.00 6812.00    128.89  1517.00  18.21    0.05    19.37    0.00      0.00     0.00   0.00    0.00     0.00    0.00    0.00    2.51  95.20
sda              0.00      0.00     0.00   0.00    0.00     0.00    0.00      0.00     0.00   0.00    0.00     0.00    0.00      0.00     0.00   0.00    0.00     0.00    0.00    0.00    0.00   0.00


Device            r/s     rMB/s   rrqm/s  %rrqm r_await rareq-sz     w/s     wMB/s   wrqm/s  %wrqm w_await wareq-sz     d/s     dMB/s   drqm/s  %drqm d_await dareq-sz     f/s f_await  aqu-sz  %util
loop0            0.00      0.00     0.00   0.00    0.00     0.00    0.00      0.00     0.00   0.00    0.00     0.00    0.00      0.00     0.00   0.00    0.00     0.00    0.00    0.00    0.00   0.00
nvme0n1       12656.00    197.75     0.00   0.00    0.17    16.00 6542.00    121.43  1524.00  18.89    0.05    19.01    0.00      0.00     0.00   0.00    0.00     0.00    0.00    0.00    2.48  94.80
sda              0.00      0.00     0.00   0.00    0.00     0.00    0.00      0.00     0.00   0.00    0.00     0.00    0.00      0.00     0.00   0.00    0.00     0.00    0.00    0.00    0.00   0.00


Device            r/s     rMB/s   rrqm/s  %rrqm r_await rareq-sz     w/s     wMB/s   wrqm/s  %wrqm w_await wareq-sz     d/s     dMB/s   drqm/s  %drqm d_await dareq-sz     f/s f_await  aqu-sz  %util
loop0            0.00      0.00     0.00   0.00    0.00     0.00    0.00      0.00     0.00   0.00    0.00     0.00    0.00      0.00     0.00   0.00    0.00     0.00    0.00    0.00    0.00   0.00
nvme0n1       12698.00    198.41     0.00   0.00    0.17    16.00 6882.00    130.34  1569.00  18.57    0.04    19.39    0.00      0.00     0.00   0.00    0.00     0.00    0.00    0.00    2.44  95.00
sda              0.00      0.00     0.00   0.00    0.00     0.00    0.00      0.00     0.00   0.00    0.00     0.00    0.00      0.00     0.00   0.00    0.00     0.00    0.00    0.00    0.00   0.00


Device            r/s     rMB/s   rrqm/s  %rrqm r_await rareq-sz     w/s     wMB/s   wrqm/s  %wrqm w_await wareq-sz     d/s     dMB/s   drqm/s  %drqm d_await dareq-sz     f/s f_await  aqu-sz  %util
loop0            0.00      0.00     0.00   0.00    0.00     0.00    0.00      0.00     0.00   0.00    0.00     0.00    0.00      0.00     0.00   0.00    0.00     0.00    0.00    0.00    0.00   0.00
nvme0n1       12784.00    199.75     0.00   0.00    0.17    16.00 6823.00    128.75  1563.00  18.64    0.04    19.32    0.00      0.00     0.00   0.00    0.00     0.00    0.00    0.00    2.40  93.40
sda              0.00      0.00     0.00   0.00    0.00     0.00   28.00      0.51    54.00  65.85    0.25    18.57    0.00      0.00     0.00   0.00    0.00     0.00    2.00    0.00    0.01   0.10


Device            r/s     rMB/s   rrqm/s  %rrqm r_await rareq-sz     w/s     wMB/s   wrqm/s  %wrqm w_await wareq-sz     d/s     dMB/s   drqm/s  %drqm d_await dareq-sz     f/s f_await  aqu-sz  %util
loop0            0.00      0.00     0.00   0.00    0.00     0.00    0.00      0.00     0.00   0.00    0.00     0.00    0.00      0.00     0.00   0.00    0.00     0.00    0.00    0.00    0.00   0.00
nvme0n1       12819.00    200.30     0.00   0.00    0.17    16.00 6875.00    130.47  1545.00  18.35    0.04    19.43    0.00      0.00     0.00   0.00    0.00     0.00    0.00    0.00    2.39  94.20
sda              0.00      0.00     0.00   0.00    0.00     0.00    0.00      0.00     0.00   0.00    0.00     0.00    0.00      0.00     0.00   0.00    0.00     0.00    0.00    0.00    0.00   0.00


Device            r/s     rMB/s   rrqm/s  %rrqm r_await rareq-sz     w/s     wMB/s   wrqm/s  %wrqm w_await wareq-sz     d/s     dMB/s   drqm/s  %drqm d_await dareq-sz     f/s f_await  aqu-sz  %util
loop0            0.00      0.00     0.00   0.00    0.00     0.00    0.00      0.00     0.00   0.00    0.00     0.00    0.00      0.00     0.00   0.00    0.00     0.00    0.00    0.00    0.00   0.00
nvme0n1       12798.00    199.97     0.00   0.00    0.17    16.00 6864.00    131.14  1534.00  18.27    0.04    19.56    0.00      0.00     0.00   0.00    0.00     0.00    0.00    0.00    2.38  92.80
sda              0.00      0.00     0.00   0.00    0.00     0.00    3.00      0.08     1.00  25.00    0.00    26.67    0.00      0.00     0.00   0.00    0.00     0.00    0.00    0.00    0.00   0.00


Device            r/s     rMB/s   rrqm/s  %rrqm r_await rareq-sz     w/s     wMB/s   wrqm/s  %wrqm w_await wareq-sz     d/s     dMB/s   drqm/s  %drqm d_await dareq-sz     f/s f_await  aqu-sz  %util
loop0            0.00      0.00     0.00   0.00    0.00     0.00    0.00      0.00     0.00   0.00    0.00     0.00    0.00      0.00     0.00   0.00    0.00     0.00    0.00    0.00    0.00   0.00
nvme0n1       12767.00    199.48     0.00   0.00    0.17    16.00 7001.00    132.75  1607.00  18.67    0.04    19.42    0.00      0.00     0.00   0.00    0.00     0.00    0.00    0.00    2.39  95.00
sda              0.00      0.00     0.00   0.00    0.00     0.00    0.00      0.00     0.00   0.00    0.00     0.00    0.00      0.00     0.00   0.00    0.00     0.00    0.00    0.00    0.00   0.00


Device            r/s     rMB/s   rrqm/s  %rrqm r_await rareq-sz     w/s     wMB/s   wrqm/s  %wrqm w_await wareq-sz     d/s     dMB/s   drqm/s  %drqm d_await dareq-sz     f/s f_await  aqu-sz  %util
loop0            0.00      0.00     0.00   0.00    0.00     0.00    0.00      0.00     0.00   0.00    0.00     0.00    0.00      0.00     0.00   0.00    0.00     0.00    0.00    0.00    0.00   0.00
nvme0n1       12693.00    198.33     0.00   0.00    0.17    16.00 6838.00    129.62  1527.00  18.25    0.04    19.41    0.00      0.00     0.00   0.00    0.00     0.00    0.00    0.00    2.39  93.60
sda              0.00      0.00     0.00   0.00    0.00     0.00    0.00      0.00     0.00   0.00    0.00     0.00    0.00      0.00     0.00   0.00    0.00     0.00    0.00    0.00    0.00   0.00


Device            r/s     rMB/s   rrqm/s  %rrqm r_await rareq-sz     w/s     wMB/s   wrqm/s  %wrqm w_await wareq-sz     d/s     dMB/s   drqm/s  %drqm d_await dareq-sz     f/s f_await  aqu-sz  %util
loop0            0.00      0.00     0.00   0.00    0.00     0.00    0.00      0.00     0.00   0.00    0.00     0.00    0.00      0.00     0.00   0.00    0.00     0.00    0.00    0.00    0.00   0.00
nvme0n1       12674.00    198.03     0.00   0.00    0.17    16.00 6936.00    131.54  1527.00  18.04    0.04    19.42    0.00      0.00     0.00   0.00    0.00     0.00    0.00    0.00    2.38  93.90
sda              0.00      0.00     0.00   0.00    0.00     0.00    2.00      0.08    19.00  90.48    0.50    42.00    0.00      0.00     0.00   0.00    0.00     0.00    2.00    0.00    0.00   0.00


Device            r/s     rMB/s   rrqm/s  %rrqm r_await rareq-sz     w/s     wMB/s   wrqm/s  %wrqm w_await wareq-sz     d/s     dMB/s   drqm/s  %drqm d_await dareq-sz     f/s f_await  aqu-sz  %util
loop0            0.00      0.00     0.00   0.00    0.00     0.00    0.00      0.00     0.00   0.00    0.00     0.00    0.00      0.00     0.00   0.00    0.00     0.00    0.00    0.00    0.00   0.00
nvme0n1       12818.00    200.28     0.00   0.00    0.17    16.00 6894.00    131.36  1545.00  18.31    0.04    19.51    0.00      0.00     0.00   0.00    0.00     0.00    0.00    0.00    2.40  93.40
sda              0.00      0.00     0.00   0.00    0.00     0.00   51.00      0.46    14.00  21.54    0.24     9.33    0.00      0.00     0.00   0.00    0.00     0.00    0.00    0.00    0.01   0.10


Device            r/s     rMB/s   rrqm/s  %rrqm r_await rareq-sz     w/s     wMB/s   wrqm/s  %wrqm w_await wareq-sz     d/s     dMB/s   drqm/s  %drqm d_await dareq-sz     f/s f_await  aqu-sz  %util
loop0            0.00      0.00     0.00   0.00    0.00     0.00    0.00      0.00     0.00   0.00    0.00     0.00    0.00      0.00     0.00   0.00    0.00     0.00    0.00    0.00    0.00   0.00
nvme0n1       12766.00    199.47     0.00   0.00    0.17    16.00 7039.00    133.89  1598.00  18.50    0.04    19.48    0.00      0.00     0.00   0.00    0.00     0.00    0.00    0.00    2.40  94.60
sda              0.00      0.00     0.00   0.00    0.00     0.00    0.00      0.00     0.00   0.00    0.00     0.00    0.00      0.00     0.00   0.00    0.00     0.00    0.00    0.00    0.00   0.00


Device            r/s     rMB/s   rrqm/s  %rrqm r_await rareq-sz     w/s     wMB/s   wrqm/s  %wrqm w_await wareq-sz     d/s     dMB/s   drqm/s  %drqm d_await dareq-sz     f/s f_await  aqu-sz  %util
loop0            0.00      0.00     0.00   0.00    0.00     0.00    0.00      0.00     0.00   0.00    0.00     0.00    0.00      0.00     0.00   0.00    0.00     0.00    0.00    0.00    0.00   0.00
nvme0n1       12869.00    201.08     0.00   0.00    0.17    16.00 6944.00    131.95  1571.00  18.45    0.04    19.46    0.00      0.00     0.00   0.00    0.00     0.00    0.00    0.00    2.40  93.80
sda              0.00      0.00     0.00   0.00    0.00     0.00    1.00      0.00     0.00   0.00    0.00     4.00    0.00      0.00     0.00   0.00    0.00     0.00    0.00    0.00    0.00   0.00


Device            r/s     rMB/s   rrqm/s  %rrqm r_await rareq-sz     w/s     wMB/s   wrqm/s  %wrqm w_await wareq-sz     d/s     dMB/s   drqm/s  %drqm d_await dareq-sz     f/s f_await  aqu-sz  %util
loop0            0.00      0.00     0.00   0.00    0.00     0.00    0.00      0.00     0.00   0.00    0.00     0.00    0.00      0.00     0.00   0.00    0.00     0.00    0.00    0.00    0.00   0.00
nvme0n1       12798.00    199.97     0.00   0.00    0.17    16.00 6966.00    131.94  1564.00  18.34    0.04    19.40    0.00      0.00     0.00   0.00    0.00     0.00    0.00    0.00    2.41  94.40
sda              0.00      0.00     0.00   0.00    0.00     0.00    0.00      0.00     0.00   0.00    0.00     0.00    0.00      0.00     0.00   0.00    0.00     0.00    0.00    0.00    0.00   0.00


Device            r/s     rMB/s   rrqm/s  %rrqm r_await rareq-sz     w/s     wMB/s   wrqm/s  %wrqm w_await wareq-sz     d/s     dMB/s   drqm/s  %drqm d_await dareq-sz     f/s f_await  aqu-sz  %util
loop0            0.00      0.00     0.00   0.00    0.00     0.00    0.00      0.00     0.00   0.00    0.00     0.00    0.00      0.00     0.00   0.00    0.00     0.00    0.00    0.00    0.00   0.00
nvme0n1       12959.00    202.48     0.00   0.00    0.17    16.00 6987.00    130.99  1616.00  18.78    0.04    19.20    0.00      0.00     0.00   0.00    0.00     0.00    0.00    0.00    2.40  93.80
sda              0.00      0.00     0.00   0.00    0.00     0.00    2.00      0.14    35.00  94.59    0.50    74.00    0.00      0.00     0.00   0.00    0.00     0.00    2.00    0.00    0.00   0.00


Device            r/s     rMB/s   rrqm/s  %rrqm r_await rareq-sz     w/s     wMB/s   wrqm/s  %wrqm w_await wareq-sz     d/s     dMB/s   drqm/s  %drqm d_await dareq-sz     f/s f_await  aqu-sz  %util
loop0            0.00      0.00     0.00   0.00    0.00     0.00    0.00      0.00     0.00   0.00    0.00     0.00    0.00      0.00     0.00   0.00    0.00     0.00    0.00    0.00    0.00   0.00
nvme0n1       12802.00    200.03     0.00   0.00    0.17    16.00 6929.00    130.89  1599.00  18.75    0.04    19.34    0.00      0.00     0.00   0.00    0.00     0.00    0.00    0.00    2.37  92.80
sda              0.00      0.00     0.00   0.00    0.00     0.00   26.00      0.32    11.00  29.73    0.23    12.46    0.00      0.00     0.00   0.00    0.00     0.00    0.00    0.00    0.01   0.10


Device            r/s     rMB/s   rrqm/s  %rrqm r_await rareq-sz     w/s     wMB/s   wrqm/s  %wrqm w_await wareq-sz     d/s     dMB/s   drqm/s  %drqm d_await dareq-sz     f/s f_await  aqu-sz  %util
loop0            0.00      0.00     0.00   0.00    0.00     0.00    0.00      0.00     0.00   0.00    0.00     0.00    0.00      0.00     0.00   0.00    0.00     0.00    0.00    0.00    0.00   0.00
nvme0n1       12901.00    201.58     0.00   0.00    0.17    16.00 6915.00    129.83  1564.00  18.45    0.04    19.23    0.00      0.00     0.00   0.00    0.00     0.00    0.00    0.00    2.39  94.00
sda              0.00      0.00     0.00   0.00    0.00     0.00    0.00      0.00     0.00   0.00    0.00     0.00    0.00      0.00     0.00   0.00    0.00     0.00    0.00    0.00    0.00   0.00


Device            r/s     rMB/s   rrqm/s  %rrqm r_await rareq-sz     w/s     wMB/s   wrqm/s  %wrqm w_await wareq-sz     d/s     dMB/s   drqm/s  %drqm d_await dareq-sz     f/s f_await  aqu-sz  %util
loop0            0.00      0.00     0.00   0.00    0.00     0.00    0.00      0.00     0.00   0.00    0.00     0.00    0.00      0.00     0.00   0.00    0.00     0.00    0.00    0.00    0.00   0.00
nvme0n1       12922.00    201.91     0.00   0.00    0.17    16.00 7193.00    137.50  1597.00  18.17    0.04    19.57    0.00      0.00     0.00   0.00    0.00     0.00    0.00    0.00    2.39  94.80
sda              0.00      0.00     0.00   0.00    0.00     0.00    0.00      0.00     0.00   0.00    0.00     0.00    0.00      0.00     0.00   0.00    0.00     0.00    0.00    0.00    0.00   0.00


Device            r/s     rMB/s   rrqm/s  %rrqm r_await rareq-sz     w/s     wMB/s   wrqm/s  %wrqm w_await wareq-sz     d/s     dMB/s   drqm/s  %drqm d_await dareq-sz     f/s f_await  aqu-sz  %util
loop0            0.00      0.00     0.00   0.00    0.00     0.00    0.00      0.00     0.00   0.00    0.00     0.00    0.00      0.00     0.00   0.00    0.00     0.00    0.00    0.00    0.00   0.00
nvme0n1       13075.00    204.30     0.00   0.00    0.17    16.00 7022.00    133.16  1592.00  18.48    0.04    19.42    0.00      0.00     0.00   0.00    0.00     0.00    0.00    0.00    2.42  94.20
sda              0.00      0.00     0.00   0.00    0.00     0.00    1.00      0.00     0.00   0.00    0.00     4.00    0.00      0.00     0.00   0.00    0.00     0.00    0.00    0.00    0.00   0.00


Device            r/s     rMB/s   rrqm/s  %rrqm r_await rareq-sz     w/s     wMB/s   wrqm/s  %wrqm w_await wareq-sz     d/s     dMB/s   drqm/s  %drqm d_await dareq-sz     f/s f_await  aqu-sz  %util
loop0            0.00      0.00     0.00   0.00    0.00     0.00    0.00      0.00     0.00   0.00    0.00     0.00    0.00      0.00     0.00   0.00    0.00     0.00    0.00    0.00    0.00   0.00
nvme0n1       13002.00    203.17     0.00   0.00    0.17    16.00 6961.00    130.70  1618.00  18.86    0.03    19.23    0.00      0.00     0.00   0.00    0.00     0.00    0.00    0.00    2.41  94.10
sda              0.00      0.00     0.00   0.00    0.00     0.00    2.00      0.14    35.00  94.59    0.00    74.00    0.00      0.00     0.00   0.00    0.00     0.00    2.00    0.00    0.00   0.10


Device            r/s     rMB/s   rrqm/s  %rrqm r_await rareq-sz     w/s     wMB/s   wrqm/s  %wrqm w_await wareq-sz     d/s     dMB/s   drqm/s  %drqm d_await dareq-sz     f/s f_await  aqu-sz  %util
loop0            0.00      0.00     0.00   0.00    0.00     0.00    0.00      0.00     0.00   0.00    0.00     0.00    0.00      0.00     0.00   0.00    0.00     0.00    0.00    0.00    0.00   0.00
nvme0n1       13111.00    204.84     0.00   0.00    0.17    16.00 6883.00    130.09  1573.00  18.60    0.04    19.35    0.00      0.00     0.00   0.00    0.00     0.00    0.00    0.00    2.43  93.30
sda              0.00      0.00     0.00   0.00    0.00     0.00   26.00      0.34    14.00  35.00    0.23    13.23    0.00      0.00     0.00   0.00    0.00     0.00    0.00    0.00    0.01   0.10


Device            r/s     rMB/s   rrqm/s  %rrqm r_await rareq-sz     w/s     wMB/s   wrqm/s  %wrqm w_await wareq-sz     d/s     dMB/s   drqm/s  %drqm d_await dareq-sz     f/s f_await  aqu-sz  %util
loop0            0.00      0.00     0.00   0.00    0.00     0.00    0.00      0.00     0.00   0.00    0.00     0.00    0.00      0.00     0.00   0.00    0.00     0.00    0.00    0.00    0.00   0.00
nvme0n1       13003.00    203.17     0.00   0.00    0.17    16.00 6851.00    129.64  1575.00  18.69    0.04    19.38    0.00      0.00     0.00   0.00    0.00     0.00    0.00    0.00    2.40  94.00
sda              0.00      0.00     0.00   0.00    0.00     0.00    0.00      0.00     0.00   0.00    0.00     0.00    0.00      0.00     0.00   0.00    0.00     0.00    0.00    0.00    0.00   0.00


Device            r/s     rMB/s   rrqm/s  %rrqm r_await rareq-sz     w/s     wMB/s   wrqm/s  %wrqm w_await wareq-sz     d/s     dMB/s   drqm/s  %drqm d_await dareq-sz     f/s f_await  aqu-sz  %util
loop0            0.00      0.00     0.00   0.00    0.00     0.00    0.00      0.00     0.00   0.00    0.00     0.00    0.00      0.00     0.00   0.00    0.00     0.00    0.00    0.00    0.00   0.00
nvme0n1       12939.00    202.17     0.00   0.00    0.17    16.00 7165.00    135.59  1607.00  18.32    0.04    19.38    0.00      0.00     0.00   0.00    0.00     0.00    0.00    0.00    2.39  94.10
sda              0.00      0.00     0.00   0.00    0.00     0.00    0.00      0.00     0.00   0.00    0.00     0.00    0.00      0.00     0.00   0.00    0.00     0.00    0.00    0.00    0.00   0.00


Device            r/s     rMB/s   rrqm/s  %rrqm r_await rareq-sz     w/s     wMB/s   wrqm/s  %wrqm w_await wareq-sz     d/s     dMB/s   drqm/s  %drqm d_await dareq-sz     f/s f_await  aqu-sz  %util
loop0            0.00      0.00     0.00   0.00    0.00     0.00    0.00      0.00     0.00   0.00    0.00     0.00    0.00      0.00     0.00   0.00    0.00     0.00    0.00    0.00    0.00   0.00
nvme0n1       12938.00    202.16     0.00   0.00    0.17    16.00 6841.00    127.65  1589.00  18.85    0.04    19.11    0.00      0.00     0.00   0.00    0.00     0.00    0.00    0.00    2.38  94.40
sda              0.00      0.00     0.00   0.00    0.00     0.00    0.00      0.00     0.00   0.00    0.00     0.00    0.00      0.00     0.00   0.00    0.00     0.00    0.00    0.00    0.00   0.00


Device            r/s     rMB/s   rrqm/s  %rrqm r_await rareq-sz     w/s     wMB/s   wrqm/s  %wrqm w_await wareq-sz     d/s     dMB/s   drqm/s  %drqm d_await dareq-sz     f/s f_await  aqu-sz  %util
loop0            0.00      0.00     0.00   0.00    0.00     0.00    0.00      0.00     0.00   0.00    0.00     0.00    0.00      0.00     0.00   0.00    0.00     0.00    0.00    0.00    0.00   0.00
nvme0n1       12685.00    198.20     0.00   0.00    0.17    16.00 7059.00    135.75  1551.00  18.01    0.04    19.69    0.00      0.00     0.00   0.00    0.00     0.00    0.00    0.00    2.37  94.30
sda              0.00      0.00     0.00   0.00    0.00     0.00    3.00      0.16    38.00  92.68    0.33    54.67    0.00      0.00     0.00   0.00    0.00     0.00    2.00    0.00    0.00   0.00


Device            r/s     rMB/s   rrqm/s  %rrqm r_await rareq-sz     w/s     wMB/s   wrqm/s  %wrqm w_await wareq-sz     d/s     dMB/s   drqm/s  %drqm d_await dareq-sz     f/s f_await  aqu-sz  %util
loop0            0.00      0.00     0.00   0.00    0.00     0.00    0.00      0.00     0.00   0.00    0.00     0.00    0.00      0.00     0.00   0.00    0.00     0.00    0.00    0.00    0.00   0.00
nvme0n1       13084.00    204.44     0.00   0.00    0.17    16.00 6873.00    129.27  1594.00  18.83    0.04    19.26    0.00      0.00     0.00   0.00    0.00     0.00    0.00    0.00    2.41  93.10
sda              0.00      0.00     0.00   0.00    0.00     0.00   25.00      0.33    12.00  32.43    0.24    13.44    0.00      0.00     0.00   0.00    0.00     0.00    0.00    0.00    0.01   0.00


Device            r/s     rMB/s   rrqm/s  %rrqm r_await rareq-sz     w/s     wMB/s   wrqm/s  %wrqm w_await wareq-sz     d/s     dMB/s   drqm/s  %drqm d_await dareq-sz     f/s f_await  aqu-sz  %util
loop0            0.00      0.00     0.00   0.00    0.00     0.00    0.00      0.00     0.00   0.00    0.00     0.00    0.00      0.00     0.00   0.00    0.00     0.00    0.00    0.00    0.00   0.00
nvme0n1       12943.00    202.23     0.00   0.00    0.17    16.00 6868.00    129.10  1608.00  18.97    0.04    19.25    0.00      0.00     0.00   0.00    0.00     0.00    0.00    0.00    2.40  94.30
sda              0.00      0.00     0.00   0.00    0.00     0.00    0.00      0.00     0.00   0.00    0.00     0.00    0.00      0.00     0.00   0.00    0.00     0.00    0.00    0.00    0.00   0.00


Device            r/s     rMB/s   rrqm/s  %rrqm r_await rareq-sz     w/s     wMB/s   wrqm/s  %wrqm w_await wareq-sz     d/s     dMB/s   drqm/s  %drqm d_await dareq-sz     f/s f_await  aqu-sz  %util
loop0            0.00      0.00     0.00   0.00    0.00     0.00    0.00      0.00     0.00   0.00    0.00     0.00    0.00      0.00     0.00   0.00    0.00     0.00    0.00    0.00    0.00   0.00
nvme0n1       13005.00    203.20     0.00   0.00    0.17    16.00 6937.00    130.70  1610.00  18.84    0.04    19.29    0.00      0.00     0.00   0.00    0.00     0.00    0.00    0.00    2.40  95.70
sda              0.00      0.00     0.00   0.00    0.00     0.00    0.00      0.00     0.00   0.00    0.00     0.00    0.00      0.00     0.00   0.00    0.00     0.00    0.00    0.00    0.00   0.00


Device            r/s     rMB/s   rrqm/s  %rrqm r_await rareq-sz     w/s     wMB/s   wrqm/s  %wrqm w_await wareq-sz     d/s     dMB/s   drqm/s  %drqm d_await dareq-sz     f/s f_await  aqu-sz  %util
loop0            0.00      0.00     0.00   0.00    0.00     0.00    0.00      0.00     0.00   0.00    0.00     0.00    0.00      0.00     0.00   0.00    0.00     0.00    0.00    0.00    0.00   0.00
nvme0n1       13170.00    205.80     0.00   0.00    0.17    16.00 6814.00    126.34  1622.00  19.23    0.03    18.99    0.00      0.00     0.00   0.00    0.00     0.00    0.00    0.00    2.42  93.80
sda              0.00      0.00     0.00   0.00    0.00     0.00    0.00      0.00     0.00   0.00    0.00     0.00    0.00      0.00     0.00   0.00    0.00     0.00    0.00    0.00    0.00   0.00


Device            r/s     rMB/s   rrqm/s  %rrqm r_await rareq-sz     w/s     wMB/s   wrqm/s  %wrqm w_await wareq-sz     d/s     dMB/s   drqm/s  %drqm d_await dareq-sz     f/s f_await  aqu-sz  %util
loop0            0.00      0.00     0.00   0.00    0.00     0.00    0.00      0.00     0.00   0.00    0.00     0.00    0.00      0.00     0.00   0.00    0.00     0.00    0.00    0.00    0.00   0.00
nvme0n1       12867.00    201.03     0.00   0.00    0.17    16.00 7101.00    135.84  1569.00  18.10    0.04    19.59    0.00      0.00     0.00   0.00    0.00     0.00    0.00    0.00    2.40  95.80
sda              0.00      0.00     0.00   0.00    0.00     0.00    2.00      0.14    34.00  94.44    0.00    72.00    0.00      0.00     0.00   0.00    0.00     0.00    2.00    0.00    0.00   0.00


Device            r/s     rMB/s   rrqm/s  %rrqm r_await rareq-sz     w/s     wMB/s   wrqm/s  %wrqm w_await wareq-sz     d/s     dMB/s   drqm/s  %drqm d_await dareq-sz     f/s f_await  aqu-sz  %util
loop0            0.00      0.00     0.00   0.00    0.00     0.00    0.00      0.00     0.00   0.00    0.00     0.00    0.00      0.00     0.00   0.00    0.00     0.00    0.00    0.00    0.00   0.00
nvme0n1       12742.00    199.09     0.00   0.00    0.17    16.00 6958.00    133.09  1530.00  18.03    0.04    19.59    0.00      0.00     0.00   0.00    0.00     0.00    0.00    0.00    2.36  94.50
sda              0.00      0.00     0.00   0.00    0.00     0.00    1.00      0.00     0.00   0.00    0.00     4.00    0.00      0.00     0.00   0.00    0.00     0.00    0.00    0.00    0.00   0.00


Device            r/s     rMB/s   rrqm/s  %rrqm r_await rareq-sz     w/s     wMB/s   wrqm/s  %wrqm w_await wareq-sz     d/s     dMB/s   drqm/s  %drqm d_await dareq-sz     f/s f_await  aqu-sz  %util
loop0            0.00      0.00     0.00   0.00    0.00     0.00    0.00      0.00     0.00   0.00    0.00     0.00    0.00      0.00     0.00   0.00    0.00     0.00    0.00    0.00    0.00   0.00
nvme0n1       12926.00    201.98     0.00   0.00    0.17    16.00 7071.00    134.82  1580.00  18.26    0.04    19.52    0.00      0.00     0.00   0.00    0.00     0.00    0.00    0.00    2.40  94.50
sda              0.00      0.00     0.00   0.00    0.00     0.00   25.00      0.37    14.00  35.90    0.32    15.04    0.00      0.00     0.00   0.00    0.00     0.00    0.00    0.00    0.01   0.10


Device            r/s     rMB/s   rrqm/s  %rrqm r_await rareq-sz     w/s     wMB/s   wrqm/s  %wrqm w_await wareq-sz     d/s     dMB/s   drqm/s  %drqm d_await dareq-sz     f/s f_await  aqu-sz  %util
loop0            0.00      0.00     0.00   0.00    0.00     0.00    0.00      0.00     0.00   0.00    0.00     0.00    0.00      0.00     0.00   0.00    0.00     0.00    0.00    0.00    0.00   0.00
nvme0n1       12925.00    201.94     0.00   0.00    0.17    16.00 6688.00    124.01  1581.00  19.12    0.04    18.99    0.00      0.00     0.00   0.00    0.00     0.00    0.00    0.00    2.38  94.60
sda              0.00      0.00     0.00   0.00    0.00     0.00    0.00      0.00     0.00   0.00    0.00     0.00    0.00      0.00     0.00   0.00    0.00     0.00    0.00    0.00    0.00   0.00


Device            r/s     rMB/s   rrqm/s  %rrqm r_await rareq-sz     w/s     wMB/s   wrqm/s  %wrqm w_await wareq-sz     d/s     dMB/s   drqm/s  %drqm d_await dareq-sz     f/s f_await  aqu-sz  %util
loop0            0.00      0.00     0.00   0.00    0.00     0.00    0.00      0.00     0.00   0.00    0.00     0.00    0.00      0.00     0.00   0.00    0.00     0.00    0.00    0.00    0.00   0.00
nvme0n1       12906.00    201.66     0.00   0.00    0.17    16.00 7114.00    137.63  1560.00  17.98    0.04    19.81    0.00      0.00     0.00   0.00    0.00     0.00    0.00    0.00    2.40  93.90
sda              0.00      0.00     0.00   0.00    0.00     0.00    0.00      0.00     0.00   0.00    0.00     0.00    0.00      0.00     0.00   0.00    0.00     0.00    0.00    0.00    0.00   0.00


Device            r/s     rMB/s   rrqm/s  %rrqm r_await rareq-sz     w/s     wMB/s   wrqm/s  %wrqm w_await wareq-sz     d/s     dMB/s   drqm/s  %drqm d_await dareq-sz     f/s f_await  aqu-sz  %util
loop0            0.00      0.00     0.00   0.00    0.00     0.00    0.00      0.00     0.00   0.00    0.00     0.00    0.00      0.00     0.00   0.00    0.00     0.00    0.00    0.00    0.00   0.00
nvme0n1       12764.00    199.45     0.00   0.00    0.17    16.00 7089.00    136.33  1565.00  18.08    0.04    19.69    0.00      0.00     0.00   0.00    0.00     0.00    0.00    0.00    2.38  94.50
sda              0.00      0.00     0.00   0.00    0.00     0.00    2.00      0.23    56.00  96.55    0.50   116.00    0.00      0.00     0.00   0.00    0.00     0.00    2.00    0.00    0.00   0.10


Device            r/s     rMB/s   rrqm/s  %rrqm r_await rareq-sz     w/s     wMB/s   wrqm/s  %wrqm w_await wareq-sz     d/s     dMB/s   drqm/s  %drqm d_await dareq-sz     f/s f_await  aqu-sz  %util
loop0            0.00      0.00     0.00   0.00    0.00     0.00    0.00      0.00     0.00   0.00    0.00     0.00    0.00      0.00     0.00   0.00    0.00     0.00    0.00    0.00    0.00   0.00
nvme0n1       12848.00    200.73     0.00   0.00    0.17    16.00 6996.00    132.44  1557.00  18.20    0.04    19.38    0.00      0.00     0.00   0.00    0.00     0.00    0.00    0.00    2.40  94.60
sda              0.00      0.00     0.00   0.00    0.00     0.00   60.00      0.25     0.00   0.00    0.10     4.33    0.00      0.00     0.00   0.00    0.00     0.00    0.00    0.00    0.01   0.10


Device            r/s     rMB/s   rrqm/s  %rrqm r_await rareq-sz     w/s     wMB/s   wrqm/s  %wrqm w_await wareq-sz     d/s     dMB/s   drqm/s  %drqm d_await dareq-sz     f/s f_await  aqu-sz  %util
loop0            0.00      0.00     0.00   0.00    0.00     0.00    0.00      0.00     0.00   0.00    0.00     0.00    0.00      0.00     0.00   0.00    0.00     0.00    0.00    0.00    0.00   0.00
nvme0n1       12775.00    199.61     0.00   0.00    0.17    16.00 6544.00    122.44  1554.00  19.19    0.04    19.16    0.00      0.00     0.00   0.00    0.00     0.00    0.00    0.00    2.47  94.60
sda              0.00      0.00     0.00   0.00    0.00     0.00   27.00      0.32    10.00  27.03    0.30    12.15    0.00      0.00     0.00   0.00    0.00     0.00    0.00    0.00    0.01   0.10


Device            r/s     rMB/s   rrqm/s  %rrqm r_await rareq-sz     w/s     wMB/s   wrqm/s  %wrqm w_await wareq-sz     d/s     dMB/s   drqm/s  %drqm d_await dareq-sz     f/s f_await  aqu-sz  %util
loop0            0.00      0.00     0.00   0.00    0.00     0.00    0.00      0.00     0.00   0.00    0.00     0.00    0.00      0.00     0.00   0.00    0.00     0.00    0.00    0.00    0.00   0.00
nvme0n1       12449.00    194.52     0.00   0.00    0.17    16.00 6971.00    133.20  1517.00  17.87    0.05    19.57    0.00      0.00     0.00   0.00    0.00     0.00    0.00    0.00    2.48  94.30
sda              0.00      0.00     0.00   0.00    0.00     0.00    0.00      0.00     0.00   0.00    0.00     0.00    0.00      0.00     0.00   0.00    0.00     0.00    0.00    0.00    0.00   0.00


Device            r/s     rMB/s   rrqm/s  %rrqm r_await rareq-sz     w/s     wMB/s   wrqm/s  %wrqm w_await wareq-sz     d/s     dMB/s   drqm/s  %drqm d_await dareq-sz     f/s f_await  aqu-sz  %util
loop0            0.00      0.00     0.00   0.00    0.00     0.00    0.00      0.00     0.00   0.00    0.00     0.00    0.00      0.00     0.00   0.00    0.00     0.00    0.00    0.00    0.00   0.00
nvme0n1       12566.00    196.34     0.00   0.00    0.17    16.00 7085.00    136.46  1555.00  18.00    0.05    19.72    0.00      0.00     0.00   0.00    0.00     0.00    0.00    0.00    2.52  96.10
sda              0.00      0.00     0.00   0.00    0.00     0.00    0.00      0.00     0.00   0.00    0.00     0.00    0.00      0.00     0.00   0.00    0.00     0.00    0.00    0.00    0.00   0.00


Device            r/s     rMB/s   rrqm/s  %rrqm r_await rareq-sz     w/s     wMB/s   wrqm/s  %wrqm w_await wareq-sz     d/s     dMB/s   drqm/s  %drqm d_await dareq-sz     f/s f_await  aqu-sz  %util
loop0            0.00      0.00     0.00   0.00    0.00     0.00    0.00      0.00     0.00   0.00    0.00     0.00    0.00      0.00     0.00   0.00    0.00     0.00    0.00    0.00    0.00   0.00
nvme0n1       12623.00    197.23     0.00   0.00    0.17    16.00 6859.00    128.60  1569.00  18.62    0.05    19.20    0.00      0.00     0.00   0.00    0.00     0.00    0.00    0.00    2.50  96.20
sda              0.00      0.00     0.00   0.00    0.00     0.00    4.00      0.23    54.00  93.10    0.25    58.00    0.00      0.00     0.00   0.00    0.00     0.00    2.00    0.00    0.00   0.10


Device            r/s     rMB/s   rrqm/s  %rrqm r_await rareq-sz     w/s     wMB/s   wrqm/s  %wrqm w_await wareq-sz     d/s     dMB/s   drqm/s  %drqm d_await dareq-sz     f/s f_await  aqu-sz  %util
loop0            0.00      0.00     0.00   0.00    0.00     0.00    0.00      0.00     0.00   0.00    0.00     0.00    0.00      0.00     0.00   0.00    0.00     0.00    0.00    0.00    0.00   0.00
nvme0n1       12649.00    197.64     0.00   0.00    0.17    16.00 6825.00    128.24  1558.00  18.59    0.05    19.24    0.00      0.00     0.00   0.00    0.00     0.00    0.00    0.00    2.50  94.60
sda              0.00      0.00     0.00   0.00    0.00     0.00    0.00      0.00     0.00   0.00    0.00     0.00    0.00      0.00     0.00   0.00    0.00     0.00    0.00    0.00    0.00   0.00


Device            r/s     rMB/s   rrqm/s  %rrqm r_await rareq-sz     w/s     wMB/s   wrqm/s  %wrqm w_await wareq-sz     d/s     dMB/s   drqm/s  %drqm d_await dareq-sz     f/s f_await  aqu-sz  %util
loop0            0.00      0.00     0.00   0.00    0.00     0.00    0.00      0.00     0.00   0.00    0.00     0.00    0.00      0.00     0.00   0.00    0.00     0.00    0.00    0.00    0.00   0.00
nvme0n1       12747.00    199.17     0.00   0.00    0.17    16.00 6810.00    128.40  1534.00  18.38    0.05    19.31    0.00      0.00     0.00   0.00    0.00     0.00    0.00    0.00    2.51  95.20
sda              0.00      0.00     0.00   0.00    0.00     0.00   26.00      0.32    13.00  33.33    0.23    12.77    0.00      0.00     0.00   0.00    0.00     0.00    0.00    0.00    0.01   0.00


Device            r/s     rMB/s   rrqm/s  %rrqm r_await rareq-sz     w/s     wMB/s   wrqm/s  %wrqm w_await wareq-sz     d/s     dMB/s   drqm/s  %drqm d_await dareq-sz     f/s f_await  aqu-sz  %util
loop0            0.00      0.00     0.00   0.00    0.00     0.00    0.00      0.00     0.00   0.00    0.00     0.00    0.00      0.00     0.00   0.00    0.00     0.00    0.00    0.00    0.00   0.00
nvme0n1       12511.00    195.48     0.00   0.00    0.17    16.00 6827.00    129.85  1482.00  17.84    0.04    19.48    0.00      0.00     0.00   0.00    0.00     0.00    0.00    0.00    2.47  94.70
sda              0.00      0.00     0.00   0.00    0.00     0.00    1.00      0.00     0.00   0.00    0.00     4.00    0.00      0.00     0.00   0.00    0.00     0.00    0.00    0.00    0.00   0.00


Device            r/s     rMB/s   rrqm/s  %rrqm r_await rareq-sz     w/s     wMB/s   wrqm/s  %wrqm w_await wareq-sz     d/s     dMB/s   drqm/s  %drqm d_await dareq-sz     f/s f_await  aqu-sz  %util
loop0            0.00      0.00     0.00   0.00    0.00     0.00    0.00      0.00     0.00   0.00    0.00     0.00    0.00      0.00     0.00   0.00    0.00     0.00    0.00    0.00    0.00   0.00
nvme0n1       12594.00    196.78     0.00   0.00    0.17    16.00 6736.00    127.28  1543.00  18.64    0.05    19.35    0.00      0.00     0.00   0.00    0.00     0.00    0.00    0.00    2.50  94.70
sda              0.00      0.00     0.00   0.00    0.00     0.00    0.00      0.00     0.00   0.00    0.00     0.00    0.00      0.00     0.00   0.00    0.00     0.00    0.00    0.00    0.00   0.00


Device            r/s     rMB/s   rrqm/s  %rrqm r_await rareq-sz     w/s     wMB/s   wrqm/s  %wrqm w_await wareq-sz     d/s     dMB/s   drqm/s  %drqm d_await dareq-sz     f/s f_await  aqu-sz  %util
loop0            0.00      0.00     0.00   0.00    0.00     0.00    0.00      0.00     0.00   0.00    0.00     0.00    0.00      0.00     0.00   0.00    0.00     0.00    0.00    0.00    0.00   0.00
nvme0n1       12249.00    191.39     0.00   0.00    0.17    16.00 6787.00    129.23  1503.00  18.13    0.04    19.50    0.00      0.00     0.00   0.00    0.00     0.00    0.00    0.00    2.42  93.40
sda              0.00      0.00     0.00   0.00    0.00     0.00    2.00      0.16    40.00  95.24    0.00    84.00    0.00      0.00     0.00   0.00    0.00     0.00    2.00    0.00    0.00   0.00


Device            r/s     rMB/s   rrqm/s  %rrqm r_await rareq-sz     w/s     wMB/s   wrqm/s  %wrqm w_await wareq-sz     d/s     dMB/s   drqm/s  %drqm d_await dareq-sz     f/s f_await  aqu-sz  %util
loop0            0.00      0.00     0.00   0.00    0.00     0.00    0.00      0.00     0.00   0.00    0.00     0.00    0.00      0.00     0.00   0.00    0.00     0.00    0.00    0.00    0.00   0.00
nvme0n1       12307.00    192.30     0.00   0.00    0.17    16.00 6715.00    127.58  1504.00  18.30    0.05    19.46    0.00      0.00     0.00   0.00    0.00     0.00    0.00    0.00    2.43  93.20
sda              0.00      0.00     0.00   0.00    0.00     0.00   60.00      0.27     9.00  13.04    0.18     4.60    0.00      0.00     0.00   0.00    0.00     0.00    0.00    0.00    0.01   0.00


Device            r/s     rMB/s   rrqm/s  %rrqm r_await rareq-sz     w/s     wMB/s   wrqm/s  %wrqm w_await wareq-sz     d/s     dMB/s   drqm/s  %drqm d_await dareq-sz     f/s f_await  aqu-sz  %util
loop0            0.00      0.00     0.00   0.00    0.00     0.00    0.00      0.00     0.00   0.00    0.00     0.00    0.00      0.00     0.00   0.00    0.00     0.00    0.00    0.00    0.00   0.00
nvme0n1       12313.00    192.39     0.00   0.00    0.17    16.00 6883.00    132.04  1482.00  17.72    0.05    19.64    0.00      0.00     0.00   0.00    0.00     0.00    0.00    0.00    2.44  94.30
sda              0.00      0.00     0.00   0.00    0.00     0.00   25.00      0.33    13.00  34.21    0.32    13.44    0.00      0.00     0.00   0.00    0.00     0.00    0.00    0.00    0.01   0.10


Device            r/s     rMB/s   rrqm/s  %rrqm r_await rareq-sz     w/s     wMB/s   wrqm/s  %wrqm w_await wareq-sz     d/s     dMB/s   drqm/s  %drqm d_await dareq-sz     f/s f_await  aqu-sz  %util
loop0            0.00      0.00     0.00   0.00    0.00     0.00    0.00      0.00     0.00   0.00    0.00     0.00    0.00      0.00     0.00   0.00    0.00     0.00    0.00    0.00    0.00   0.00
nvme0n1       12478.00    194.98     0.00   0.00    0.17    16.00 6667.00    126.40  1508.00  18.45    0.05    19.41    0.00      0.00     0.00   0.00    0.00     0.00    0.00    0.00    2.47  93.60
sda              0.00      0.00     0.00   0.00    0.00     0.00    0.00      0.00     0.00   0.00    0.00     0.00    0.00      0.00     0.00   0.00    0.00     0.00    0.00    0.00    0.00   0.00


Device            r/s     rMB/s   rrqm/s  %rrqm r_await rareq-sz     w/s     wMB/s   wrqm/s  %wrqm w_await wareq-sz     d/s     dMB/s   drqm/s  %drqm d_await dareq-sz     f/s f_await  aqu-sz  %util
loop0            0.00      0.00     0.00   0.00    0.00     0.00    0.00      0.00     0.00   0.00    0.00     0.00    0.00      0.00     0.00   0.00    0.00     0.00    0.00    0.00    0.00   0.00
nvme0n1       12432.00    194.23     0.00   0.00    0.17    16.00 6810.00    129.15  1517.00  18.22    0.05    19.42    0.00      0.00     0.00   0.00    0.00     0.00    0.00    0.00    2.49  93.80
sda              0.00      0.00     0.00   0.00    0.00     0.00    1.00      0.00     0.00   0.00    0.00     4.00    0.00      0.00     0.00   0.00    0.00     0.00    0.00    0.00    0.00   0.00


Device            r/s     rMB/s   rrqm/s  %rrqm r_await rareq-sz     w/s     wMB/s   wrqm/s  %wrqm w_await wareq-sz     d/s     dMB/s   drqm/s  %drqm d_await dareq-sz     f/s f_await  aqu-sz  %util
loop0            0.00      0.00     0.00   0.00    0.00     0.00    0.00      0.00     0.00   0.00    0.00     0.00    0.00      0.00     0.00   0.00    0.00     0.00    0.00    0.00    0.00   0.00
nvme0n1       12475.00    194.92     0.00   0.00    0.17    16.00 6728.00    127.52  1527.00  18.50    0.05    19.41    0.00      0.00     0.00   0.00    0.00     0.00    0.00    0.00    2.47  94.10
sda              0.00      0.00     0.00   0.00    0.00     0.00    2.00      0.15    37.00  94.87    0.00    78.00    0.00      0.00     0.00   0.00    0.00     0.00    2.00    0.00    0.00   0.10


Device            r/s     rMB/s   rrqm/s  %rrqm r_await rareq-sz     w/s     wMB/s   wrqm/s  %wrqm w_await wareq-sz     d/s     dMB/s   drqm/s  %drqm d_await dareq-sz     f/s f_await  aqu-sz  %util
loop0            0.00      0.00     0.00   0.00    0.00     0.00    0.00      0.00     0.00   0.00    0.00     0.00    0.00      0.00     0.00   0.00    0.00     0.00    0.00    0.00    0.00   0.00
nvme0n1       12430.00    194.22     0.00   0.00    0.17    16.00 6945.00    131.82  1535.00  18.10    0.05    19.44    0.00      0.00     0.00   0.00    0.00     0.00    0.00    0.00    2.47  94.00
sda              0.00      0.00     0.00   0.00    0.00     0.00    0.00      0.00     0.00   0.00    0.00     0.00    0.00      0.00     0.00   0.00    0.00     0.00    0.00    0.00    0.00   0.00


Device            r/s     rMB/s   rrqm/s  %rrqm r_await rareq-sz     w/s     wMB/s   wrqm/s  %wrqm w_await wareq-sz     d/s     dMB/s   drqm/s  %drqm d_await dareq-sz     f/s f_await  aqu-sz  %util
loop0            0.00      0.00     0.00   0.00    0.00     0.00    0.00      0.00     0.00   0.00    0.00     0.00    0.00      0.00     0.00   0.00    0.00     0.00    0.00    0.00    0.00   0.00
nvme0n1       12730.00    198.91     0.00   0.00    0.17    16.00 6706.00    126.43  1517.00  18.45    0.04    19.31    0.00      0.00     0.00   0.00    0.00     0.00    0.00    0.00    2.48  93.40
sda              0.00      0.00     0.00   0.00    0.00     0.00   25.00      0.33    13.00  34.21    0.28    13.44    0.00      0.00     0.00   0.00    0.00     0.00    0.00    0.00    0.01   0.10


Device            r/s     rMB/s   rrqm/s  %rrqm r_await rareq-sz     w/s     wMB/s   wrqm/s  %wrqm w_await wareq-sz     d/s     dMB/s   drqm/s  %drqm d_await dareq-sz     f/s f_await  aqu-sz  %util
loop0            0.00      0.00     0.00   0.00    0.00     0.00    0.00      0.00     0.00   0.00    0.00     0.00    0.00      0.00     0.00   0.00    0.00     0.00    0.00    0.00    0.00   0.00
nvme0n1       12679.00    198.11     0.00   0.00    0.17    16.00 6945.00    131.84  1564.00  18.38    0.05    19.44    0.00      0.00     0.00   0.00    0.00     0.00    0.00    0.00    2.50  93.90
sda              0.00      0.00     0.00   0.00    0.00     0.00    0.00      0.00     0.00   0.00    0.00     0.00    0.00      0.00     0.00   0.00    0.00     0.00    0.00    0.00    0.00   0.00


Device            r/s     rMB/s   rrqm/s  %rrqm r_await rareq-sz     w/s     wMB/s   wrqm/s  %wrqm w_await wareq-sz     d/s     dMB/s   drqm/s  %drqm d_await dareq-sz     f/s f_await  aqu-sz  %util
loop0            0.00      0.00     0.00   0.00    0.00     0.00    0.00      0.00     0.00   0.00    0.00     0.00    0.00      0.00     0.00   0.00    0.00     0.00    0.00    0.00    0.00   0.00
nvme0n1       12704.00    198.50     0.00   0.00    0.17    16.00 6825.00    128.03  1578.00  18.78    0.05    19.21    0.00      0.00     0.00   0.00    0.00     0.00    0.00    0.00    2.50  93.70
sda              0.00      0.00     0.00   0.00    0.00     0.00    0.00      0.00     0.00   0.00    0.00     0.00    0.00      0.00     0.00   0.00    0.00     0.00    0.00    0.00    0.00   0.00


Device            r/s     rMB/s   rrqm/s  %rrqm r_await rareq-sz     w/s     wMB/s   wrqm/s  %wrqm w_await wareq-sz     d/s     dMB/s   drqm/s  %drqm d_await dareq-sz     f/s f_await  aqu-sz  %util
loop0            0.00      0.00     0.00   0.00    0.00     0.00    0.00      0.00     0.00   0.00    0.00     0.00    0.00      0.00     0.00   0.00    0.00     0.00    0.00    0.00    0.00   0.00
nvme0n1       12784.00    199.75     0.00   0.00    0.17    16.00 6913.00    129.34  1611.00  18.90    0.04    19.16    0.00      0.00     0.00   0.00    0.00     0.00    0.00    0.00    2.51  95.70
sda              0.00      0.00     0.00   0.00    0.00     0.00    3.00      0.15    36.00  92.31    0.00    52.00    0.00      0.00     0.00   0.00    0.00     0.00    2.00    0.00    0.00   0.00


Device            r/s     rMB/s   rrqm/s  %rrqm r_await rareq-sz     w/s     wMB/s   wrqm/s  %wrqm w_await wareq-sz     d/s     dMB/s   drqm/s  %drqm d_await dareq-sz     f/s f_await  aqu-sz  %util
loop0            0.00      0.00     0.00   0.00    0.00     0.00    0.00      0.00     0.00   0.00    0.00     0.00    0.00      0.00     0.00   0.00    0.00     0.00    0.00    0.00    0.00   0.00
nvme0n1       12767.00    199.48     0.00   0.00    0.17    16.00 6873.00    131.00  1556.00  18.46    0.05    19.52    0.00      0.00     0.00   0.00    0.00     0.00    0.00    0.00    2.48  93.80
sda              0.00      0.00     0.00   0.00    0.00     0.00    0.00      0.00     0.00   0.00    0.00     0.00    0.00      0.00     0.00   0.00    0.00     0.00    0.00    0.00    0.00   0.00


Device            r/s     rMB/s   rrqm/s  %rrqm r_await rareq-sz     w/s     wMB/s   wrqm/s  %wrqm w_await wareq-sz     d/s     dMB/s   drqm/s  %drqm d_await dareq-sz     f/s f_await  aqu-sz  %util
loop0            0.00      0.00     0.00   0.00    0.00     0.00    0.00      0.00     0.00   0.00    0.00     0.00    0.00      0.00     0.00   0.00    0.00     0.00    0.00    0.00    0.00   0.00
nvme0n1       12624.00    197.25     0.00   0.00    0.17    16.00 6932.00    131.94  1557.00  18.34    0.05    19.49    0.00      0.00     0.00   0.00    0.00     0.00    0.00    0.00    2.51  95.10
sda              0.00      0.00     0.00   0.00    0.00     0.00   27.00      0.34    12.00  30.77    0.22    12.89    0.00      0.00     0.00   0.00    0.00     0.00    0.00    0.00    0.01   0.00


Device            r/s     rMB/s   rrqm/s  %rrqm r_await rareq-sz     w/s     wMB/s   wrqm/s  %wrqm w_await wareq-sz     d/s     dMB/s   drqm/s  %drqm d_await dareq-sz     f/s f_await  aqu-sz  %util
loop0            0.00      0.00     0.00   0.00    0.00     0.00    0.00      0.00     0.00   0.00    0.00     0.00    0.00      0.00     0.00   0.00    0.00     0.00    0.00    0.00    0.00   0.00
nvme0n1       12697.00    198.39     0.00   0.00    0.17    16.00 6746.00    127.89  1553.00  18.71    0.05    19.41    0.00      0.00     0.00   0.00    0.00     0.00    0.00    0.00    2.47  94.00
sda              0.00      0.00     0.00   0.00    0.00     0.00    0.00      0.00     0.00   0.00    0.00     0.00    0.00      0.00     0.00   0.00    0.00     0.00    0.00    0.00    0.00   0.00


Device            r/s     rMB/s   rrqm/s  %rrqm r_await rareq-sz     w/s     wMB/s   wrqm/s  %wrqm w_await wareq-sz     d/s     dMB/s   drqm/s  %drqm d_await dareq-sz     f/s f_await  aqu-sz  %util
loop0            0.00      0.00     0.00   0.00    0.00     0.00    0.00      0.00     0.00   0.00    0.00     0.00    0.00      0.00     0.00   0.00    0.00     0.00    0.00    0.00    0.00   0.00
nvme0n1       12766.00    199.47     0.00   0.00    0.17    16.00 6641.00    124.15  1574.00  19.16    0.04    19.14    0.00      0.00     0.00   0.00    0.00     0.00    0.00    0.00    2.45  94.50
sda              0.00      0.00     0.00   0.00    0.00     0.00    0.00      0.00     0.00   0.00    0.00     0.00    0.00      0.00     0.00   0.00    0.00     0.00    0.00    0.00    0.00   0.00


Device            r/s     rMB/s   rrqm/s  %rrqm r_await rareq-sz     w/s     wMB/s   wrqm/s  %wrqm w_await wareq-sz     d/s     dMB/s   drqm/s  %drqm d_await dareq-sz     f/s f_await  aqu-sz  %util
loop0            0.00      0.00     0.00   0.00    0.00     0.00    0.00      0.00     0.00   0.00    0.00     0.00    0.00      0.00     0.00   0.00    0.00     0.00    0.00    0.00    0.00   0.00
nvme0n1       12545.00    196.02     0.00   0.00    0.17    16.00 7065.00    136.62  1553.00  18.02    0.05    19.80    0.00      0.00     0.00   0.00    0.00     0.00    0.00    0.00    2.55  92.80
sda              0.00      0.00     0.00   0.00    0.00     0.00    2.00      0.14    34.00  94.44    0.50    72.00    0.00      0.00     0.00   0.00    0.00     0.00    2.00    0.00    0.00   0.10


Device            r/s     rMB/s   rrqm/s  %rrqm r_await rareq-sz     w/s     wMB/s   wrqm/s  %wrqm w_await wareq-sz     d/s     dMB/s   drqm/s  %drqm d_await dareq-sz     f/s f_await  aqu-sz  %util
loop0            0.00      0.00     0.00   0.00    0.00     0.00    0.00      0.00     0.00   0.00    0.00     0.00    0.00      0.00     0.00   0.00    0.00     0.00    0.00    0.00    0.00   0.00
nvme0n1       12742.00    199.09     0.00   0.00    0.17    16.00 6759.00    127.27  1575.00  18.90    0.04    19.28    0.00      0.00     0.00   0.00    0.00     0.00    0.00    0.00    2.48  95.40
sda              0.00      0.00     0.00   0.00    0.00     0.00    1.00      0.00     0.00   0.00    0.00     4.00    0.00      0.00     0.00   0.00    0.00     0.00    0.00    0.00    0.00   0.00


Device            r/s     rMB/s   rrqm/s  %rrqm r_await rareq-sz     w/s     wMB/s   wrqm/s  %wrqm w_await wareq-sz     d/s     dMB/s   drqm/s  %drqm d_await dareq-sz     f/s f_await  aqu-sz  %util
loop0            0.00      0.00     0.00   0.00    0.00     0.00    0.00      0.00     0.00   0.00    0.00     0.00    0.00      0.00     0.00   0.00    0.00     0.00    0.00    0.00    0.00   0.00
nvme0n1       12667.00    197.92     0.00   0.00    0.17    16.00 6899.00    132.48  1525.00  18.10    0.05    19.66    0.00      0.00     0.00   0.00    0.00     0.00    0.00    0.00    2.52  94.20
sda              0.00      0.00     0.00   0.00    0.00     0.00   26.00      0.33    13.00  33.33    0.23    13.08    0.00      0.00     0.00   0.00    0.00     0.00    0.00    0.00    0.01   0.10


Device            r/s     rMB/s   rrqm/s  %rrqm r_await rareq-sz     w/s     wMB/s   wrqm/s  %wrqm w_await wareq-sz     d/s     dMB/s   drqm/s  %drqm d_await dareq-sz     f/s f_await  aqu-sz  %util
loop0            0.00      0.00     0.00   0.00    0.00     0.00    0.00      0.00     0.00   0.00    0.00     0.00    0.00      0.00     0.00   0.00    0.00     0.00    0.00    0.00    0.00   0.00
nvme0n1       12657.00    197.77     0.00   0.00    0.17    16.00 6768.00    127.27  1570.00  18.83    0.04    19.26    0.00      0.00     0.00   0.00    0.00     0.00    0.00    0.00    2.48  94.70
sda              0.00      0.00     0.00   0.00    0.00     0.00    0.00      0.00     0.00   0.00    0.00     0.00    0.00      0.00     0.00   0.00    0.00     0.00    0.00    0.00    0.00   0.00


Device            r/s     rMB/s   rrqm/s  %rrqm r_await rareq-sz     w/s     wMB/s   wrqm/s  %wrqm w_await wareq-sz     d/s     dMB/s   drqm/s  %drqm d_await dareq-sz     f/s f_await  aqu-sz  %util
loop0            0.00      0.00     0.00   0.00    0.00     0.00    0.00      0.00     0.00   0.00    0.00     0.00    0.00      0.00     0.00   0.00    0.00     0.00    0.00    0.00    0.00   0.00
nvme0n1       12519.00    195.61     0.00   0.00    0.17    16.00 6873.00    129.89  1574.00  18.63    0.05    19.35    0.00      0.00     0.00   0.00    0.00     0.00    0.00    0.00    2.47  94.90
sda              0.00      0.00     0.00   0.00    0.00     0.00    0.00      0.00     0.00   0.00    0.00     0.00    0.00      0.00     0.00   0.00    0.00     0.00    0.00    0.00    0.00   0.00


Device            r/s     rMB/s   rrqm/s  %rrqm r_await rareq-sz     w/s     wMB/s   wrqm/s  %wrqm w_await wareq-sz     d/s     dMB/s   drqm/s  %drqm d_await dareq-sz     f/s f_await  aqu-sz  %util
loop0            0.00      0.00     0.00   0.00    0.00     0.00    0.00      0.00     0.00   0.00    0.00     0.00    0.00      0.00     0.00   0.00    0.00     0.00    0.00    0.00    0.00   0.00
nvme0n1       12386.00    193.53     0.00   0.00    0.17    16.00 6656.00    125.73  1498.00  18.37    0.05    19.34    0.00      0.00     0.00   0.00    0.00     0.00    0.00    0.00    2.46  93.80
sda              0.00      0.00     0.00   0.00    0.00     0.00    2.00      0.16    39.00  95.12    0.00    82.00    0.00      0.00     0.00   0.00    0.00     0.00    2.00    0.00    0.00   0.00


Device            r/s     rMB/s   rrqm/s  %rrqm r_await rareq-sz     w/s     wMB/s   wrqm/s  %wrqm w_await wareq-sz     d/s     dMB/s   drqm/s  %drqm d_await dareq-sz     f/s f_await  aqu-sz  %util
loop0            0.00      0.00     0.00   0.00    0.00     0.00    0.00      0.00     0.00   0.00    0.00     0.00    0.00      0.00     0.00   0.00    0.00     0.00    0.00    0.00    0.00   0.00
nvme0n1       12493.00    195.20     0.00   0.00    0.17    16.00 6802.00    130.32  1520.00  18.26    0.05    19.62    0.00      0.00     0.00   0.00    0.00     0.00    0.00    0.00    2.46  93.60
sda              0.00      0.00     0.00   0.00    0.00     0.00    2.00      0.07     1.00  33.33    0.50    34.00    0.00      0.00     0.00   0.00    0.00     0.00    0.00    0.00    0.00   0.00


Device            r/s     rMB/s   rrqm/s  %rrqm r_await rareq-sz     w/s     wMB/s   wrqm/s  %wrqm w_await wareq-sz     d/s     dMB/s   drqm/s  %drqm d_await dareq-sz     f/s f_await  aqu-sz  %util
loop0            0.00      0.00     0.00   0.00    0.00     0.00    0.00      0.00     0.00   0.00    0.00     0.00    0.00      0.00     0.00   0.00    0.00     0.00    0.00    0.00    0.00   0.00
nvme0n1       12514.00    195.53     0.00   0.00    0.17    16.00 6693.00    125.82  1544.00  18.74    0.04    19.25    0.00      0.00     0.00   0.00    0.00     0.00    0.00    0.00    2.47  94.90
sda              0.00      0.00     0.00   0.00    0.00     0.00   26.00      0.35    13.00  33.33    0.19    13.69    0.00      0.00     0.00   0.00    0.00     0.00    0.00    0.00    0.01   0.10


Device            r/s     rMB/s   rrqm/s  %rrqm r_await rareq-sz     w/s     wMB/s   wrqm/s  %wrqm w_await wareq-sz     d/s     dMB/s   drqm/s  %drqm d_await dareq-sz     f/s f_await  aqu-sz  %util
loop0            0.00      0.00     0.00   0.00    0.00     0.00    0.00      0.00     0.00   0.00    0.00     0.00    0.00      0.00     0.00   0.00    0.00     0.00    0.00    0.00    0.00   0.00
nvme0n1       12314.00    192.41     0.00   0.00    0.17    16.00 6795.00    129.29  1507.00  18.15    0.05    19.48    0.00      0.00     0.00   0.00    0.00     0.00    0.00    0.00    2.43  93.80
sda              0.00      0.00     0.00   0.00    0.00     0.00    0.00      0.00     0.00   0.00    0.00     0.00    0.00      0.00     0.00   0.00    0.00     0.00    0.00    0.00    0.00   0.00


Device            r/s     rMB/s   rrqm/s  %rrqm r_await rareq-sz     w/s     wMB/s   wrqm/s  %wrqm w_await wareq-sz     d/s     dMB/s   drqm/s  %drqm d_await dareq-sz     f/s f_await  aqu-sz  %util
loop0            0.00      0.00     0.00   0.00    0.00     0.00    0.00      0.00     0.00   0.00    0.00     0.00    0.00      0.00     0.00   0.00    0.00     0.00    0.00    0.00    0.00   0.00
nvme0n1       12384.00    193.50     0.00   0.00    0.17    16.00 6790.00    129.79  1491.00  18.01    0.05    19.57    0.00      0.00     0.00   0.00    0.00     0.00    0.00    0.00    2.46  92.60
sda              0.00      0.00     0.00   0.00    0.00     0.00    0.00      0.00     0.00   0.00    0.00     0.00    0.00      0.00     0.00   0.00    0.00     0.00    0.00    0.00    0.00   0.00


Device            r/s     rMB/s   rrqm/s  %rrqm r_await rareq-sz     w/s     wMB/s   wrqm/s  %wrqm w_await wareq-sz     d/s     dMB/s   drqm/s  %drqm d_await dareq-sz     f/s f_await  aqu-sz  %util
loop0            0.00      0.00     0.00   0.00    0.00     0.00    0.00      0.00     0.00   0.00    0.00     0.00    0.00      0.00     0.00   0.00    0.00     0.00    0.00    0.00    0.00   0.00
nvme0n1       12588.00    196.69     0.00   0.00    0.17    16.00 6798.00    128.91  1521.00  18.28    0.05    19.42    0.00      0.00     0.00   0.00    0.00     0.00    0.00    0.00    2.48  94.20
sda              0.00      0.00     0.00   0.00    0.00     0.00    2.00      0.18    43.00  95.56    0.50    90.00    0.00      0.00     0.00   0.00    0.00     0.00    2.00    0.00    0.00   0.10


Device            r/s     rMB/s   rrqm/s  %rrqm r_await rareq-sz     w/s     wMB/s   wrqm/s  %wrqm w_await wareq-sz     d/s     dMB/s   drqm/s  %drqm d_await dareq-sz     f/s f_await  aqu-sz  %util
loop0            0.00      0.00     0.00   0.00    0.00     0.00    0.00      0.00     0.00   0.00    0.00     0.00    0.00      0.00     0.00   0.00    0.00     0.00    0.00    0.00    0.00   0.00
nvme0n1       12597.00    196.83     0.00   0.00    0.17    16.00 6468.00    121.05  1491.00  18.73    0.05    19.16    0.00      0.00     0.00   0.00    0.00     0.00    0.00    0.00    2.47  93.70
sda              0.00      0.00     0.00   0.00    0.00     0.00   62.00      0.27     1.00   1.59    0.10     4.45    0.00      0.00     0.00   0.00    0.00     0.00    0.00    0.00    0.01   0.10


Device            r/s     rMB/s   rrqm/s  %rrqm r_await rareq-sz     w/s     wMB/s   wrqm/s  %wrqm w_await wareq-sz     d/s     dMB/s   drqm/s  %drqm d_await dareq-sz     f/s f_await  aqu-sz  %util
loop0            0.00      0.00     0.00   0.00    0.00     0.00    0.00      0.00     0.00   0.00    0.00     0.00    0.00      0.00     0.00   0.00    0.00     0.00    0.00    0.00    0.00   0.00
nvme0n1       12534.00    195.84     0.00   0.00    0.17    16.00 6966.00    133.21  1507.00  17.79    0.04    19.58    0.00      0.00     0.00   0.00    0.00     0.00    0.00    0.00    2.45  93.00
sda              0.00      0.00     0.00   0.00    0.00     0.00    0.00      0.00     0.00   0.00    0.00     0.00    0.00      0.00     0.00   0.00    0.00     0.00    0.00    0.00    0.00   0.00


Device            r/s     rMB/s   rrqm/s  %rrqm r_await rareq-sz     w/s     wMB/s   wrqm/s  %wrqm w_await wareq-sz     d/s     dMB/s   drqm/s  %drqm d_await dareq-sz     f/s f_await  aqu-sz  %util
loop0            0.00      0.00     0.00   0.00    0.00     0.00    0.00      0.00     0.00   0.00    0.00     0.00    0.00      0.00     0.00   0.00    0.00     0.00    0.00    0.00    0.00   0.00
nvme0n1       12616.00    197.12     0.00   0.00    0.17    16.00 6918.00    131.05  1565.00  18.45    0.05    19.40    0.00      0.00     0.00   0.00    0.00     0.00    0.00    0.00    2.50  93.70
sda              0.00      0.00     0.00   0.00    0.00     0.00   26.00      0.34    14.00  35.00    0.23    13.23    0.00      0.00     0.00   0.00    0.00     0.00    0.00    0.00    0.01   0.10


Device            r/s     rMB/s   rrqm/s  %rrqm r_await rareq-sz     w/s     wMB/s   wrqm/s  %wrqm w_await wareq-sz     d/s     dMB/s   drqm/s  %drqm d_await dareq-sz     f/s f_await  aqu-sz  %util
loop0            0.00      0.00     0.00   0.00    0.00     0.00    0.00      0.00     0.00   0.00    0.00     0.00    0.00      0.00     0.00   0.00    0.00     0.00    0.00    0.00    0.00   0.00
nvme0n1       12834.00    200.53     0.00   0.00    0.17    16.00 6791.00    128.01  1576.00  18.84    0.04    19.30    0.00      0.00     0.00   0.00    0.00     0.00    0.00    0.00    2.48  94.70
sda              0.00      0.00     0.00   0.00    0.00     0.00    0.00      0.00     0.00   0.00    0.00     0.00    0.00      0.00     0.00   0.00    0.00     0.00    0.00    0.00    0.00   0.00


Device            r/s     rMB/s   rrqm/s  %rrqm r_await rareq-sz     w/s     wMB/s   wrqm/s  %wrqm w_await wareq-sz     d/s     dMB/s   drqm/s  %drqm d_await dareq-sz     f/s f_await  aqu-sz  %util
loop0            0.00      0.00     0.00   0.00    0.00     0.00    0.00      0.00     0.00   0.00    0.00     0.00    0.00      0.00     0.00   0.00    0.00     0.00    0.00    0.00    0.00   0.00
nvme0n1       12791.00    199.86     0.00   0.00    0.17    16.00 6768.00    128.42  1528.00  18.42    0.05    19.43    0.00      0.00     0.00   0.00    0.00     0.00    0.00    0.00    2.52  95.90
sda              0.00      0.00     0.00   0.00    0.00     0.00    2.00      0.17    41.00  95.35    0.00    86.00    0.00      0.00     0.00   0.00    0.00     0.00    2.00    0.00    0.00   0.00


Device            r/s     rMB/s   rrqm/s  %rrqm r_await rareq-sz     w/s     wMB/s   wrqm/s  %wrqm w_await wareq-sz     d/s     dMB/s   drqm/s  %drqm d_await dareq-sz     f/s f_await  aqu-sz  %util
loop0            0.00      0.00     0.00   0.00    0.00     0.00    0.00      0.00     0.00   0.00    0.00     0.00    0.00      0.00     0.00   0.00    0.00     0.00    0.00    0.00    0.00   0.00
nvme0n1       12727.00    198.86     0.00   0.00    0.17    16.00 7114.00    135.71  1608.00  18.44    0.05    19.53    0.00      0.00     0.00   0.00    0.00     0.00    0.00    0.00    2.51  95.10
sda              0.00      0.00     0.00   0.00    0.00     0.00    0.00      0.00     0.00   0.00    0.00     0.00    0.00      0.00     0.00   0.00    0.00     0.00    0.00    0.00    0.00   0.00


Device            r/s     rMB/s   rrqm/s  %rrqm r_await rareq-sz     w/s     wMB/s   wrqm/s  %wrqm w_await wareq-sz     d/s     dMB/s   drqm/s  %drqm d_await dareq-sz     f/s f_await  aqu-sz  %util
loop0            0.00      0.00     0.00   0.00    0.00     0.00    0.00      0.00     0.00   0.00    0.00     0.00    0.00      0.00     0.00   0.00    0.00     0.00    0.00    0.00    0.00   0.00
nvme0n1       12905.00    201.64     0.00   0.00    0.17    16.00 6705.00    125.34  1566.00  18.93    0.04    19.14    0.00      0.00     0.00   0.00    0.00     0.00    0.00    0.00    2.50  96.30
sda              0.00      0.00     0.00   0.00    0.00     0.00    0.00      0.00     0.00   0.00    0.00     0.00    0.00      0.00     0.00   0.00    0.00     0.00    0.00    0.00    0.00   0.00


Device            r/s     rMB/s   rrqm/s  %rrqm r_await rareq-sz     w/s     wMB/s   wrqm/s  %wrqm w_await wareq-sz     d/s     dMB/s   drqm/s  %drqm d_await dareq-sz     f/s f_await  aqu-sz  %util
loop0            0.00      0.00     0.00   0.00    0.00     0.00    0.00      0.00     0.00   0.00    0.00     0.00    0.00      0.00     0.00   0.00    0.00     0.00    0.00    0.00    0.00   0.00
nvme0n1       12546.00    196.03     0.00   0.00    0.17    16.00 6719.00    127.65  1485.00  18.10    0.05    19.45    0.00      0.00     0.00   0.00    0.00     0.00    0.00    0.00    2.48  93.80
sda              0.00      0.00     0.00   0.00    0.00     0.00   26.00      0.32    11.00  29.73    0.23    12.62    0.00      0.00     0.00   0.00    0.00     0.00    0.00    0.00    0.01   0.10


Device            r/s     rMB/s   rrqm/s  %rrqm r_await rareq-sz     w/s     wMB/s   wrqm/s  %wrqm w_await wareq-sz     d/s     dMB/s   drqm/s  %drqm d_await dareq-sz     f/s f_await  aqu-sz  %util
loop0            0.00      0.00     0.00   0.00    0.00     0.00    0.00      0.00     0.00   0.00    0.00     0.00    0.00      0.00     0.00   0.00    0.00     0.00    0.00    0.00    0.00   0.00
nvme0n1       12468.00    194.81     0.00   0.00    0.17    16.00 6844.00    131.06  1511.00  18.08    0.05    19.61    0.00      0.00     0.00   0.00    0.00     0.00    0.00    0.00    2.48  94.60
sda              0.00      0.00     0.00   0.00    0.00     0.00    1.00      0.00     0.00   0.00    0.00     4.00    0.00      0.00     0.00   0.00    0.00     0.00    0.00    0.00    0.00   0.00


Device            r/s     rMB/s   rrqm/s  %rrqm r_await rareq-sz     w/s     wMB/s   wrqm/s  %wrqm w_await wareq-sz     d/s     dMB/s   drqm/s  %drqm d_await dareq-sz     f/s f_await  aqu-sz  %util
loop0            0.00      0.00     0.00   0.00    0.00     0.00    0.00      0.00     0.00   0.00    0.00     0.00    0.00      0.00     0.00   0.00    0.00     0.00    0.00    0.00    0.00   0.00
nvme0n1       12559.00    196.23     0.00   0.00    0.17    16.00 6709.00    127.89  1520.00  18.47    0.05    19.52    0.00      0.00     0.00   0.00    0.00     0.00    0.00    0.00    2.47  94.20
sda              0.00      0.00     0.00   0.00    0.00     0.00    2.00      0.14    35.00  94.59    0.50    74.00    0.00      0.00     0.00   0.00    0.00     0.00    2.00    0.00    0.00   0.00


Device            r/s     rMB/s   rrqm/s  %rrqm r_await rareq-sz     w/s     wMB/s   wrqm/s  %wrqm w_await wareq-sz     d/s     dMB/s   drqm/s  %drqm d_await dareq-sz     f/s f_await  aqu-sz  %util
loop0            0.00      0.00     0.00   0.00    0.00     0.00    0.00      0.00     0.00   0.00    0.00     0.00    0.00      0.00     0.00   0.00    0.00     0.00    0.00    0.00    0.00   0.00
nvme0n1       12653.00    197.72     0.00   0.00    0.17    16.00 6554.00    122.60  1517.00  18.80    0.05    19.16    0.00      0.00     0.00   0.00    0.00     0.00    0.00    0.00    2.49  94.30
sda              0.00      0.00     0.00   0.00    0.00     0.00   45.00      0.20     6.00  11.76    0.18     4.53    0.00      0.00     0.00   0.00    0.00     0.00    0.00    0.00    0.01   0.00


Device            r/s     rMB/s   rrqm/s  %rrqm r_await rareq-sz     w/s     wMB/s   wrqm/s  %wrqm w_await wareq-sz     d/s     dMB/s   drqm/s  %drqm d_await dareq-sz     f/s f_await  aqu-sz  %util
loop0            0.00      0.00     0.00   0.00    0.00     0.00    0.00      0.00     0.00   0.00    0.00     0.00    0.00      0.00     0.00   0.00    0.00     0.00    0.00    0.00    0.00   0.00
nvme0n1       12616.00    197.12     0.00   0.00    0.17    16.00 6862.00    128.75  1561.00  18.53    0.05    19.21    0.00      0.00     0.00   0.00    0.00     0.00    0.00    0.00    2.48  93.60
sda              0.00      0.00     0.00   0.00    0.00     0.00    0.00      0.00     0.00   0.00    0.00     0.00    0.00      0.00     0.00   0.00    0.00     0.00    0.00    0.00    0.00   0.00


Device            r/s     rMB/s   rrqm/s  %rrqm r_await rareq-sz     w/s     wMB/s   wrqm/s  %wrqm w_await wareq-sz     d/s     dMB/s   drqm/s  %drqm d_await dareq-sz     f/s f_await  aqu-sz  %util
loop0            0.00      0.00     0.00   0.00    0.00     0.00    0.00      0.00     0.00   0.00    0.00     0.00    0.00      0.00     0.00   0.00    0.00     0.00    0.00    0.00    0.00   0.00
nvme0n1       12786.00    199.77     0.00   0.00    0.17    16.00 7124.00    136.16  1548.00  17.85    0.04    19.57    0.00      0.00     0.00   0.00    0.00     0.00    0.00    0.00    2.42  94.30
sda              0.00      0.00     0.00   0.00    0.00     0.00   25.00      0.33    13.00  34.21    0.20    13.44    0.00      0.00     0.00   0.00    0.00     0.00    0.00    0.00    0.01   0.00


Device            r/s     rMB/s   rrqm/s  %rrqm r_await rareq-sz     w/s     wMB/s   wrqm/s  %wrqm w_await wareq-sz     d/s     dMB/s   drqm/s  %drqm d_await dareq-sz     f/s f_await  aqu-sz  %util
loop0            0.00      0.00     0.00   0.00    0.00     0.00    0.00      0.00     0.00   0.00    0.00     0.00    0.00      0.00     0.00   0.00    0.00     0.00    0.00    0.00    0.00   0.00
nvme0n1       12788.00    199.81     0.00   0.00    0.17    16.00 7048.00    135.51  1552.00  18.05    0.04    19.69    0.00      0.00     0.00   0.00    0.00     0.00    0.00    0.00    2.42  94.00
sda              0.00      0.00     0.00   0.00    0.00     0.00    0.00      0.00     0.00   0.00    0.00     0.00    0.00      0.00     0.00   0.00    0.00     0.00    0.00    0.00    0.00   0.00


Device            r/s     rMB/s   rrqm/s  %rrqm r_await rareq-sz     w/s     wMB/s   wrqm/s  %wrqm w_await wareq-sz     d/s     dMB/s   drqm/s  %drqm d_await dareq-sz     f/s f_await  aqu-sz  %util
loop0            0.00      0.00     0.00   0.00    0.00     0.00    0.00      0.00     0.00   0.00    0.00     0.00    0.00      0.00     0.00   0.00    0.00     0.00    0.00    0.00    0.00   0.00
nvme0n1       12888.00    201.38     0.00   0.00    0.17    16.00 6914.00    129.62  1610.00  18.89    0.04    19.20    0.00      0.00     0.00   0.00    0.00     0.00    0.00    0.00    2.40  94.30
sda              0.00      0.00     0.00   0.00    0.00     0.00    3.00      0.16    38.00  92.68    0.33    54.67    0.00      0.00     0.00   0.00    0.00     0.00    2.00    0.00    0.00   0.00


Device            r/s     rMB/s   rrqm/s  %rrqm r_await rareq-sz     w/s     wMB/s   wrqm/s  %wrqm w_await wareq-sz     d/s     dMB/s   drqm/s  %drqm d_await dareq-sz     f/s f_await  aqu-sz  %util
loop0            0.00      0.00     0.00   0.00    0.00     0.00    0.00      0.00     0.00   0.00    0.00     0.00    0.00      0.00     0.00   0.00    0.00     0.00    0.00    0.00    0.00   0.00
nvme0n1       12940.00    202.19     0.00   0.00    0.17    16.00 6857.00    128.18  1585.00  18.78    0.04    19.14    0.00      0.00     0.00   0.00    0.00     0.00    0.00    0.00    2.41  93.80
sda              0.00      0.00     0.00   0.00    0.00     0.00    0.00      0.00     0.00   0.00    0.00     0.00    0.00      0.00     0.00   0.00    0.00     0.00    0.00    0.00    0.00   0.00


Device            r/s     rMB/s   rrqm/s  %rrqm r_await rareq-sz     w/s     wMB/s   wrqm/s  %wrqm w_await wareq-sz     d/s     dMB/s   drqm/s  %drqm d_await dareq-sz     f/s f_await  aqu-sz  %util
loop0            0.00      0.00     0.00   0.00    0.00     0.00    0.00      0.00     0.00   0.00    0.00     0.00    0.00      0.00     0.00   0.00    0.00     0.00    0.00    0.00    0.00   0.00
nvme0n1       12775.00    199.61     0.00   0.00    0.17    16.00 6941.00    132.57  1541.00  18.17    0.04    19.56    0.00      0.00     0.00   0.00    0.00     0.00    0.00    0.00    2.39  93.00
sda              0.00      0.00     0.00   0.00    0.00     0.00    0.00      0.00     0.00   0.00    0.00     0.00    0.00      0.00     0.00   0.00    0.00     0.00    0.00    0.00    0.00   0.00


Device            r/s     rMB/s   rrqm/s  %rrqm r_await rareq-sz     w/s     wMB/s   wrqm/s  %wrqm w_await wareq-sz     d/s     dMB/s   drqm/s  %drqm d_await dareq-sz     f/s f_await  aqu-sz  %util
loop0            0.00      0.00     0.00   0.00    0.00     0.00    0.00      0.00     0.00   0.00    0.00     0.00    0.00      0.00     0.00   0.00    0.00     0.00    0.00    0.00    0.00   0.00
nvme0n1       12827.00    200.42     0.00   0.00    0.17    16.00 6848.00    127.73  1586.00  18.80    0.04    19.10    0.00      0.00     0.00   0.00    0.00     0.00    0.00    0.00    2.39  93.40
sda              0.00      0.00     0.00   0.00    0.00     0.00   26.00      0.32    12.00  31.58    0.23    12.46    0.00      0.00     0.00   0.00    0.00     0.00    0.00    0.00    0.01   0.00


Device            r/s     rMB/s   rrqm/s  %rrqm r_await rareq-sz     w/s     wMB/s   wrqm/s  %wrqm w_await wareq-sz     d/s     dMB/s   drqm/s  %drqm d_await dareq-sz     f/s f_await  aqu-sz  %util
loop0            0.00      0.00     0.00   0.00    0.00     0.00    0.00      0.00     0.00   0.00    0.00     0.00    0.00      0.00     0.00   0.00    0.00     0.00    0.00    0.00    0.00   0.00
nvme0n1       12931.00    202.05     0.00   0.00    0.17    16.00 6770.00    126.80  1577.00  18.89    0.04    19.18    0.00      0.00     0.00   0.00    0.00     0.00    0.00    0.00    2.40  93.50
sda              0.00      0.00     0.00   0.00    0.00     0.00    0.00      0.00     0.00   0.00    0.00     0.00    0.00      0.00     0.00   0.00    0.00     0.00    0.00    0.00    0.00   0.00


Device            r/s     rMB/s   rrqm/s  %rrqm r_await rareq-sz     w/s     wMB/s   wrqm/s  %wrqm w_await wareq-sz     d/s     dMB/s   drqm/s  %drqm d_await dareq-sz     f/s f_await  aqu-sz  %util
loop0            0.00      0.00     0.00   0.00    0.00     0.00    0.00      0.00     0.00   0.00    0.00     0.00    0.00      0.00     0.00   0.00    0.00     0.00    0.00    0.00    0.00   0.00
nvme0n1       12892.00    201.44     0.00   0.00    0.17    16.00 6840.00    129.89  1577.00  18.74    0.04    19.45    0.00      0.00     0.00   0.00    0.00     0.00    0.00    0.00    2.40  93.60
sda              0.00      0.00     0.00   0.00    0.00     0.00    3.00      0.15    35.00  92.11    0.33    50.67    0.00      0.00     0.00   0.00    0.00     0.00    2.00    0.00    0.00   0.00


Device            r/s     rMB/s   rrqm/s  %rrqm r_await rareq-sz     w/s     wMB/s   wrqm/s  %wrqm w_await wareq-sz     d/s     dMB/s   drqm/s  %drqm d_await dareq-sz     f/s f_await  aqu-sz  %util
loop0            0.00      0.00     0.00   0.00    0.00     0.00    0.00      0.00     0.00   0.00    0.00     0.00    0.00      0.00     0.00   0.00    0.00     0.00    0.00    0.00    0.00   0.00
nvme0n1       12939.00    202.17     0.00   0.00    0.17    16.00 7025.00    133.21  1616.00  18.70    0.04    19.42    0.00      0.00     0.00   0.00    0.00     0.00    0.00    0.00    2.42  94.20
sda              0.00      0.00     0.00   0.00    0.00     0.00    0.00      0.00     0.00   0.00    0.00     0.00    0.00      0.00     0.00   0.00    0.00     0.00    0.00    0.00    0.00   0.00


Device            r/s     rMB/s   rrqm/s  %rrqm r_await rareq-sz     w/s     wMB/s   wrqm/s  %wrqm w_await wareq-sz     d/s     dMB/s   drqm/s  %drqm d_await dareq-sz     f/s f_await  aqu-sz  %util
loop0            0.00      0.00     0.00   0.00    0.00     0.00    0.00      0.00     0.00   0.00    0.00     0.00    0.00      0.00     0.00   0.00    0.00     0.00    0.00    0.00    0.00   0.00
nvme0n1       12895.00    201.48     0.00   0.00    0.17    16.00 6883.00    129.34  1594.00  18.80    0.04    19.24    0.00      0.00     0.00   0.00    0.00     0.00    0.00    0.00    2.41  94.50
sda              0.00      0.00     0.00   0.00    0.00     0.00    0.00      0.00     0.00   0.00    0.00     0.00    0.00      0.00     0.00   0.00    0.00     0.00    0.00    0.00    0.00   0.00


Device            r/s     rMB/s   rrqm/s  %rrqm r_await rareq-sz     w/s     wMB/s   wrqm/s  %wrqm w_await wareq-sz     d/s     dMB/s   drqm/s  %drqm d_await dareq-sz     f/s f_await  aqu-sz  %util
loop0            0.00      0.00     0.00   0.00    0.00     0.00    0.00      0.00     0.00   0.00    0.00     0.00    0.00      0.00     0.00   0.00    0.00     0.00    0.00    0.00    0.00   0.00
nvme0n1       12886.00    201.34     0.00   0.00    0.17    16.00 6917.00    132.30  1543.00  18.24    0.04    19.59    0.00      0.00     0.00   0.00    0.00     0.00    0.00    0.00    2.40  93.80
sda              0.00      0.00     0.00   0.00    0.00     0.00   26.00      0.34    13.00  33.33    0.23    13.23    0.00      0.00     0.00   0.00    0.00     0.00    0.00    0.00    0.01   0.00


Device            r/s     rMB/s   rrqm/s  %rrqm r_await rareq-sz     w/s     wMB/s   wrqm/s  %wrqm w_await wareq-sz     d/s     dMB/s   drqm/s  %drqm d_await dareq-sz     f/s f_await  aqu-sz  %util
loop0            0.00      0.00     0.00   0.00    0.00     0.00    0.00      0.00     0.00   0.00    0.00     0.00    0.00      0.00     0.00   0.00    0.00     0.00    0.00    0.00    0.00   0.00
nvme0n1       12934.00    202.09     0.00   0.00    0.17    16.00 6925.00    130.79  1567.00  18.45    0.04    19.34    0.00      0.00     0.00   0.00    0.00     0.00    0.00    0.00    2.41  93.80
sda              0.00      0.00     0.00   0.00    0.00     0.00    0.00      0.00     0.00   0.00    0.00     0.00    0.00      0.00     0.00   0.00    0.00     0.00    0.00    0.00    0.00   0.00


Device            r/s     rMB/s   rrqm/s  %rrqm r_await rareq-sz     w/s     wMB/s   wrqm/s  %wrqm w_await wareq-sz     d/s     dMB/s   drqm/s  %drqm d_await dareq-sz     f/s f_await  aqu-sz  %util
loop0            0.00      0.00     0.00   0.00    0.00     0.00    0.00      0.00     0.00   0.00    0.00     0.00    0.00      0.00     0.00   0.00    0.00     0.00    0.00    0.00    0.00   0.00
nvme0n1       12690.00    198.28     0.00   0.00    0.17    16.00 7016.00    135.27  1573.00  18.31    0.04    19.74    0.00      0.00     0.00   0.00    0.00     0.00    0.00    0.00    2.40  93.50
sda              0.00      0.00     0.00   0.00    0.00     0.00    2.00      0.15    37.00  94.87    0.50    78.00    0.00      0.00     0.00   0.00    0.00     0.00    2.00    0.50    0.00   0.10


Device            r/s     rMB/s   rrqm/s  %rrqm r_await rareq-sz     w/s     wMB/s   wrqm/s  %wrqm w_await wareq-sz     d/s     dMB/s   drqm/s  %drqm d_await dareq-sz     f/s f_await  aqu-sz  %util
loop0            0.00      0.00     0.00   0.00    0.00     0.00    0.00      0.00     0.00   0.00    0.00     0.00    0.00      0.00     0.00   0.00    0.00     0.00    0.00    0.00    0.00   0.00
nvme0n1       12869.00    201.08     0.00   0.00    0.17    16.00 6881.00    129.62  1554.00  18.42    0.04    19.29    0.00      0.00     0.00   0.00    0.00     0.00    0.00    0.00    2.41  94.80
sda              0.00      0.00     0.00   0.00    0.00     0.00    2.00      0.01     0.00   0.00    0.00     4.00    0.00      0.00     0.00   0.00    0.00     0.00    0.00    0.00    0.00   0.00


Device            r/s     rMB/s   rrqm/s  %rrqm r_await rareq-sz     w/s     wMB/s   wrqm/s  %wrqm w_await wareq-sz     d/s     dMB/s   drqm/s  %drqm d_await dareq-sz     f/s f_await  aqu-sz  %util
loop0            0.00      0.00     0.00   0.00    0.00     0.00    0.00      0.00     0.00   0.00    0.00     0.00    0.00      0.00     0.00   0.00    0.00     0.00    0.00    0.00    0.00   0.00
nvme0n1       12903.00    201.61     0.00   0.00    0.17    16.00 6878.00    130.88  1553.00  18.42    0.04    19.49    0.00      0.00     0.00   0.00    0.00     0.00    0.00    0.00    2.42  94.10
sda              0.00      0.00     0.00   0.00    0.00     0.00    0.00      0.00     0.00   0.00    0.00     0.00    0.00      0.00     0.00   0.00    0.00     0.00    0.00    0.00    0.00   0.00


Device            r/s     rMB/s   rrqm/s  %rrqm r_await rareq-sz     w/s     wMB/s   wrqm/s  %wrqm w_await wareq-sz     d/s     dMB/s   drqm/s  %drqm d_await dareq-sz     f/s f_await  aqu-sz  %util
loop0            0.00      0.00     0.00   0.00    0.00     0.00    0.00      0.00     0.00   0.00    0.00     0.00    0.00      0.00     0.00   0.00    0.00     0.00    0.00    0.00    0.00   0.00
nvme0n1       12960.00    202.50     0.00   0.00    0.17    16.00 7056.00    134.42  1590.00  18.39    0.04    19.51    0.00      0.00     0.00   0.00    0.00     0.00    0.00    0.00    2.42  95.90
sda              0.00      0.00     0.00   0.00    0.00     0.00   25.00      0.33    14.00  35.90    0.20    13.60    0.00      0.00     0.00   0.00    0.00     0.00    0.00    0.00    0.01   0.00


Device            r/s     rMB/s   rrqm/s  %rrqm r_await rareq-sz     w/s     wMB/s   wrqm/s  %wrqm w_await wareq-sz     d/s     dMB/s   drqm/s  %drqm d_await dareq-sz     f/s f_await  aqu-sz  %util
loop0            0.00      0.00     0.00   0.00    0.00     0.00    0.00      0.00     0.00   0.00    0.00     0.00    0.00      0.00     0.00   0.00    0.00     0.00    0.00    0.00    0.00   0.00
nvme0n1       12618.00    197.16     0.00   0.00    0.17    16.00 7051.00    134.84  1560.00  18.12    0.04    19.58    0.00      0.00     0.00   0.00    0.00     0.00    0.00    0.00    2.39  93.10
sda              0.00      0.00     0.00   0.00    0.00     0.00    0.00      0.00     0.00   0.00    0.00     0.00    0.00      0.00     0.00   0.00    0.00     0.00    0.00    0.00    0.00   0.00


Device            r/s     rMB/s   rrqm/s  %rrqm r_await rareq-sz     w/s     wMB/s   wrqm/s  %wrqm w_await wareq-sz     d/s     dMB/s   drqm/s  %drqm d_await dareq-sz     f/s f_await  aqu-sz  %util
loop0            0.00      0.00     0.00   0.00    0.00     0.00    0.00      0.00     0.00   0.00    0.00     0.00    0.00      0.00     0.00   0.00    0.00     0.00    0.00    0.00    0.00   0.00
nvme0n1       12860.00    200.94     0.00   0.00    0.17    16.00 6894.00    129.54  1584.00  18.68    0.04    19.24    0.00      0.00     0.00   0.00    0.00     0.00    0.00    0.00    2.40  93.90
sda              0.00      0.00     0.00   0.00    0.00     0.00    2.00      0.16    38.00  95.00    0.50    80.00    0.00      0.00     0.00   0.00    0.00     0.00    2.00    0.00    0.00   0.10


Device            r/s     rMB/s   rrqm/s  %rrqm r_await rareq-sz     w/s     wMB/s   wrqm/s  %wrqm w_await wareq-sz     d/s     dMB/s   drqm/s  %drqm d_await dareq-sz     f/s f_await  aqu-sz  %util
loop0            0.00      0.00     0.00   0.00    0.00     0.00    0.00      0.00     0.00   0.00    0.00     0.00    0.00      0.00     0.00   0.00    0.00     0.00    0.00    0.00    0.00   0.00
nvme0n1       12881.00    201.27     0.00   0.00    0.17    16.00 6978.00    131.79  1581.00  18.47    0.04    19.34    0.00      0.00     0.00   0.00    0.00     0.00    0.00    0.00    2.42  94.70
sda              0.00      0.00     0.00   0.00    0.00     0.00    0.00      0.00     0.00   0.00    0.00     0.00    0.00      0.00     0.00   0.00    0.00     0.00    0.00    0.00    0.00   0.00


Device            r/s     rMB/s   rrqm/s  %rrqm r_await rareq-sz     w/s     wMB/s   wrqm/s  %wrqm w_await wareq-sz     d/s     dMB/s   drqm/s  %drqm d_await dareq-sz     f/s f_await  aqu-sz  %util
loop0            0.00      0.00     0.00   0.00    0.00     0.00    0.00      0.00     0.00   0.00    0.00     0.00    0.00      0.00     0.00   0.00    0.00     0.00    0.00    0.00    0.00   0.00
nvme0n1       12955.00    202.42     0.00   0.00    0.17    16.00 6918.00    129.44  1608.00  18.86    0.04    19.16    0.00      0.00     0.00   0.00    0.00     0.00    0.00    0.00    2.41  94.80
sda              0.00      0.00     0.00   0.00    0.00     0.00    1.00      0.00     0.00   0.00    0.00     4.00    0.00      0.00     0.00   0.00    0.00     0.00    0.00    0.00    0.00   0.00


Device            r/s     rMB/s   rrqm/s  %rrqm r_await rareq-sz     w/s     wMB/s   wrqm/s  %wrqm w_await wareq-sz     d/s     dMB/s   drqm/s  %drqm d_await dareq-sz     f/s f_await  aqu-sz  %util
loop0            0.00      0.00     0.00   0.00    0.00     0.00    0.00      0.00     0.00   0.00    0.00     0.00    0.00      0.00     0.00   0.00    0.00     0.00    0.00    0.00    0.00   0.00
nvme0n1       12842.00    200.67     0.00   0.00    0.17    16.00 6928.00    130.18  1579.00  18.56    0.04    19.24    0.00      0.00     0.00   0.00    0.00     0.00    0.00    0.00    2.40  94.20
sda              0.00      0.00     0.00   0.00    0.00     0.00   25.00      0.34    14.00  35.90    0.28    13.92    0.00      0.00     0.00   0.00    0.00     0.00    0.00    0.00    0.01   0.10


Device            r/s     rMB/s   rrqm/s  %rrqm r_await rareq-sz     w/s     wMB/s   wrqm/s  %wrqm w_await wareq-sz     d/s     dMB/s   drqm/s  %drqm d_await dareq-sz     f/s f_await  aqu-sz  %util
loop0            0.00      0.00     0.00   0.00    0.00     0.00    0.00      0.00     0.00   0.00    0.00     0.00    0.00      0.00     0.00   0.00    0.00     0.00    0.00    0.00    0.00   0.00
nvme0n1       12619.00    197.16     0.00   0.00    0.17    16.00 6791.00    127.70  1564.00  18.72    0.04    19.26    0.00      0.00     0.00   0.00    0.00     0.00    0.00    0.00    2.35  93.00
sda              0.00      0.00     0.00   0.00    0.00     0.00    0.00      0.00     0.00   0.00    0.00     0.00    0.00      0.00     0.00   0.00    0.00     0.00    0.00    0.00    0.00   0.00


Device            r/s     rMB/s   rrqm/s  %rrqm r_await rareq-sz     w/s     wMB/s   wrqm/s  %wrqm w_await wareq-sz     d/s     dMB/s   drqm/s  %drqm d_await dareq-sz     f/s f_await  aqu-sz  %util
loop0            0.00      0.00     0.00   0.00    0.00     0.00    0.00      0.00     0.00   0.00    0.00     0.00    0.00      0.00     0.00   0.00    0.00     0.00    0.00    0.00    0.00   0.00
nvme0n1       12612.00    197.06     0.00   0.00    0.17    16.00 7029.00    134.61  1526.00  17.84    0.04    19.61    0.00      0.00     0.00   0.00    0.00     0.00    0.00    0.00    2.39  93.70
sda              0.00      0.00     0.00   0.00    0.00     0.00    2.00      0.16    39.00  95.12    0.50    82.00    0.00      0.00     0.00   0.00    0.00     0.00    2.00    0.00    0.00   0.00


Device            r/s     rMB/s   rrqm/s  %rrqm r_await rareq-sz     w/s     wMB/s   wrqm/s  %wrqm w_await wareq-sz     d/s     dMB/s   drqm/s  %drqm d_await dareq-sz     f/s f_await  aqu-sz  %util
loop0            0.00      0.00     0.00   0.00    0.00     0.00    0.00      0.00     0.00   0.00    0.00     0.00    0.00      0.00     0.00   0.00    0.00     0.00    0.00    0.00    0.00   0.00
nvme0n1       13000.00    203.12     0.00   0.00    0.17    16.00 6896.00    129.62  1605.00  18.88    0.04    19.25    0.00      0.00     0.00   0.00    0.00     0.00    0.00    0.00    2.43  94.70
sda              0.00      0.00     0.00   0.00    0.00     0.00    0.00      0.00     0.00   0.00    0.00     0.00    0.00      0.00     0.00   0.00    0.00     0.00    0.00    0.00    0.00   0.00


Device            r/s     rMB/s   rrqm/s  %rrqm r_await rareq-sz     w/s     wMB/s   wrqm/s  %wrqm w_await wareq-sz     d/s     dMB/s   drqm/s  %drqm d_await dareq-sz     f/s f_await  aqu-sz  %util
loop0            0.00      0.00     0.00   0.00    0.00     0.00    0.00      0.00     0.00   0.00    0.00     0.00    0.00      0.00     0.00   0.00    0.00     0.00    0.00    0.00    0.00   0.00
nvme0n1       12833.00    200.52     0.00   0.00    0.17    16.00 6907.00    130.67  1552.00  18.35    0.04    19.37    0.00      0.00     0.00   0.00    0.00     0.00    0.00    0.00    2.40  94.30
sda              0.00      0.00     0.00   0.00    0.00     0.00    0.00      0.00     0.00   0.00    0.00     0.00    0.00      0.00     0.00   0.00    0.00     0.00    0.00    0.00    0.00   0.00


Device            r/s     rMB/s   rrqm/s  %rrqm r_await rareq-sz     w/s     wMB/s   wrqm/s  %wrqm w_await wareq-sz     d/s     dMB/s   drqm/s  %drqm d_await dareq-sz     f/s f_await  aqu-sz  %util
loop0            0.00      0.00     0.00   0.00    0.00     0.00    0.00      0.00     0.00   0.00    0.00     0.00    0.00      0.00     0.00   0.00    0.00     0.00    0.00    0.00    0.00   0.00
nvme0n1       12943.00    202.23     0.00   0.00    0.17    16.00 6869.00    128.43  1607.00  18.96    0.04    19.15    0.00      0.00     0.00   0.00    0.00     0.00    0.00    0.00    2.41  95.00
sda              0.00      0.00     0.00   0.00    0.00     0.00    1.00      0.00     0.00   0.00    0.00     4.00    0.00      0.00     0.00   0.00    0.00     0.00    0.00    0.00    0.00   0.00


Device            r/s     rMB/s   rrqm/s  %rrqm r_await rareq-sz     w/s     wMB/s   wrqm/s  %wrqm w_await wareq-sz     d/s     dMB/s   drqm/s  %drqm d_await dareq-sz     f/s f_await  aqu-sz  %util
loop0            0.00      0.00     0.00   0.00    0.00     0.00    0.00      0.00     0.00   0.00    0.00     0.00    0.00      0.00     0.00   0.00    0.00     0.00    0.00    0.00    0.00   0.00
nvme0n1       12804.00    200.06     0.00   0.00    0.17    16.00 7086.00    134.76  1576.00  18.19    0.04    19.47    0.00      0.00     0.00   0.00    0.00     0.00    0.00    0.00    2.42  93.60
sda              0.00      0.00     0.00   0.00    0.00     0.00   25.00      0.34    12.00  32.43    0.24    13.92    0.00      0.00     0.00   0.00    0.00     0.00    0.00    0.00    0.01   0.10


Device            r/s     rMB/s   rrqm/s  %rrqm r_await rareq-sz     w/s     wMB/s   wrqm/s  %wrqm w_await wareq-sz     d/s     dMB/s   drqm/s  %drqm d_await dareq-sz     f/s f_await  aqu-sz  %util
loop0            0.00      0.00     0.00   0.00    0.00     0.00    0.00      0.00     0.00   0.00    0.00     0.00    0.00      0.00     0.00   0.00    0.00     0.00    0.00    0.00    0.00   0.00
nvme0n1       12827.00    200.42     0.00   0.00    0.17    16.00 6860.00    129.72  1592.00  18.84    0.04    19.36    0.00      0.00     0.00   0.00    0.00     0.00    0.00    0.00    2.41  94.30
sda              0.00      0.00     0.00   0.00    0.00     0.00    2.00      0.14    35.00  94.59    0.50    74.00    0.00      0.00     0.00   0.00    0.00     0.00    2.00    0.00    0.00   0.10


Device            r/s     rMB/s   rrqm/s  %rrqm r_await rareq-sz     w/s     wMB/s   wrqm/s  %wrqm w_await wareq-sz     d/s     dMB/s   drqm/s  %drqm d_await dareq-sz     f/s f_await  aqu-sz  %util
loop0            0.00      0.00     0.00   0.00    0.00     0.00    0.00      0.00     0.00   0.00    0.00     0.00    0.00      0.00     0.00   0.00    0.00     0.00    0.00    0.00    0.00   0.00
nvme0n1       12884.00    201.31     0.00   0.00    0.17    16.00 6950.00    130.86  1613.00  18.84    0.04    19.28    0.00      0.00     0.00   0.00    0.00     0.00    0.00    0.00    2.41  93.80
sda              0.00      0.00     0.00   0.00    0.00     0.00    0.00      0.00     0.00   0.00    0.00     0.00    0.00      0.00     0.00   0.00    0.00     0.00    0.00    0.00    0.00   0.00


Device            r/s     rMB/s   rrqm/s  %rrqm r_await rareq-sz     w/s     wMB/s   wrqm/s  %wrqm w_await wareq-sz     d/s     dMB/s   drqm/s  %drqm d_await dareq-sz     f/s f_await  aqu-sz  %util
loop0            0.00      0.00     0.00   0.00    0.00     0.00    0.00      0.00     0.00   0.00    0.00     0.00    0.00      0.00     0.00   0.00    0.00     0.00    0.00    0.00    0.00   0.00
nvme0n1       12949.00    202.33     0.00   0.00    0.17    16.00 6912.00    129.65  1594.00  18.74    0.04    19.21    0.00      0.00     0.00   0.00    0.00     0.00    0.00    0.00    2.42  94.70
sda              0.00      0.00     0.00   0.00    0.00     0.00    0.00      0.00     0.00   0.00    0.00     0.00    0.00      0.00     0.00   0.00    0.00     0.00    0.00    0.00    0.00   0.00


Device            r/s     rMB/s   rrqm/s  %rrqm r_await rareq-sz     w/s     wMB/s   wrqm/s  %wrqm w_await wareq-sz     d/s     dMB/s   drqm/s  %drqm d_await dareq-sz     f/s f_await  aqu-sz  %util
loop0            0.00      0.00     0.00   0.00    0.00     0.00    0.00      0.00     0.00   0.00    0.00     0.00    0.00      0.00     0.00   0.00    0.00     0.00    0.00    0.00    0.00   0.00
nvme0n1       12897.00    201.52     0.00   0.00    0.17    16.00 7106.00    136.38  1601.00  18.39    0.04    19.65    0.00      0.00     0.00   0.00    0.00     0.00    0.00    0.00    2.43  94.80
sda              0.00      0.00     0.00   0.00    0.00     0.00    0.00      0.00     0.00   0.00    0.00     0.00    0.00      0.00     0.00   0.00    0.00     0.00    0.00    0.00    0.00   0.00


Device            r/s     rMB/s   rrqm/s  %rrqm r_await rareq-sz     w/s     wMB/s   wrqm/s  %wrqm w_await wareq-sz     d/s     dMB/s   drqm/s  %drqm d_await dareq-sz     f/s f_await  aqu-sz  %util
loop0            0.00      0.00     0.00   0.00    0.00     0.00    0.00      0.00     0.00   0.00    0.00     0.00    0.00      0.00     0.00   0.00    0.00     0.00    0.00    0.00    0.00   0.00
nvme0n1       12948.00    202.31     0.00   0.00    0.17    16.00 6776.00    127.44  1584.00  18.95    0.04    19.26    0.00      0.00     0.00   0.00    0.00     0.00    0.00    0.00    2.41  93.80
sda              0.00      0.00     0.00   0.00    0.00     0.00   26.00      0.33    12.00  31.58    0.27    13.08    0.00      0.00     0.00   0.00    0.00     0.00    0.00    0.00    0.01   0.10


Device            r/s     rMB/s   rrqm/s  %rrqm r_await rareq-sz     w/s     wMB/s   wrqm/s  %wrqm w_await wareq-sz     d/s     dMB/s   drqm/s  %drqm d_await dareq-sz     f/s f_await  aqu-sz  %util
loop0            0.00      0.00     0.00   0.00    0.00     0.00    0.00      0.00     0.00   0.00    0.00     0.00    0.00      0.00     0.00   0.00    0.00     0.00    0.00    0.00    0.00   0.00
nvme0n1       12892.00    201.44     0.00   0.00    0.17    16.00 6953.00    131.90  1570.00  18.42    0.04    19.43    0.00      0.00     0.00   0.00    0.00     0.00    0.00    0.00    2.42  94.10
sda              0.00      0.00     0.00   0.00    0.00     0.00    2.00      0.14    35.00  94.59    0.00    74.00    0.00      0.00     0.00   0.00    0.00     0.00    2.00    0.00    0.00   0.00


Device            r/s     rMB/s   rrqm/s  %rrqm r_await rareq-sz     w/s     wMB/s   wrqm/s  %wrqm w_await wareq-sz     d/s     dMB/s   drqm/s  %drqm d_await dareq-sz     f/s f_await  aqu-sz  %util
loop0            0.00      0.00     0.00   0.00    0.00     0.00    0.00      0.00     0.00   0.00    0.00     0.00    0.00      0.00     0.00   0.00    0.00     0.00    0.00    0.00    0.00   0.00
nvme0n1       12773.00    199.58     0.00   0.00    0.17    16.00 6768.00    127.84  1555.00  18.68    0.04    19.34    0.00      0.00     0.00   0.00    0.00     0.00    0.00    0.00    2.38  93.90
sda              0.00      0.00     0.00   0.00    0.00     0.00   43.00      0.19     6.00  12.24    0.19     4.56    0.00      0.00     0.00   0.00    0.00     0.00    0.00    0.00    0.01   0.00


Device            r/s     rMB/s   rrqm/s  %rrqm r_await rareq-sz     w/s     wMB/s   wrqm/s  %wrqm w_await wareq-sz     d/s     dMB/s   drqm/s  %drqm d_await dareq-sz     f/s f_await  aqu-sz  %util
loop0            0.00      0.00     0.00   0.00    0.00     0.00    0.00      0.00     0.00   0.00    0.00     0.00    0.00      0.00     0.00   0.00    0.00     0.00    0.00    0.00    0.00   0.00
nvme0n1       12620.00    197.19     0.00   0.00    0.17    16.00 6933.00    133.38  1521.00  17.99    0.04    19.70    0.00      0.00     0.00   0.00    0.00     0.00    0.00    0.00    2.38  93.90
sda              0.00      0.00     0.00   0.00    0.00     0.00    0.00      0.00     0.00   0.00    0.00     0.00    0.00      0.00     0.00   0.00    0.00     0.00    0.00    0.00    0.00   0.00


Device            r/s     rMB/s   rrqm/s  %rrqm r_await rareq-sz     w/s     wMB/s   wrqm/s  %wrqm w_await wareq-sz     d/s     dMB/s   drqm/s  %drqm d_await dareq-sz     f/s f_await  aqu-sz  %util
loop0            0.00      0.00     0.00   0.00    0.00     0.00    0.00      0.00     0.00   0.00    0.00     0.00    0.00      0.00     0.00   0.00    0.00     0.00    0.00    0.00    0.00   0.00
nvme0n1       12730.00    198.91     0.00   0.00    0.17    16.00 6868.00    130.07  1545.00  18.36    0.04    19.39    0.00      0.00     0.00   0.00    0.00     0.00    0.00    0.00    2.41  95.60
sda              0.00      0.00     0.00   0.00    0.00     0.00    0.00      0.00     0.00   0.00    0.00     0.00    0.00      0.00     0.00   0.00    0.00     0.00    0.00    0.00    0.00   0.00


Device            r/s     rMB/s   rrqm/s  %rrqm r_await rareq-sz     w/s     wMB/s   wrqm/s  %wrqm w_await wareq-sz     d/s     dMB/s   drqm/s  %drqm d_await dareq-sz     f/s f_await  aqu-sz  %util
loop0            0.00      0.00     0.00   0.00    0.00     0.00    0.00      0.00     0.00   0.00    0.00     0.00    0.00      0.00     0.00   0.00    0.00     0.00    0.00    0.00    0.00   0.00
nvme0n1       12785.00    199.77     0.00   0.00    0.17    16.00 6776.00    128.21  1536.00  18.48    0.04    19.38    0.00      0.00     0.00   0.00    0.00     0.00    0.00    0.00    2.41  94.60
sda              0.00      0.00     0.00   0.00    0.00     0.00    0.00      0.00     0.00   0.00    0.00     0.00    0.00      0.00     0.00   0.00    0.00     0.00    0.00    0.00    0.00   0.00


Device            r/s     rMB/s   rrqm/s  %rrqm r_await rareq-sz     w/s     wMB/s   wrqm/s  %wrqm w_await wareq-sz     d/s     dMB/s   drqm/s  %drqm d_await dareq-sz     f/s f_await  aqu-sz  %util
loop0            0.00      0.00     0.00   0.00    0.00     0.00    0.00      0.00     0.00   0.00    0.00     0.00    0.00      0.00     0.00   0.00    0.00     0.00    0.00    0.00    0.00   0.00
nvme0n1       12743.00    199.11     0.00   0.00    0.17    16.00 6718.00    125.95  1581.00  19.05    0.04    19.20    0.00      0.00     0.00   0.00    0.00     0.00    0.00    0.00    2.37  94.00
sda              0.00      0.00     0.00   0.00    0.00     0.00   28.00      0.53    51.00  64.56    0.25    19.29    0.00      0.00     0.00   0.00    0.00     0.00    2.00    0.00    0.01   0.20


Device            r/s     rMB/s   rrqm/s  %rrqm r_await rareq-sz     w/s     wMB/s   wrqm/s  %wrqm w_await wareq-sz     d/s     dMB/s   drqm/s  %drqm d_await dareq-sz     f/s f_await  aqu-sz  %util
loop0            0.00      0.00     0.00   0.00    0.00     0.00    0.00      0.00     0.00   0.00    0.00     0.00    0.00      0.00     0.00   0.00    0.00     0.00    0.00    0.00    0.00   0.00
nvme0n1       12677.00    198.08     0.00   0.00    0.17    16.00 6795.00    128.11  1594.00  19.00    0.04    19.31    0.00      0.00     0.00   0.00    0.00     0.00    0.00    0.00    2.36  94.40
sda              0.00      0.00     0.00   0.00    0.00     0.00    0.00      0.00     0.00   0.00    0.00     0.00    0.00      0.00     0.00   0.00    0.00     0.00    0.00    0.00    0.00   0.00


Device            r/s     rMB/s   rrqm/s  %rrqm r_await rareq-sz     w/s     wMB/s   wrqm/s  %wrqm w_await wareq-sz     d/s     dMB/s   drqm/s  %drqm d_await dareq-sz     f/s f_await  aqu-sz  %util
loop0            0.00      0.00     0.00   0.00    0.00     0.00    0.00      0.00     0.00   0.00    0.00     0.00    0.00      0.00     0.00   0.00    0.00     0.00    0.00    0.00    0.00   0.00
nvme0n1       12740.00    199.06     0.00   0.00    0.17    16.00 6779.00    128.18  1579.00  18.89    0.04    19.36    0.00      0.00     0.00   0.00    0.00     0.00    0.00    0.00    2.38  94.40
sda              0.00      0.00     0.00   0.00    0.00     0.00    0.00      0.00     0.00   0.00    0.00     0.00    0.00      0.00     0.00   0.00    0.00     0.00    0.00    0.00    0.00   0.00


Device            r/s     rMB/s   rrqm/s  %rrqm r_await rareq-sz     w/s     wMB/s   wrqm/s  %wrqm w_await wareq-sz     d/s     dMB/s   drqm/s  %drqm d_await dareq-sz     f/s f_await  aqu-sz  %util
loop0            0.00      0.00     0.00   0.00    0.00     0.00    0.00      0.00     0.00   0.00    0.00     0.00    0.00      0.00     0.00   0.00    0.00     0.00    0.00    0.00    0.00   0.00
nvme0n1       12714.00    198.66     0.00   0.00    0.17    16.00 6811.00    128.84  1560.00  18.64    0.04    19.37    0.00      0.00     0.00   0.00    0.00     0.00    0.00    0.00    2.37  94.20
sda              0.00      0.00     0.00   0.00    0.00     0.00    0.00      0.00     0.00   0.00    0.00     0.00    0.00      0.00     0.00   0.00    0.00     0.00    0.00    0.00    0.00   0.00


Device            r/s     rMB/s   rrqm/s  %rrqm r_await rareq-sz     w/s     wMB/s   wrqm/s  %wrqm w_await wareq-sz     d/s     dMB/s   drqm/s  %drqm d_await dareq-sz     f/s f_await  aqu-sz  %util
loop0            0.00      0.00     0.00   0.00    0.00     0.00    0.00      0.00     0.00   0.00    0.00     0.00    0.00      0.00     0.00   0.00    0.00     0.00    0.00    0.00    0.00   0.00
nvme0n1       12795.00    199.92     0.00   0.00    0.17    16.00 6758.00    126.77  1578.00  18.93    0.04    19.21    0.00      0.00     0.00   0.00    0.00     0.00    0.00    0.00    2.38  94.10
sda              0.00      0.00     0.00   0.00    0.00     0.00    0.00      0.00     0.00   0.00    0.00     0.00    0.00      0.00     0.00   0.00    0.00     0.00    0.00    0.00    0.00   0.00


Device            r/s     rMB/s   rrqm/s  %rrqm r_await rareq-sz     w/s     wMB/s   wrqm/s  %wrqm w_await wareq-sz     d/s     dMB/s   drqm/s  %drqm d_await dareq-sz     f/s f_await  aqu-sz  %util
loop0            0.00      0.00     0.00   0.00    0.00     0.00    0.00      0.00     0.00   0.00    0.00     0.00    0.00      0.00     0.00   0.00    0.00     0.00    0.00    0.00    0.00   0.00
nvme0n1       12685.00    198.20     0.00   0.00    0.17    16.00 6906.00    130.89  1581.00  18.63    0.04    19.41    0.00      0.00     0.00   0.00    0.00     0.00    0.00    0.00    2.37  94.40
sda              0.00      0.00     0.00   0.00    0.00     0.00   33.00      0.52    50.00  60.24    0.21    16.12    0.00      0.00     0.00   0.00    0.00     0.00    5.00    0.00    0.01   0.20


Device            r/s     rMB/s   rrqm/s  %rrqm r_await rareq-sz     w/s     wMB/s   wrqm/s  %wrqm w_await wareq-sz     d/s     dMB/s   drqm/s  %drqm d_await dareq-sz     f/s f_await  aqu-sz  %util
loop0            0.00      0.00     0.00   0.00    0.00     0.00    0.00      0.00     0.00   0.00    0.00     0.00    0.00      0.00     0.00   0.00    0.00     0.00    0.00    0.00    0.00   0.00
nvme0n1       12620.00    197.19     0.00   0.00    0.17    16.00 6877.00    130.86  1565.00  18.54    0.04    19.49    0.00      0.00     0.00   0.00    0.00     0.00    0.00    0.00    2.36  92.70
sda              0.00      0.00     0.00   0.00    0.00     0.00    3.00      0.08     1.00  25.00    0.00    26.67    0.00      0.00     0.00   0.00    0.00     0.00    0.00    0.00    0.00   0.00


Device            r/s     rMB/s   rrqm/s  %rrqm r_await rareq-sz     w/s     wMB/s   wrqm/s  %wrqm w_await wareq-sz     d/s     dMB/s   drqm/s  %drqm d_await dareq-sz     f/s f_await  aqu-sz  %util
loop0            0.00      0.00     0.00   0.00    0.00     0.00    0.00      0.00     0.00   0.00    0.00     0.00    0.00      0.00     0.00   0.00    0.00     0.00    0.00    0.00    0.00   0.00
nvme0n1       12649.00    197.64     0.00   0.00    0.17    16.00 6884.00    131.41  1572.00  18.59    0.04    19.55    0.00      0.00     0.00   0.00    0.00     0.00    0.00    0.00    2.38  94.40
sda              0.00      0.00     0.00   0.00    0.00     0.00    0.00      0.00     0.00   0.00    0.00     0.00    0.00      0.00     0.00   0.00    0.00     0.00    0.00    0.00    0.00   0.00


Device            r/s     rMB/s   rrqm/s  %rrqm r_await rareq-sz     w/s     wMB/s   wrqm/s  %wrqm w_await wareq-sz     d/s     dMB/s   drqm/s  %drqm d_await dareq-sz     f/s f_await  aqu-sz  %util
loop0            0.00      0.00     0.00   0.00    0.00     0.00    0.00      0.00     0.00   0.00    0.00     0.00    0.00      0.00     0.00   0.00    0.00     0.00    0.00    0.00    0.00   0.00
nvme0n1       12661.00    197.83     0.00   0.00    0.17    16.00 6586.00    124.56  1503.00  18.58    0.04    19.37    0.00      0.00     0.00   0.00    0.00     0.00    0.00    0.00    2.38  94.40
sda              0.00      0.00     0.00   0.00    0.00     0.00    0.00      0.00     0.00   0.00    0.00     0.00    0.00      0.00     0.00   0.00    0.00     0.00    0.00    0.00    0.00   0.00


Device            r/s     rMB/s   rrqm/s  %rrqm r_await rareq-sz     w/s     wMB/s   wrqm/s  %wrqm w_await wareq-sz     d/s     dMB/s   drqm/s  %drqm d_await dareq-sz     f/s f_await  aqu-sz  %util
loop0            0.00      0.00     0.00   0.00    0.00     0.00    0.00      0.00     0.00   0.00    0.00     0.00    0.00      0.00     0.00   0.00    0.00     0.00    0.00    0.00    0.00   0.00
nvme0n1       12625.00    197.27     0.00   0.00    0.17    16.00 6867.00    128.35  1548.00  18.40    0.04    19.14    0.00      0.00     0.00   0.00    0.00     0.00    0.00    0.00    2.37  95.50
sda              0.00      0.00     0.00   0.00    0.00     0.00    0.00      0.00     0.00   0.00    0.00     0.00    0.00      0.00     0.00   0.00    0.00     0.00    0.00    0.00    0.00   0.00


Device            r/s     rMB/s   rrqm/s  %rrqm r_await rareq-sz     w/s     wMB/s   wrqm/s  %wrqm w_await wareq-sz     d/s     dMB/s   drqm/s  %drqm d_await dareq-sz     f/s f_await  aqu-sz  %util
loop0            0.00      0.00     0.00   0.00    0.00     0.00    0.00      0.00     0.00   0.00    0.00     0.00    0.00      0.00     0.00   0.00    0.00     0.00    0.00    0.00    0.00   0.00
nvme0n1       12682.00    198.16     0.00   0.00    0.17    16.00 7001.00    134.54  1577.00  18.38    0.04    19.68    0.00      0.00     0.00   0.00    0.00     0.00    0.00    0.00    2.39  94.60
sda              0.00      0.00     0.00   0.00    0.00     0.00   27.00      0.40    30.00  52.63    0.26    15.26    0.00      0.00     0.00   0.00    0.00     0.00    2.00    0.00    0.01   0.10


Device            r/s     rMB/s   rrqm/s  %rrqm r_await rareq-sz     w/s     wMB/s   wrqm/s  %wrqm w_await wareq-sz     d/s     dMB/s   drqm/s  %drqm d_await dareq-sz     f/s f_await  aqu-sz  %util
loop0            0.00      0.00     0.00   0.00    0.00     0.00    0.00      0.00     0.00   0.00    0.00     0.00    0.00      0.00     0.00   0.00    0.00     0.00    0.00    0.00    0.00   0.00
nvme0n1       12775.00    199.61     0.00   0.00    0.17    16.00 6813.00    128.66  1575.00  18.78    0.04    19.34    0.00      0.00     0.00   0.00    0.00     0.00    0.00    0.00    2.39  95.10
sda              0.00      0.00     0.00   0.00    0.00     0.00    0.00      0.00     0.00   0.00    0.00     0.00    0.00      0.00     0.00   0.00    0.00     0.00    0.00    0.00    0.00   0.00


Device            r/s     rMB/s   rrqm/s  %rrqm r_await rareq-sz     w/s     wMB/s   wrqm/s  %wrqm w_await wareq-sz     d/s     dMB/s   drqm/s  %drqm d_await dareq-sz     f/s f_await  aqu-sz  %util
loop0            0.00      0.00     0.00   0.00    0.00     0.00    0.00      0.00     0.00   0.00    0.00     0.00    0.00      0.00     0.00   0.00    0.00     0.00    0.00    0.00    0.00   0.00
nvme0n1       12691.00    198.30     0.00   0.00    0.17    16.00 6925.00    131.43  1589.00  18.66    0.04    19.43    0.00      0.00     0.00   0.00    0.00     0.00    0.00    0.00    2.40  95.70
sda              0.00      0.00     0.00   0.00    0.00     0.00    1.00      0.00     0.00   0.00    0.00     4.00    0.00      0.00     0.00   0.00    0.00     0.00    0.00    0.00    0.00   0.00


Device            r/s     rMB/s   rrqm/s  %rrqm r_await rareq-sz     w/s     wMB/s   wrqm/s  %wrqm w_await wareq-sz     d/s     dMB/s   drqm/s  %drqm d_await dareq-sz     f/s f_await  aqu-sz  %util
loop0            0.00      0.00     0.00   0.00    0.00     0.00    0.00      0.00     0.00   0.00    0.00     0.00    0.00      0.00     0.00   0.00    0.00     0.00    0.00    0.00    0.00   0.00
nvme0n1       12671.00    197.98     0.00   0.00    0.17    16.00 6788.00    128.06  1531.00  18.40    0.04    19.32    0.00      0.00     0.00   0.00    0.00     0.00    0.00    0.00    2.39  94.40
sda              0.00      0.00     0.00   0.00    0.00     0.00    0.00      0.00     0.00   0.00    0.00     0.00    0.00      0.00     0.00   0.00    0.00     0.00    0.00    0.00    0.00   0.00


Device            r/s     rMB/s   rrqm/s  %rrqm r_await rareq-sz     w/s     wMB/s   wrqm/s  %wrqm w_await wareq-sz     d/s     dMB/s   drqm/s  %drqm d_await dareq-sz     f/s f_await  aqu-sz  %util
loop0            0.00      0.00     0.00   0.00    0.00     0.00    0.00      0.00     0.00   0.00    0.00     0.00    0.00      0.00     0.00   0.00    0.00     0.00    0.00    0.00    0.00   0.00
nvme0n1       12796.00    199.94     0.00   0.00    0.17    16.00 6853.00    129.66  1551.00  18.46    0.04    19.37    0.00      0.00     0.00   0.00    0.00     0.00    0.00    0.00    2.38  94.30
sda              0.00      0.00     0.00   0.00    0.00     0.00    0.00      0.00     0.00   0.00    0.00     0.00    0.00      0.00     0.00   0.00    0.00     0.00    0.00    0.00    0.00   0.00


Device            r/s     rMB/s   rrqm/s  %rrqm r_await rareq-sz     w/s     wMB/s   wrqm/s  %wrqm w_await wareq-sz     d/s     dMB/s   drqm/s  %drqm d_await dareq-sz     f/s f_await  aqu-sz  %util
loop0            0.00      0.00     0.00   0.00    0.00     0.00    0.00      0.00     0.00   0.00    0.00     0.00    0.00      0.00     0.00   0.00    0.00     0.00    0.00    0.00    0.00   0.00
nvme0n1       12783.00    199.73     0.00   0.00    0.17    16.00 6954.00    131.80  1578.00  18.50    0.04    19.41    0.00      0.00     0.00   0.00    0.00     0.00    0.00    0.00    2.40  93.30
sda              0.00      0.00     0.00   0.00    0.00     0.00    2.00      0.14    34.00  94.44    0.50    72.00    0.00      0.00     0.00   0.00    0.00     0.00    2.00    0.00    0.00   0.00


Device            r/s     rMB/s   rrqm/s  %rrqm r_await rareq-sz     w/s     wMB/s   wrqm/s  %wrqm w_await wareq-sz     d/s     dMB/s   drqm/s  %drqm d_await dareq-sz     f/s f_await  aqu-sz  %util
loop0            0.00      0.00     0.00   0.00    0.00     0.00    0.00      0.00     0.00   0.00    0.00     0.00    0.00      0.00     0.00   0.00    0.00     0.00    0.00    0.00    0.00   0.00
nvme0n1       12628.00    197.31     0.00   0.00    0.17    16.00 6780.00    128.23  1525.00  18.36    0.04    19.37    0.00      0.00     0.00   0.00    0.00     0.00    0.00    0.00    2.38  93.20
sda              0.00      0.00     0.00   0.00    0.00     0.00   25.00      0.34    14.00  35.90    0.20    14.08    0.00      0.00     0.00   0.00    0.00     0.00    0.00    0.00    0.01   0.10


Device            r/s     rMB/s   rrqm/s  %rrqm r_await rareq-sz     w/s     wMB/s   wrqm/s  %wrqm w_await wareq-sz     d/s     dMB/s   drqm/s  %drqm d_await dareq-sz     f/s f_await  aqu-sz  %util
loop0            0.00      0.00     0.00   0.00    0.00     0.00    0.00      0.00     0.00   0.00    0.00     0.00    0.00      0.00     0.00   0.00    0.00     0.00    0.00    0.00    0.00   0.00
nvme0n1       12669.00    197.95     0.00   0.00    0.17    16.00 6954.00    132.74  1545.00  18.18    0.04    19.55    0.00      0.00     0.00   0.00    0.00     0.00    0.00    0.00    2.39  93.90
sda              0.00      0.00     0.00   0.00    0.00     0.00    0.00      0.00     0.00   0.00    0.00     0.00    0.00      0.00     0.00   0.00    0.00     0.00    0.00    0.00    0.00   0.00


Device            r/s     rMB/s   rrqm/s  %rrqm r_await rareq-sz     w/s     wMB/s   wrqm/s  %wrqm w_await wareq-sz     d/s     dMB/s   drqm/s  %drqm d_await dareq-sz     f/s f_await  aqu-sz  %util
loop0            0.00      0.00     0.00   0.00    0.00     0.00    0.00      0.00     0.00   0.00    0.00     0.00    0.00      0.00     0.00   0.00    0.00     0.00    0.00    0.00    0.00   0.00
nvme0n1       12721.00    198.77     0.00   0.00    0.17    16.00 6667.00    123.79  1585.00  19.21    0.04    19.01    0.00      0.00     0.00   0.00    0.00     0.00    0.00    0.00    2.38  94.10
sda              0.00      0.00     0.00   0.00    0.00     0.00    1.00      0.00     0.00   0.00    0.00     4.00    0.00      0.00     0.00   0.00    0.00     0.00    0.00    0.00    0.00   0.00


Device            r/s     rMB/s   rrqm/s  %rrqm r_await rareq-sz     w/s     wMB/s   wrqm/s  %wrqm w_await wareq-sz     d/s     dMB/s   drqm/s  %drqm d_await dareq-sz     f/s f_await  aqu-sz  %util
loop0            0.00      0.00     0.00   0.00    0.00     0.00    0.00      0.00     0.00   0.00    0.00     0.00    0.00      0.00     0.00   0.00    0.00     0.00    0.00    0.00    0.00   0.00
nvme0n1       12699.00    198.42     0.00   0.00    0.17    16.00 6918.00    131.69  1541.00  18.22    0.04    19.49    0.00      0.00     0.00   0.00    0.00     0.00    0.00    0.00    2.38  94.20
sda              0.00      0.00     0.00   0.00    0.00     0.00    0.00      0.00     0.00   0.00    0.00     0.00    0.00      0.00     0.00   0.00    0.00     0.00    0.00    0.00    0.00   0.00


Device            r/s     rMB/s   rrqm/s  %rrqm r_await rareq-sz     w/s     wMB/s   wrqm/s  %wrqm w_await wareq-sz     d/s     dMB/s   drqm/s  %drqm d_await dareq-sz     f/s f_await  aqu-sz  %util
loop0            0.00      0.00     0.00   0.00    0.00     0.00    0.00      0.00     0.00   0.00    0.00     0.00    0.00      0.00     0.00   0.00    0.00     0.00    0.00    0.00    0.00   0.00
nvme0n1       12690.00    198.28     0.00   0.00    0.17    16.00 6845.00    129.46  1541.00  18.38    0.04    19.37    0.00      0.00     0.00   0.00    0.00     0.00    0.00    0.00    2.38  94.10
sda              0.00      0.00     0.00   0.00    0.00     0.00    2.00      0.16    39.00  95.12    0.00    82.00    0.00      0.00     0.00   0.00    0.00     0.00    2.00    0.00    0.00   0.10


Device            r/s     rMB/s   rrqm/s  %rrqm r_await rareq-sz     w/s     wMB/s   wrqm/s  %wrqm w_await wareq-sz     d/s     dMB/s   drqm/s  %drqm d_await dareq-sz     f/s f_await  aqu-sz  %util
loop0            0.00      0.00     0.00   0.00    0.00     0.00    0.00      0.00     0.00   0.00    0.00     0.00    0.00      0.00     0.00   0.00    0.00     0.00    0.00    0.00    0.00   0.00
nvme0n1       12720.00    198.75     0.00   0.00    0.17    16.00 6844.00    129.16  1585.00  18.80    0.04    19.32    0.00      0.00     0.00   0.00    0.00     0.00    0.00    0.00    2.38  93.80
sda              0.00      0.00     0.00   0.00    0.00     0.00   25.00      0.33    15.00  37.50    0.28    13.44    0.00      0.00     0.00   0.00    0.00     0.00    0.00    0.00    0.01   0.10


Device            r/s     rMB/s   rrqm/s  %rrqm r_await rareq-sz     w/s     wMB/s   wrqm/s  %wrqm w_await wareq-sz     d/s     dMB/s   drqm/s  %drqm d_await dareq-sz     f/s f_await  aqu-sz  %util
loop0            0.00      0.00     0.00   0.00    0.00     0.00    0.00      0.00     0.00   0.00    0.00     0.00    0.00      0.00     0.00   0.00    0.00     0.00    0.00    0.00    0.00   0.00
nvme0n1       12935.00    202.11     0.00   0.00    0.17    16.00 6901.00    130.07  1604.00  18.86    0.04    19.30    0.00      0.00     0.00   0.00    0.00     0.00    0.00    0.00    2.40  94.20
sda              0.00      0.00     0.00   0.00    0.00     0.00    0.00      0.00     0.00   0.00    0.00     0.00    0.00      0.00     0.00   0.00    0.00     0.00    0.00    0.00    0.00   0.00


Device            r/s     rMB/s   rrqm/s  %rrqm r_await rareq-sz     w/s     wMB/s   wrqm/s  %wrqm w_await wareq-sz     d/s     dMB/s   drqm/s  %drqm d_await dareq-sz     f/s f_await  aqu-sz  %util
loop0            0.00      0.00     0.00   0.00    0.00     0.00    0.00      0.00     0.00   0.00    0.00     0.00    0.00      0.00     0.00   0.00    0.00     0.00    0.00    0.00    0.00   0.00
nvme0n1       12793.00    199.89     0.00   0.00    0.17    16.00 6910.00    130.68  1582.00  18.63    0.04    19.37    0.00      0.00     0.00   0.00    0.00     0.00    0.00    0.00    2.39  94.00
sda              0.00      0.00     0.00   0.00    0.00     0.00    0.00      0.00     0.00   0.00    0.00     0.00    0.00      0.00     0.00   0.00    0.00     0.00    0.00    0.00    0.00   0.00


Device            r/s     rMB/s   rrqm/s  %rrqm r_await rareq-sz     w/s     wMB/s   wrqm/s  %wrqm w_await wareq-sz     d/s     dMB/s   drqm/s  %drqm d_await dareq-sz     f/s f_await  aqu-sz  %util
loop0            0.00      0.00     0.00   0.00    0.00     0.00    0.00      0.00     0.00   0.00    0.00     0.00    0.00      0.00     0.00   0.00    0.00     0.00    0.00    0.00    0.00   0.00
nvme0n1       12744.00    199.12     0.00   0.00    0.17    16.00 6910.00    130.15  1566.00  18.48    0.04    19.29    0.00      0.00     0.00   0.00    0.00     0.00    0.00    0.00    2.40  94.50
sda              0.00      0.00     0.00   0.00    0.00     0.00    1.00      0.00     0.00   0.00    0.00     4.00    0.00      0.00     0.00   0.00    0.00     0.00    0.00    0.00    0.00   0.00


Device            r/s     rMB/s   rrqm/s  %rrqm r_await rareq-sz     w/s     wMB/s   wrqm/s  %wrqm w_await wareq-sz     d/s     dMB/s   drqm/s  %drqm d_await dareq-sz     f/s f_await  aqu-sz  %util
loop0            0.00      0.00     0.00   0.00    0.00     0.00    0.00      0.00     0.00   0.00    0.00     0.00    0.00      0.00     0.00   0.00    0.00     0.00    0.00    0.00    0.00   0.00
nvme0n1       12812.00    200.19     0.00   0.00    0.17    16.00 6861.00    129.15  1572.00  18.64    0.04    19.28    0.00      0.00     0.00   0.00    0.00     0.00    0.00    0.00    2.40  93.60
sda              0.00      0.00     0.00   0.00    0.00     0.00    2.00      0.16    39.00  95.12    0.50    82.00    0.00      0.00     0.00   0.00    0.00     0.00    2.00    0.00    0.00   0.10


Device            r/s     rMB/s   rrqm/s  %rrqm r_await rareq-sz     w/s     wMB/s   wrqm/s  %wrqm w_await wareq-sz     d/s     dMB/s   drqm/s  %drqm d_await dareq-sz     f/s f_await  aqu-sz  %util
loop0            0.00      0.00     0.00   0.00    0.00     0.00    0.00      0.00     0.00   0.00    0.00     0.00    0.00      0.00     0.00   0.00    0.00     0.00    0.00    0.00    0.00   0.00
nvme0n1       12928.00    202.00     0.00   0.00    0.17    16.00 6806.00    127.59  1587.00  18.91    0.04    19.20    0.00      0.00     0.00   0.00    0.00     0.00    0.00    0.00    2.40  94.60
sda              0.00      0.00     0.00   0.00    0.00     0.00   25.00      0.35    13.00  34.21    0.24    14.40    0.00      0.00     0.00   0.00    0.00     0.00    0.00    0.00    0.01   0.00


Device            r/s     rMB/s   rrqm/s  %rrqm r_await rareq-sz     w/s     wMB/s   wrqm/s  %wrqm w_await wareq-sz     d/s     dMB/s   drqm/s  %drqm d_await dareq-sz     f/s f_await  aqu-sz  %util
loop0            0.00      0.00     0.00   0.00    0.00     0.00    0.00      0.00     0.00   0.00    0.00     0.00    0.00      0.00     0.00   0.00    0.00     0.00    0.00    0.00    0.00   0.00
nvme0n1       12793.00    199.89     0.00   0.00    0.17    16.00 6778.00    126.40  1587.00  18.97    0.04    19.10    0.00      0.00     0.00   0.00    0.00     0.00    0.00    0.00    2.37  93.50
sda              0.00      0.00     0.00   0.00    0.00     0.00    0.00      0.00     0.00   0.00    0.00     0.00    0.00      0.00     0.00   0.00    0.00     0.00    0.00    0.00    0.00   0.00


Device            r/s     rMB/s   rrqm/s  %rrqm r_await rareq-sz     w/s     wMB/s   wrqm/s  %wrqm w_await wareq-sz     d/s     dMB/s   drqm/s  %drqm d_await dareq-sz     f/s f_await  aqu-sz  %util
loop0            0.00      0.00     0.00   0.00    0.00     0.00    0.00      0.00     0.00   0.00    0.00     0.00    0.00      0.00     0.00   0.00    0.00     0.00    0.00    0.00    0.00   0.00
nvme0n1       12847.00    200.73     0.00   0.00    0.17    16.00 6988.00    131.75  1588.00  18.52    0.04    19.31    0.00      0.00     0.00   0.00    0.00     0.00    0.00    0.00    2.40  94.00
sda              0.00      0.00     0.00   0.00    0.00     0.00    0.00      0.00     0.00   0.00    0.00     0.00    0.00      0.00     0.00   0.00    0.00     0.00    0.00    0.00    0.00   0.00


Device            r/s     rMB/s   rrqm/s  %rrqm r_await rareq-sz     w/s     wMB/s   wrqm/s  %wrqm w_await wareq-sz     d/s     dMB/s   drqm/s  %drqm d_await dareq-sz     f/s f_await  aqu-sz  %util
loop0            0.00      0.00     0.00   0.00    0.00     0.00    0.00      0.00     0.00   0.00    0.00     0.00    0.00      0.00     0.00   0.00    0.00     0.00    0.00    0.00    0.00   0.00
nvme0n1       12721.00    198.77     0.00   0.00    0.17    16.00 6822.00    129.25  1548.00  18.49    0.04    19.40    0.00      0.00     0.00   0.00    0.00     0.00    0.00    0.00    2.37  93.10
sda              0.00      0.00     0.00   0.00    0.00     0.00    0.00      0.00     0.00   0.00    0.00     0.00    0.00      0.00     0.00   0.00    0.00     0.00    0.00    0.00    0.00   0.00


Device            r/s     rMB/s   rrqm/s  %rrqm r_await rareq-sz     w/s     wMB/s   wrqm/s  %wrqm w_await wareq-sz     d/s     dMB/s   drqm/s  %drqm d_await dareq-sz     f/s f_await  aqu-sz  %util
loop0            0.00      0.00     0.00   0.00    0.00     0.00    0.00      0.00     0.00   0.00    0.00     0.00    0.00      0.00     0.00   0.00    0.00     0.00    0.00    0.00    0.00   0.00
nvme0n1       12721.00    198.77     0.00   0.00    0.17    16.00 6939.00    131.76  1560.00  18.36    0.04    19.44    0.00      0.00     0.00   0.00    0.00     0.00    0.00    0.00    2.37  93.20
sda              0.00      0.00     0.00   0.00    0.00     0.00    3.00      0.15    36.00  92.31    0.00    52.00    0.00      0.00     0.00   0.00    0.00     0.00    2.00    0.00    0.00   0.00


Device            r/s     rMB/s   rrqm/s  %rrqm r_await rareq-sz     w/s     wMB/s   wrqm/s  %wrqm w_await wareq-sz     d/s     dMB/s   drqm/s  %drqm d_await dareq-sz     f/s f_await  aqu-sz  %util
loop0            0.00      0.00     0.00   0.00    0.00     0.00    0.00      0.00     0.00   0.00    0.00     0.00    0.00      0.00     0.00   0.00    0.00     0.00    0.00    0.00    0.00   0.00
nvme0n1       12712.00    198.62     0.00   0.00    0.17    16.00 6859.00    129.17  1551.00  18.44    0.04    19.28    0.00      0.00     0.00   0.00    0.00     0.00    0.00    0.00    2.38  95.70
sda              1.00      0.00     0.00   0.00    0.00     4.00   45.00      0.20     6.00  11.76    0.18     4.53    0.00      0.00     0.00   0.00    0.00     0.00    0.00    0.00    0.01   0.10


Device            r/s     rMB/s   rrqm/s  %rrqm r_await rareq-sz     w/s     wMB/s   wrqm/s  %wrqm w_await wareq-sz     d/s     dMB/s   drqm/s  %drqm d_await dareq-sz     f/s f_await  aqu-sz  %util
loop0            0.00      0.00     0.00   0.00    0.00     0.00    0.00      0.00     0.00   0.00    0.00     0.00    0.00      0.00     0.00   0.00    0.00     0.00    0.00    0.00    0.00   0.00
nvme0n1       12837.00    200.58     0.00   0.00    0.17    16.00 6683.00    124.93  1544.00  18.77    0.04    19.14    0.00      0.00     0.00   0.00    0.00     0.00    0.00    0.00    2.40  94.80
sda              0.00      0.00     0.00   0.00    0.00     0.00   26.00      0.34    13.00  33.33    0.38    13.38    0.00      0.00     0.00   0.00    0.00     0.00    0.00    0.00    0.01   0.10


Device            r/s     rMB/s   rrqm/s  %rrqm r_await rareq-sz     w/s     wMB/s   wrqm/s  %wrqm w_await wareq-sz     d/s     dMB/s   drqm/s  %drqm d_await dareq-sz     f/s f_await  aqu-sz  %util
loop0            0.00      0.00     0.00   0.00    0.00     0.00    0.00      0.00     0.00   0.00    0.00     0.00    0.00      0.00     0.00   0.00    0.00     0.00    0.00    0.00    0.00   0.00
nvme0n1       12672.00    198.02     0.00   0.00    0.17    16.00 6982.00    133.26  1553.00  18.20    0.04    19.54    0.00      0.00     0.00   0.00    0.00     0.00    0.00    0.00    2.39  93.80
sda              0.00      0.00     0.00   0.00    0.00     0.00    0.00      0.00     0.00   0.00    0.00     0.00    0.00      0.00     0.00   0.00    0.00     0.00    0.00    0.00    0.00   0.00


Device            r/s     rMB/s   rrqm/s  %rrqm r_await rareq-sz     w/s     wMB/s   wrqm/s  %wrqm w_await wareq-sz     d/s     dMB/s   drqm/s  %drqm d_await dareq-sz     f/s f_await  aqu-sz  %util
loop0            0.00      0.00     0.00   0.00    0.00     0.00    0.00      0.00     0.00   0.00    0.00     0.00    0.00      0.00     0.00   0.00    0.00     0.00    0.00    0.00    0.00   0.00
nvme0n1       12638.00    197.45     0.00   0.00    0.17    16.00 6601.00    123.43  1579.00  19.30    0.04    19.15    0.00      0.00     0.00   0.00    0.00     0.00    0.00    0.00    2.36  93.20
sda              0.00      0.00     0.00   0.00    0.00     0.00    0.00      0.00     0.00   0.00    0.00     0.00    0.00      0.00     0.00   0.00    0.00     0.00    0.00    0.00    0.00   0.00

